mine_id,month,year,planned_production_tpd,actual_production_tpd,rainfall_mm,equipment_availability_pct,blasting_days,haul_road_condition,crusher_capacity_tpd,num_dumpers,num_shovels,shortfall_risk,lag_1,lag_2,lag_3
Mine_A_Dongri_Buzurg,1,2016,1288.4778467142824,1142.0582946805177,41.277954689628885,0.8779487526079018,19,4,1516.8723016250108,8,3,High,1142.0582946805177,1142.0582946805177,1142.0582946805177
Mine_A_Dongri_Buzurg,2,2016,808.2745928904228,945.9242814327197,31.35451802186785,0.9965325440999856,24,4,959.6783377197739,7,4,Low,1142.0582946805177,1142.0582946805177,1142.0582946805177
Mine_A_Dongri_Buzurg,3,2016,589.3580044105928,366.5274962839228,41.062572784564594,0.8608469465633521,19,3,750.2587593790792,5,4,High,945.9242814327197,1142.0582946805177,1142.0582946805177
Mine_A_Dongri_Buzurg,4,2016,1318.5449737612566,1083.0522979168563,47.45886907889286,0.9594626025598504,23,3,1598.4183944841795,7,3,High,366.5274962839228,945.9242814327197,1142.0582946805177
Mine_A_Dongri_Buzurg,5,2016,1131.9610379319595,705.1865433565215,31.54387974997066,0.9181701608502552,19,5,1371.3301033064308,5,2,High,1083.0522979168563,366.5274962839228,945.9242814327197
Mine_A_Dongri_Buzurg,6,2016,537.2747211515644,161.18241634546933,320.5181788608932,0.6789687952682076,11,1,639.6293387960479,6,4,High,705.1865433565215,1083.0522979168563,366.5274962839228
Mine_A_Dongri_Buzurg,7,2016,1381.4398074086148,414.43194222258444,456.9780046043976,0.6887649588582644,8,1,1607.9553543688407,8,2,High,161.18241634546933,705.1865433565215,1083.0522979168563
Mine_A_Dongri_Buzurg,8,2016,1167.9279200461428,350.37837601384285,406.5837147454605,0.7548672246141275,12,2,1488.7519598305191,7,2,High,414.43194222258444,161.18241634546933,705.1865433565215
Mine_A_Dongri_Buzurg,9,2016,501.127977765764,150.3383933297292,207.79319123985945,0.7948828222086262,6,1,593.5406202623169,7,2,High,350.37837601384285,414.43194222258444,161.18241634546933
Mine_A_Dongri_Buzurg,10,2016,1047.4291366508605,775.8755788993475,17.41918714927253,0.839999974170424,23,5,1350.442612147424,6,2,High,150.3383933297292,350.37837601384285,414.43194222258444
Mine_A_Dongri_Buzurg,11,2016,1177.8789303816661,1472.3486629770828,11.855883306451076,0.9816386305855613,23,5,1478.478979783835,8,4,Low,775.8755788993475,150.3383933297292,350.37837601384285
Mine_A_Dongri_Buzurg,12,2016,1171.964648175644,793.8876777267327,27.35230092126771,0.8023822748350335,21,4,1415.1089712019377,6,3,High,1472.3486629770828,775.8755788993475,150.3383933297292
Mine_A_Dongri_Buzurg,1,2017,697.8860746335503,612.3745438995038,33.89222487612231,0.8566359443638063,15,5,811.2077722885758,7,4,High,793.8876777267327,1472.3486629770828,775.8755788993475
Mine_A_Dongri_Buzurg,2,2017,975.7750076481639,810.9856120863457,17.05662889991838,0.9566010935812395,25,5,1251.099641019238,6,2,High,612.3745438995038,793.8876777267327,1472.3486629770828
Mine_A_Dongri_Buzurg,3,2017,583.5520956094258,309.9281136259964,6.005969157655028,0.9858029880543201,20,3,651.3091367523814,5,2,High,810.9856120863457,612.3745438995038,793.8876777267327
Mine_A_Dongri_Buzurg,4,2017,919.9305258085008,462.5816180724637,45.33149843064713,0.8829643483650655,22,3,1185.1731827950966,5,2,High,309.9281136259964,810.9856120863457,612.3745438995038
Mine_A_Dongri_Buzurg,5,2017,1197.5107633586895,745.6167104806414,2.6109693330775565,0.8315704078993479,16,4,1449.288236874084,5,4,High,462.5816180724637,309.9281136259964,810.9856120863457
Mine_A_Dongri_Buzurg,6,2017,561.6401382820252,168.49204148460754,278.64483957309733,0.7734315517078647,11,1,642.336188096249,5,3,High,745.6167104806414,462.5816180724637,309.9281136259964
Mine_A_Dongri_Buzurg,7,2017,886.0986253371336,265.8295876011401,402.33914247741336,0.691265086395273,8,1,1111.9375333797836,5,2,High,168.49204148460754,745.6167104806414,462.5816180724637
Mine_A_Dongri_Buzurg,8,2017,723.2196962546618,216.96590887639854,278.38686109837045,0.7413476344667782,14,1,811.1495581432192,5,4,High,265.8295876011401,168.49204148460754,745.6167104806414
Mine_A_Dongri_Buzurg,9,2017,749.9475952050318,224.98427856150954,282.3681229898462,0.6169666382680328,8,2,936.649865831778,6,4,High,216.96590887639854,265.8295876011401,168.49204148460754
Mine_A_Dongri_Buzurg,10,2017,726.6412981339414,525.0171772096446,39.48390999221809,0.8063715523416807,21,3,912.0284879095962,7,3,High,224.98427856150954,216.96590887639854,265.8295876011401
Mine_A_Dongri_Buzurg,11,2017,1343.2542663038435,880.6323813577314,23.80001431795109,0.8300708800160614,15,5,1542.169305275486,6,3,High,525.0171772096446,224.98427856150954,216.96590887639854
Mine_A_Dongri_Buzurg,12,2017,958.1021321108549,813.2397187521134,23.75508429185545,0.9621322237070695,16,5,1145.2599896835588,8,2,High,880.6323813577314,525.0171772096446,224.98427856150954
Mine_A_Dongri_Buzurg,1,2018,1008.5316066113023,551.1565916927558,23.616795617948956,0.8901386101018911,22,3,1184.787530161725,5,2,High,813.2397187521134,880.6323813577314,525.0171772096446
Mine_A_Dongri_Buzurg,2,2018,1245.8697034429224,1439.0343797775702,28.862532851570418,0.9495953068284415,24,4,1510.1768849339014,7,4,Low,551.1565916927558,813.2397187521134,880.6323813577314
Mine_A_Dongri_Buzurg,3,2018,722.7686915842257,903.4608644802822,18.82758553826513,0.9789967101491903,24,5,836.0825947863678,7,4,Low,1439.0343797775702,551.1565916927558,813.2397187521134
Mine_A_Dongri_Buzurg,4,2018,1309.7178303500243,795.5279710452572,23.675411566928272,0.9027760067738235,15,4,1685.9826045515306,5,3,High,903.4608644802822,1439.0343797775702,551.1565916927558
Mine_A_Dongri_Buzurg,5,2018,1281.9997524915143,937.3792809724629,22.435160080837967,0.9146446090296614,22,3,1529.7629268648143,5,4,High,795.5279710452572,903.4608644802822,1439.0343797775702
Mine_A_Dongri_Buzurg,6,2018,640.9954444137891,192.29863332413672,363.08413294728234,0.7858300364491144,8,1,742.1083378838708,5,4,High,937.3792809724629,795.5279710452572,903.4608644802822
Mine_A_Dongri_Buzurg,7,2018,721.5100689848177,216.4530206954453,249.98895820614894,0.6351106571244778,7,1,869.8844111358602,8,2,High,192.29863332413672,937.3792809724629,795.5279710452572
Mine_A_Dongri_Buzurg,8,2018,1292.3934802564897,387.7180440769469,376.9333187664917,0.7050436920315316,13,1,1495.685207016113,6,2,High,216.4530206954453,192.29863332413672,937.3792809724629
Mine_A_Dongri_Buzurg,9,2018,809.8028293209395,242.94084879628184,257.79150221144835,0.6591270914677682,13,1,962.9470120368172,7,2,High,387.7180440769469,216.4530206954453,192.29863332413672
Mine_A_Dongri_Buzurg,10,2018,661.0645133042254,588.4435993621054,2.1025043151022773,0.9173785524564685,20,3,815.7078102400501,7,4,High,242.94084879628184,387.7180440769469,216.4530206954453
Mine_A_Dongri_Buzurg,11,2018,985.3226307647758,814.3815990343596,24.647025182663995,0.8293670222838492,15,4,1178.7100264196201,8,4,High,588.4435993621054,242.94084879628184,387.7180440769469
Mine_A_Dongri_Buzurg,12,2018,1468.628781449544,1744.8635278378542,4.051277215422877,0.8890605092418058,22,5,1627.138384772032,8,4,Low,814.3815990343596,588.4435993621054,242.94084879628184
Mine_A_Dongri_Buzurg,1,2019,1133.3148177882042,1003.0765733238776,12.573219027311266,0.9527244927706529,16,3,1375.7078232426363,8,4,High,1744.8635278378542,814.3815990343596,588.4435993621054
Mine_A_Dongri_Buzurg,2,2019,1465.5075526946384,825.9072794942412,17.42886420585357,0.823463201805142,20,4,1646.746045915146,5,2,High,1003.0765733238776,1744.8635278378542,814.3815990343596
Mine_A_Dongri_Buzurg,3,2019,563.1291958856309,282.2901237366567,1.5503411933874445,0.8538814101187857,15,4,704.993745566325,5,2,High,825.9072794942412,1003.0765733238776,1744.8635278378542
Mine_A_Dongri_Buzurg,4,2019,896.9364377524419,736.2032623238144,1.768105534411235,0.8024685896592155,15,5,1050.8212437624468,7,4,High,282.2901237366567,825.9072794942412,1003.0765733238776
Mine_A_Dongri_Buzurg,5,2019,1255.0255908674653,1143.5812661053717,37.95630379328049,0.9106121468011206,16,5,1428.6195106608966,8,3,Medium,736.2032623238144,282.2901237366567,825.9072794942412
Mine_A_Dongri_Buzurg,6,2019,1468.2864831101112,440.48594493303335,399.7331208050546,0.745100436042333,8,2,1694.1477639115428,5,3,High,1143.5812661053717,736.2032623238144,282.2901237366567
Mine_A_Dongri_Buzurg,7,2019,1141.1603887043884,342.3481166113165,385.2122445090702,0.7764275559383096,6,1,1306.1498847748412,6,2,High,440.48594493303335,1143.5812661053717,736.2032623238144
Mine_A_Dongri_Buzurg,8,2019,1461.98252673233,438.594758019699,485.850179978827,0.6404295240911159,7,1,1627.521601269047,6,3,High,342.3481166113165,440.48594493303335,1143.5812661053717
Mine_A_Dongri_Buzurg,9,2019,1028.839051497057,308.6517154491171,211.85934803224382,0.6113946853799654,10,2,1227.1612778581969,5,3,High,438.594758019699,342.3481166113165,440.48594493303335
Mine_A_Dongri_Buzurg,10,2019,507.5634146406074,287.47223404270926,17.73839783325289,0.9327076891600461,25,3,621.8697272810101,5,2,High,308.6517154491171,438.594758019699,342.3481166113165
Mine_A_Dongri_Buzurg,11,2019,902.4183754765112,561.0961277992999,33.970530621556385,0.8546233081726575,15,4,994.4710867606283,8,2,High,287.47223404270926,308.6517154491171,438.594758019699
Mine_A_Dongri_Buzurg,12,2019,1201.0068094032677,1108.2836991409279,7.666789045926004,0.911996483102726,18,4,1528.8016430090315,7,4,Medium,561.0961277992999,287.47223404270926,308.6517154491171
Mine_A_Dongri_Buzurg,1,2020,1047.67535201082,940.813357661222,38.06053430027509,0.8811923357419164,20,3,1190.3780515988137,7,4,High,1108.2836991409279,561.0961277992999,287.47223404270926
Mine_A_Dongri_Buzurg,2,2020,1008.1204273825791,920.7121689280899,27.26959581040309,0.924042106468239,25,5,1155.9077879150648,7,2,Medium,940.813357661222,1108.2836991409279,561.0961277992999
Mine_A_Dongri_Buzurg,3,2020,1474.6475929889423,1133.4746709698013,9.520954997366166,0.8304907611845534,21,3,1821.1511723482563,6,4,High,920.7121689280899,940.813357661222,1108.2836991409279
Mine_A_Dongri_Buzurg,4,2020,1163.8810596638405,996.7759798844934,38.529507171304395,0.9298853701553546,24,5,1409.6509519727085,5,3,High,1133.4746709698013,920.7121689280899,940.813357661222
Mine_A_Dongri_Buzurg,5,2020,1051.4785654566867,1089.1890882495993,49.46461158562847,0.967194710540162,19,5,1182.744219251054,8,3,Low,996.7759798844934,1133.4746709698013,920.7121689280899
Mine_A_Dongri_Buzurg,6,2020,1344.760891524064,403.4282674572192,334.02902324788727,0.74192870615668,10,1,1483.4245762496314,7,3,High,1089.1890882495993,996.7759798844934,1133.4746709698013
Mine_A_Dongri_Buzurg,7,2020,1229.2202068154315,475.9989187662851,284.15348752691426,0.6684899751236457,14,2,1419.392859101804,8,4,High,403.4282674572192,1089.1890882495993,996.7759798844934
Mine_A_Dongri_Buzurg,8,2020,1245.8264491828113,373.74793475484336,488.9372583261767,0.7832735933201643,9,2,1581.9668621912022,6,2,High,475.9989187662851,403.4282674572192,1089.1890882495993
Mine_A_Dongri_Buzurg,9,2020,690.2705267689872,207.08115803069617,280.9660283498057,0.6562526684397834,8,1,795.6695023027207,7,3,High,373.74793475484336,475.9989187662851,403.4282674572192
Mine_A_Dongri_Buzurg,10,2020,511.70073692818465,280.3100707178507,43.65909563012359,0.9523381168948444,18,3,626.7728980844362,5,2,High,207.08115803069617,373.74793475484336,475.9989187662851
Mine_A_Dongri_Buzurg,11,2020,1369.9607308837462,1405.0630271565503,8.464489667591884,0.9585277174629823,23,4,1718.446020989863,8,3,Low,280.3100707178507,207.08115803069617,373.74793475484336
Mine_A_Dongri_Buzurg,12,2020,584.9618736293132,626.3540249267227,42.920382016849516,0.9453908631899683,23,5,717.4331083123683,7,3,Low,1405.0630271565503,280.3100707178507,207.08115803069617
Mine_A_Dongri_Buzurg,1,2021,1363.2764837571206,795.6359012134558,37.792898264046556,0.8444076846379146,16,4,1568.3020875783761,7,2,High,626.3540249267227,1405.0630271565503,280.3100707178507
Mine_A_Dongri_Buzurg,2,2021,880.061229432659,748.9255918029514,34.58803060075158,0.9796234549063456,16,5,1081.3454453989827,6,3,High,795.6359012134558,626.3540249267227,1405.0630271565503
Mine_A_Dongri_Buzurg,3,2021,1033.4421476828438,747.0180069767266,36.81890534329022,0.970433932413456,15,4,1323.474918559209,6,3,High,748.9255918029514,795.6359012134558,626.3540249267227
Mine_A_Dongri_Buzurg,4,2021,726.3228118796889,656.4840114787223,5.989328608620104,0.9311346763630264,25,4,871.2930047904617,6,3,Medium,747.0180069767266,748.9255918029514,795.6359012134558
Mine_A_Dongri_Buzurg,5,2021,612.5672263958538,515.6295940498458,38.75365936998389,0.9034030860234631,16,4,743.0620523790101,8,3,High,656.4840114787223,747.0180069767266,748.9255918029514
Mine_A_Dongri_Buzurg,6,2021,1232.9810820400455,369.89432461201363,263.19602100145636,0.7664334006033601,11,1,1534.4932818802588,7,3,High,515.6295940498458,656.4840114787223,747.0180069767266
Mine_A_Dongri_Buzurg,7,2021,1335.2301366722784,573.5952763114364,203.16135392634055,0.7976414013198859,14,2,1670.0786233793929,5,4,High,369.89432461201363,515.6295940498458,656.4840114787223
Mine_A_Dongri_Buzurg,8,2021,1175.045229007838,352.5135687023514,281.8660447325402,0.7096717012884396,8,1,1524.9866509436802,5,2,High,573.5952763114364,369.89432461201363,515.6295940498458
Mine_A_Dongri_Buzurg,9,2021,1195.6473199958627,438.0770582717714,240.79375085716993,0.7717813484198153,11,2,1526.8789455011984,7,3,High,352.5135687023514,573.5952763114364,369.89432461201363
Mine_A_Dongri_Buzurg,10,2021,904.0090173833421,571.7904318708448,49.57065751026335,0.8963620307850517,17,3,1048.0244476262203,8,2,High,438.0770582717714,352.5135687023514,573.5952763114364
Mine_A_Dongri_Buzurg,11,2021,1237.0674563495375,1255.9730717799632,0.7037073055151888,0.8293175351147615,22,4,1515.9994070494984,8,4,Low,571.7904318708448,438.0770582717714,352.5135687023514
Mine_A_Dongri_Buzurg,12,2021,1127.3623041683445,1145.5251635653542,46.19082917158309,0.9686638129907035,23,4,1425.0185473736135,7,3,Low,1255.9730717799632,571.7904318708448,438.0770582717714
Mine_A_Dongri_Buzurg,1,2022,1268.6220118713704,1118.0587942692812,26.118176571078617,0.960903088646098,20,3,1468.1639694894793,6,4,High,1145.5251635653542,1255.9730717799632,571.7904318708448
Mine_A_Dongri_Buzurg,2,2022,897.140557772233,865.9115302148847,25.923019688622713,0.8800582160861923,19,5,1101.627177838226,8,3,Low,1118.0587942692812,1145.5251635653542,1255.9730717799632
Mine_A_Dongri_Buzurg,3,2022,795.9251616681222,454.37203098590544,19.77615365444726,0.8835287568892406,24,4,981.0422749186658,5,2,High,865.9115302148847,1118.0587942692812,1145.5251635653542
Mine_A_Dongri_Buzurg,4,2022,1272.1233231764754,1042.7065075107598,25.729159126843694,0.942469051484377,20,5,1539.9372008851788,5,3,High,454.37203098590544,865.9115302148847,1118.0587942692812
Mine_A_Dongri_Buzurg,5,2022,745.7857567251476,482.04839441669793,23.11963058510187,0.8748049891605184,20,3,938.7033214901558,6,3,High,1042.7065075107598,454.37203098590544,865.9115302148847
Mine_A_Dongri_Buzurg,6,2022,547.1543533341094,164.1463060002328,277.48995166452715,0.6521249245789388,14,2,701.3941481872686,6,4,High,482.04839441669793,1042.7065075107598,454.37203098590544
Mine_A_Dongri_Buzurg,7,2022,1082.0673119912658,324.62019359737974,445.3772248712497,0.7115156120565926,8,2,1401.9512419307111,6,3,High,164.1463060002328,482.04839441669793,1042.7065075107598
Mine_A_Dongri_Buzurg,8,2022,723.4256343254285,217.02769029762854,417.9349993094173,0.6834584656098852,9,2,833.7019427264205,7,2,High,324.62019359737974,164.1463060002328,482.04839441669793
Mine_A_Dongri_Buzurg,9,2022,1254.4383997061896,376.33151991185684,231.31379650819855,0.7419044277272333,9,1,1589.2103937669167,6,3,High,217.02769029762854,324.62019359737974,164.1463060002328
Mine_A_Dongri_Buzurg,10,2022,1030.206869705227,551.8480989295908,9.13469846645205,0.8690232674907125,21,4,1230.6727105664236,5,2,High,376.33151991185684,217.02769029762854,324.62019359737974
Mine_A_Dongri_Buzurg,11,2022,1285.1312863373637,826.081703145955,41.56015518805696,0.9647655285383934,24,3,1443.3973514769482,6,2,High,551.8480989295908,376.33151991185684,217.02769029762854
Mine_A_Dongri_Buzurg,12,2022,1392.1463498778598,1002.4204364260946,23.774255725884696,0.9716315189591102,17,3,1677.2847555747524,7,3,High,826.081703145955,551.8480989295908,376.33151991185684
Mine_A_Dongri_Buzurg,1,2023,520.3508804834556,349.7554911155962,47.86502685545151,0.8452820976163457,16,4,603.4460282508157,5,4,High,1002.4204364260946,826.081703145955,551.8480989295908
Mine_A_Dongri_Buzurg,2,2023,1029.443418326181,1144.414780797986,26.661443285934684,0.9700224823213598,21,5,1303.166387204878,8,3,Low,349.7554911155962,1002.4204364260946,826.081703145955
Mine_A_Dongri_Buzurg,3,2023,1070.9992652187489,644.9765033933488,42.07921110632112,0.9258952102847258,16,3,1298.0031423178848,6,3,High,1144.414780797986,349.7554911155962,1002.4204364260946
Mine_A_Dongri_Buzurg,4,2023,678.6111013716429,505.5480218714897,30.2636810922013,0.8984925772080675,21,4,797.4297140411915,5,3,High,644.9765033933488,1144.414780797986,349.7554911155962
Mine_A_Dongri_Buzurg,5,2023,747.6487714011475,560.6698939653209,15.063085734040804,0.855480208996555,23,4,874.0523087722019,8,2,High,505.5480218714897,644.9765033933488,1144.414780797986
Mine_A_Dongri_Buzurg,6,2023,1216.6238974455764,364.9871692336729,241.4874855196141,0.7513488748590481,9,1,1534.8341415496307,5,3,High,560.6698939653209,505.5480218714897,644.9765033933488
Mine_A_Dongri_Buzurg,7,2023,1007.8664225106462,302.35992675319386,485.82881256930034,0.7679669770480336,9,2,1185.076423273254,8,3,High,364.9871692336729,560.6698939653209,505.5480218714897
Mine_A_Dongri_Buzurg,8,2023,1470.5062362269096,441.1518708680729,304.02591285479525,0.7112582409430048,13,2,1836.1844008530759,5,3,High,302.35992675319386,364.9871692336729,560.6698939653209
Mine_A_Dongri_Buzurg,9,2023,978.8290194717163,293.64870584151487,443.1033882734554,0.6650812989391296,5,2,1091.7023066272873,5,2,High,441.1518708680729,302.35992675319386,364.9871692336729
Mine_A_Dongri_Buzurg,10,2023,941.294679011028,613.0145314508045,26.05238292319964,0.930477921679413,15,4,1126.443735308715,5,4,High,293.64870584151487,441.1518708680729,302.35992675319386
Mine_A_Dongri_Buzurg,11,2023,1369.2255556262621,800.4548678357397,45.59970756725246,0.919412028229331,16,4,1584.3260892911055,6,2,High,613.0145314508045,293.64870584151487,441.1518708680729
Mine_A_Dongri_Buzurg,12,2023,1395.7219067341607,1501.6374579960334,22.40569477980391,0.9790872018563963,20,5,1566.29711604763,6,4,Low,800.4548678357397,613.0145314508045,293.64870584151487
Mine_A_Dongri_Buzurg,1,2024,649.3854451431393,447.1674371286389,7.077443776572928,0.9695912368252733,18,3,796.9963712936515,5,4,High,1501.6374579960334,800.4548678357397,613.0145314508045
Mine_A_Dongri_Buzurg,2,2024,791.2126542453216,411.35808219920744,26.09117325594923,0.8330464431336212,18,4,941.4357466063741,5,2,High,447.1674371286389,1501.6374579960334,800.4548678357397
Mine_A_Dongri_Buzurg,3,2024,1434.5760777385806,1022.4615476562709,15.663302726226608,0.865829862998649,25,3,1688.809140621216,8,2,High,411.35808219920744,447.1674371286389,1501.6374579960334
Mine_A_Dongri_Buzurg,4,2024,1497.2612227632026,1871.5765284540032,28.36266337488794,0.9771877684035066,25,4,1734.87729089552,8,4,Low,1022.4615476562709,411.35808219920744,447.1674371286389
Mine_A_Dongri_Buzurg,5,2024,815.1480674507718,784.479049322813,24.62133595442549,0.9571891312950653,24,5,1007.3603928809872,8,2,Low,1871.5765284540032,1022.4615476562709,411.35808219920744
Mine_A_Dongri_Buzurg,6,2024,682.4156242119931,204.72468726359793,459.56106713528953,0.6449724029560524,14,2,813.6193663164663,5,2,High,784.479049322813,1871.5765284540032,1022.4615476562709
Mine_A_Dongri_Buzurg,7,2024,1346.5800119277592,403.97400357832777,375.5852132120426,0.6529536876561316,12,2,1710.3974778743882,8,4,High,204.72468726359793,784.479049322813,1871.5765284540032
Mine_A_Dongri_Buzurg,8,2024,1190.6295810552442,367.38800710223154,318.8047270801052,0.7619035629825631,14,1,1464.0350784545722,8,4,High,403.97400357832777,204.72468726359793,784.479049322813
Mine_A_Dongri_Buzurg,9,2024,1109.1746081984597,332.7523824595379,446.77439427032937,0.6013119487789704,12,2,1380.0162611974895,8,2,High,367.38800710223154,403.97400357832777,204.72468726359793
Mine_A_Dongri_Buzurg,10,2024,980.8033886726205,494.93043923112293,0.3281936858058776,0.9827006436210614,17,3,1220.887758581789,5,2,High,332.7523824595379,367.38800710223154,403.97400357832777
Mine_A_Dongri_Buzurg,11,2024,1415.8056141016784,1051.8156503234504,7.9145672061053,0.9969077384596992,18,5,1789.1302387095484,6,2,High,494.93043923112293,332.7523824595379,367.38800710223154
Mine_A_Dongri_Buzurg,12,2024,565.415393973499,438.2049554662967,23.942177234277956,0.8891347713449647,24,3,686.1914234372438,8,2,High,1051.8156503234504,494.93043923112293,332.7523824595379
Mine_A_Dongri_Buzurg,1,2025,1437.929346890246,1131.627454718255,48.449638366243576,0.8075678591418046,20,5,1677.321052830378,5,4,High,438.2049554662967,1051.8156503234504,494.93043923112293
Mine_A_Dongri_Buzurg,2,2025,1234.1536040820042,731.6906110093186,8.83790238372465,0.8575471675377035,17,4,1390.0991515970522,7,2,High,1131.627454718255,438.2049554662967,1051.8156503234504
Mine_A_Dongri_Buzurg,3,2025,661.1655744380381,435.22275317783686,34.50411202862363,0.9216623407447391,21,5,835.9281913548326,5,2,High,731.6906110093186,1131.627454718255,438.2049554662967
Mine_A_Dongri_Buzurg,4,2025,720.1884318114616,345.0113287501031,7.947863079130046,0.8887360637350913,15,3,800.6329262848803,6,2,High,435.22275317783686,731.6906110093186,1131.627454718255
Mine_A_Dongri_Buzurg,5,2025,561.9576731946157,419.78722444031695,9.871995620343066,0.9369476082630089,15,5,666.918049744416,6,3,High,345.0113287501031,435.22275317783686,731.6906110093186
Mine_A_Dongri_Buzurg,6,2025,858.9264963014645,257.6779488904393,244.91140184646179,0.6950912206010422,7,2,1010.7749124581026,5,2,High,419.78722444031695,345.0113287501031,435.22275317783686
Mine_A_Dongri_Buzurg,7,2025,1383.332343524787,414.9997030574361,497.856632495763,0.6066902761477635,5,2,1688.5387334339441,7,2,High,257.6779488904393,419.78722444031695,345.0113287501031
Mine_A_Dongri_Buzurg,8,2025,610.9246833981158,183.27740501943472,247.83451270115683,0.7127692234650109,10,1,724.7481196245924,8,2,High,414.9997030574361,257.6779488904393,419.78722444031695
Mine_A_Dongri_Buzurg,9,2025,705.0999016340741,211.5299704902222,394.27762341608917,0.7388072948972663,14,2,843.9443134807818,5,4,High,183.27740501943472,414.9997030574361,257.6779488904393
Mine_A_Dongri_Buzurg,10,2025,1016.4127470069337,805.4455955795024,40.92012817481804,0.8725871972918922,17,5,1270.2518678544104,5,4,High,211.5299704902222,183.27740501943472,414.9997030574361
Mine_A_Dongri_Buzurg,11,2025,541.3754009838967,557.4634167831077,8.996067818493708,0.9820412187745007,22,3,661.2418900939426,7,4,Low,805.4455955795024,211.5299704902222,183.27740501943472
Mine_A_Dongri_Buzurg,12,2025,997.2436196044923,602.459890626643,40.987004276945534,0.8007613288802038,15,4,1238.416518891576,6,3,High,557.4634167831077,805.4455955795024,211.5299704902222
Mine_B_Chikla,1,2016,1215.321851676184,828.2713621062601,34.26669976524073,0.9228385924083231,20,3,1482.5614626201486,8,2,High,828.2713621062601,828.2713621062601,828.2713621062601
Mine_B_Chikla,2,2016,1399.0053108138277,876.0694148518577,13.899945673049846,0.8345864174849934,23,3,1644.6982258764042,7,2,High,828.2713621062601,828.2713621062601,828.2713621062601
Mine_B_Chikla,3,2016,1466.610201023334,963.8859701704877,34.55634973564495,0.9785621827607076,22,3,1705.2338903636328,5,2,High,876.0694148518577,828.2713621062601,828.2713621062601
Mine_B_Chikla,4,2016,1228.2934881150331,929.2456688944028,1.2312955417020433,0.9641603711572376,16,3,1584.1006776977813,6,4,High,963.8859701704877,876.0694148518577,828.2713621062601
Mine_B_Chikla,5,2016,1357.6082056905198,878.0668511452053,33.03049893557174,0.9166892164130374,16,4,1553.7166445122543,5,3,High,929.2456688944028,963.8859701704877,876.0694148518577
Mine_B_Chikla,6,2016,911.1734356622173,273.3520306986652,263.77445557907885,0.7719955898358186,9,1,1150.491819450812,7,3,High,878.0668511452053,929.2456688944028,963.8859701704877
Mine_B_Chikla,7,2016,648.3101437311116,194.49304311933346,319.32246740446544,0.6653438034250603,7,1,808.6717290733409,6,3,High,273.3520306986652,878.0668511452053,929.2456688944028
Mine_B_Chikla,8,2016,1319.1858418976194,395.7557525692858,419.31165276239403,0.7757690765196597,5,2,1512.0729025815544,8,3,High,194.49304311933346,273.3520306986652,878.0668511452053
Mine_B_Chikla,9,2016,1200.0384210873633,360.011526326209,333.07753112555775,0.6115529637914976,5,2,1452.3699636993963,5,2,High,395.7557525692858,194.49304311933346,273.3520306986652
Mine_B_Chikla,10,2016,738.6387495552804,821.0334697912574,16.51086105222123,0.9573039098507209,21,4,905.2556437906588,8,4,Low,360.011526326209,395.7557525692858,194.49304311933346
Mine_B_Chikla,11,2016,1121.346736400213,709.1185923242338,12.161901241074863,0.8015468263408587,22,3,1278.0053246497487,8,2,High,821.0334697912574,360.011526326209,395.7557525692858
Mine_B_Chikla,12,2016,845.620607387769,800.3744604968742,33.50129157216742,0.9582618024125134,20,4,1032.520270780355,8,3,Medium,709.1185923242338,821.0334697912574,360.011526326209
Mine_B_Chikla,1,2017,1270.2664598926326,1165.495862943255,13.606698971976295,0.9301666279590249,20,4,1634.2464611494217,8,3,Medium,800.3744604968742,709.1185923242338,821.0334697912574
Mine_B_Chikla,2,2017,1087.421554135763,675.3205918400557,34.281268384484385,0.8379943772940263,23,3,1346.5415405538797,6,3,High,1165.495862943255,800.3744604968742,709.1185923242338
Mine_B_Chikla,3,2017,969.4634023717745,1007.1320149080385,11.213784401168603,0.8268585801144533,21,5,1229.0049559907295,7,4,Low,675.3205918400557,1165.495862943255,800.3744604968742
Mine_B_Chikla,4,2017,632.2633100027149,668.8351968410261,0.42735979114523204,0.974316008080116,24,4,804.1569645374761,6,4,Low,1007.1320149080385,675.3205918400557,1165.495862943255
Mine_B_Chikla,5,2017,1027.574102363254,787.0432104830501,37.65646622653589,0.8824666206718098,24,5,1316.2720086773973,6,2,High,668.8351968410261,1007.1320149080385,675.3205918400557
Mine_B_Chikla,6,2017,826.8653819421156,248.05961458263468,474.0927099059141,0.6047120097870076,8,2,1022.4682541873694,5,3,High,787.0432104830501,668.8351968410261,1007.1320149080385
Mine_B_Chikla,7,2017,704.6203873447004,258.7579412682881,249.15527731051912,0.677259820009348,11,2,866.1079734902249,6,4,High,248.05961458263468,787.0432104830501,668.8351968410261
Mine_B_Chikla,8,2017,533.3618310615467,160.008549318464,455.42601117608467,0.6275998773723405,5,2,622.4059423861598,6,2,High,258.7579412682881,248.05961458263468,787.0432104830501
Mine_B_Chikla,9,2017,1092.538150729945,327.7614452189835,429.729510275448,0.6164377281297977,5,2,1388.6885019590286,8,4,High,160.008549318464,258.7579412682881,248.05961458263468
Mine_B_Chikla,10,2017,504.4189262459988,214.22542943602815,46.47686933814552,0.8079568445289379,20,3,568.7128617076467,5,2,High,327.7614452189835,160.008549318464,258.7579412682881
Mine_B_Chikla,11,2017,1352.232957304497,640.8520689074905,5.416304545120088,0.869146148724441,15,4,1652.2792028011963,5,2,High,214.22542943602815,327.7614452189835,160.008549318464
Mine_B_Chikla,12,2017,1364.0490370286393,1571.345705836644,26.327278712098817,0.8978197263792803,24,5,1679.344469746399,7,4,Low,640.8520689074905,214.22542943602815,327.7614452189835
Mine_B_Chikla,1,2018,861.5834715525057,511.4897935821383,29.725887275619726,0.8002870626497379,15,4,987.6009213477021,8,2,High,1571.345705836644,640.8520689074905,214.22542943602815
Mine_B_Chikla,2,2018,1487.6105714573082,1201.434600917266,23.794190136569604,0.8679521359975193,20,5,1647.2401699715542,6,3,High,511.4897935821383,1571.345705836644,640.8520689074905
Mine_B_Chikla,3,2018,760.8190398107633,476.1696386711255,14.11729557130384,0.8238250838019759,24,4,981.3404319060259,5,2,High,1201.434600917266,511.4897935821383,1571.345705836644
Mine_B_Chikla,4,2018,1290.6170179696614,1007.6175502869605,36.92029526845144,0.9823034078173982,18,3,1635.5409598240499,7,3,High,476.1696386711255,1201.434600917266,511.4897935821383
Mine_B_Chikla,5,2018,1433.6045201984443,1002.5516063955605,35.558017970336394,0.9743594983182637,16,3,1641.1719850810932,6,3,High,1007.6175502869605,476.1696386711255,1201.434600917266
Mine_B_Chikla,6,2018,1166.503060249372,349.9509180748116,395.75939292199877,0.6952391661128609,12,2,1337.360269448481,6,3,High,1002.5516063955605,1007.6175502869605,476.1696386711255
Mine_B_Chikla,7,2018,529.4976753398131,158.84930260194392,495.754426148928,0.7382152522721296,13,1,684.6357851518571,7,3,High,349.9509180748116,1002.5516063955605,1007.6175502869605
Mine_B_Chikla,8,2018,658.2730330381298,197.48190991143895,431.90374859149125,0.7977647679406901,11,2,852.9994723870393,5,4,High,158.84930260194392,349.9509180748116,1002.5516063955605
Mine_B_Chikla,9,2018,766.5981834537508,229.97945503612524,375.29334110028606,0.7513907272933864,14,1,903.8889344467306,6,3,High,197.48190991143895,158.84930260194392,349.9509180748116
Mine_B_Chikla,10,2018,1375.1105860045486,1143.480923653661,47.27204899680355,0.9388147328525551,22,5,1670.613376103574,7,2,High,229.97945503612524,197.48190991143895,158.84930260194392
Mine_B_Chikla,11,2018,621.9165304513543,523.1774779987063,8.527565585031732,0.884758397167102,17,4,721.7542742918461,8,3,High,1143.480923653661,229.97945503612524,197.48190991143895
Mine_B_Chikla,12,2018,1078.0774121774048,725.9606731716816,27.635644534402232,0.9831223265421014,18,4,1214.9866319047521,6,2,High,523.1774779987063,1143.480923653661,229.97945503612524
Mine_B_Chikla,1,2019,1381.2802940597564,1034.2253818881738,44.74628635687253,0.881194505653585,17,4,1725.496722150267,6,4,High,725.9606731716816,523.1774779987063,1143.480923653661
Mine_B_Chikla,2,2019,1140.0670147600417,1020.4424849016677,11.328977335877388,0.8220243991802282,22,5,1457.454878886738,6,4,High,1034.2253818881738,725.9606731716816,523.1774779987063
Mine_B_Chikla,3,2019,607.9920185964133,421.79710163367537,49.72208460855007,0.9522768820641397,21,5,688.2993694517403,5,2,High,1020.4424849016677,1034.2253818881738,725.9606731716816
Mine_B_Chikla,4,2019,1116.9891245835606,931.2199318609709,9.29172780803439,0.9885419647202911,21,3,1234.0860569939084,7,3,High,421.79710163367537,1020.4424849016677,1034.2253818881738
Mine_B_Chikla,5,2019,1055.488808801781,575.8936151463693,40.24189152388837,0.850901418281621,15,4,1198.4848739840181,7,2,High,931.2199318609709,421.79710163367537,1020.4424849016677
Mine_B_Chikla,6,2019,821.394434739107,246.4183304217321,433.14442885737947,0.6343395481256362,12,1,905.8952968818811,7,4,High,575.8936151463693,931.2199318609709,421.79710163367537
Mine_B_Chikla,7,2019,761.7040702280951,228.51122106842854,360.75520329805215,0.7755356500744112,11,1,955.6063181579171,5,3,High,246.4183304217321,575.8936151463693,931.2199318609709
Mine_B_Chikla,8,2019,1015.3959971781844,304.6187991534553,467.19242291821035,0.7852951071950983,12,2,1280.3523197192703,5,2,High,228.51122106842854,246.4183304217321,575.8936151463693
Mine_B_Chikla,9,2019,1118.254971125688,335.47649133770636,401.5660242783915,0.7111158385416231,9,1,1413.5078926486722,7,2,High,304.6187991534553,228.51122106842854,246.4183304217321
Mine_B_Chikla,10,2019,798.2343714502363,585.3523978485074,28.875627305162155,0.9750955908451369,18,5,1005.625806327334,5,3,High,335.47649133770636,304.6187991534553,228.51122106842854
Mine_B_Chikla,11,2019,1435.1487270955677,1112.4276397317822,32.24316653363915,0.8848067072556748,23,5,1777.125783907548,5,3,High,585.3523978485074,335.47649133770636,304.6187991534553
Mine_B_Chikla,12,2019,918.4227362036012,614.6232642289541,31.01032232207511,0.9813511138549349,15,4,1069.6740936239669,8,2,High,1112.4276397317822,585.3523978485074,335.47649133770636
Mine_B_Chikla,1,2020,614.9011496011507,415.5416665668203,41.2244640655621,0.9142615399399574,22,5,750.049760337941,5,2,High,614.6232642289541,1112.4276397317822,585.3523978485074
Mine_B_Chikla,2,2020,1284.5860786893263,1345.5541987959975,7.0212031642703066,0.9580798164567313,18,5,1477.1397805868603,7,4,Low,415.5416665668203,614.6232642289541,1112.4276397317822
Mine_B_Chikla,3,2020,1258.3013378008663,1124.4863651985752,13.452644404623475,0.993423074751358,22,5,1591.1130582250453,7,2,High,1345.5541987959975,415.5416665668203,614.6232642289541
Mine_B_Chikla,4,2020,1107.0307774474968,1220.5670355662678,5.632617896664255,0.9934011574628487,23,5,1364.967525760137,7,3,Low,1124.4863651985752,1345.5541987959975,415.5416665668203
Mine_B_Chikla,5,2020,1305.7075382078979,928.1291848747474,31.323252493899634,0.9117669639366056,21,5,1626.522795948682,6,2,High,1220.5670355662678,1124.4863651985752,1345.5541987959975
Mine_B_Chikla,6,2020,1093.2248750224692,327.96746250674073,297.3572020266182,0.6180673056640402,11,1,1369.2055754548483,6,4,High,928.1291848747474,1220.5670355662678,1124.4863651985752
Mine_B_Chikla,7,2020,1332.1691399013262,399.65074197039786,291.25868891981327,0.7569422757399058,13,1,1545.237545737434,7,4,High,327.96746250674073,928.1291848747474,1220.5670355662678
Mine_B_Chikla,8,2020,1193.4216725085644,358.0265017525693,261.27927038693724,0.7300527398629235,14,1,1382.237353875981,6,2,High,399.65074197039786,327.96746250674073,928.1291848747474
Mine_B_Chikla,9,2020,1247.2518804019273,396.57435729892364,370.80515729739915,0.672573618561766,13,1,1505.0554918512917,8,4,High,358.0265017525693,399.65074197039786,327.96746250674073
Mine_B_Chikla,10,2020,565.7708285490746,275.1430237325886,18.933382785307522,0.8274848701313534,17,4,655.4011994298035,5,2,High,396.57435729892364,358.0265017525693,399.65074197039786
Mine_B_Chikla,11,2020,589.5405445875753,365.5844704626451,22.935550919420063,0.8348914325034145,20,5,653.8232431678098,6,2,High,275.1430237325886,396.57435729892364,358.0265017525693
Mine_B_Chikla,12,2020,564.9242771067193,370.1351475043306,16.240002892684746,0.8005777020475248,15,5,710.7955741839924,8,2,High,365.5844704626451,275.1430237325886,396.57435729892364
Mine_B_Chikla,1,2021,1048.0633765543928,887.6818698127647,23.64271690371288,0.8714698278337574,15,4,1290.4620471723674,8,4,High,370.1351475043306,365.5844704626451,275.1430237325886
Mine_B_Chikla,2,2021,617.8080644872454,284.220417328976,33.41283563136305,0.8117576838891337,16,3,797.3259648805614,5,2,High,887.6818698127647,370.1351475043306,365.5844704626451
Mine_B_Chikla,3,2021,1127.7838132396025,873.3317336281078,23.887157642534284,0.9775747643760491,19,5,1364.6729881621045,5,3,High,284.220417328976,887.6818698127647,370.1351475043306
Mine_B_Chikla,4,2021,1405.6355790920552,1745.5519124698587,26.92125460062852,0.9786606979635092,24,5,1784.3596089012765,6,4,Low,873.3317336281078,284.220417328976,887.6818698127647
Mine_B_Chikla,5,2021,1439.6328964624195,948.6149017992826,45.74234376906324,0.9150399609730159,18,4,1755.6168684918266,7,2,High,1745.5519124698587,873.3317336281078,284.220417328976
Mine_B_Chikla,6,2021,567.1818735601433,176.1744814726625,251.98740449013394,0.6391912475000525,12,1,700.773625116822,7,3,High,948.6149017992826,1745.5519124698587,873.3317336281078
Mine_B_Chikla,7,2021,630.4600643436356,189.1380193030907,457.50855104477796,0.7597195296145138,7,1,746.558995478616,6,3,High,176.1744814726625,948.6149017992826,1745.5519124698587
Mine_B_Chikla,8,2021,865.1978896075416,259.55936688226245,483.85534411498514,0.7209384530803504,13,1,1030.1828532014456,6,2,High,189.1380193030907,176.1744814726625,948.6149017992826
Mine_B_Chikla,9,2021,690.5270149609655,244.0666531797432,233.72756574786226,0.7512280145961153,8,2,774.0571228995428,8,3,High,259.55936688226245,189.1380193030907,176.1744814726625
Mine_B_Chikla,10,2021,1492.6224030611015,1080.3179521438649,13.885237906474506,0.9462968295620066,23,3,1811.3667373996282,7,2,High,244.0666531797432,259.55936688226245,189.1380193030907
Mine_B_Chikla,11,2021,928.931771223621,579.482715694434,36.85409126337043,0.8798076473297131,17,4,1099.3910128867908,5,3,High,1080.3179521438649,244.0666531797432,259.55936688226245
Mine_B_Chikla,12,2021,548.342132339803,475.856075276525,30.41474437120486,0.8715035878345606,17,4,604.6932411696741,8,4,High,579.482715694434,1080.3179521438649,244.0666531797432
Mine_B_Chikla,1,2022,760.9570209264105,401.6273193981035,3.995036628601756,0.9042559104876747,18,3,941.6494735410726,5,2,High,475.856075276525,579.482715694434,1080.3179521438649
Mine_B_Chikla,2,2022,1204.4585257353936,915.1485579631408,27.033811861044377,0.9331572446877535,16,3,1432.5463348276396,6,4,High,401.6273193981035,475.856075276525,579.482715694434
Mine_B_Chikla,3,2022,788.1404223133511,548.3597240022715,27.58576394834038,0.9573409638974462,18,4,941.8225872033287,6,2,High,915.1485579631408,401.6273193981035,475.856075276525
Mine_B_Chikla,4,2022,1201.7065841165572,883.0346855830473,4.287097903563097,0.8777951149234058,16,5,1380.8638226186142,7,3,High,548.3597240022715,915.1485579631408,401.6273193981035
Mine_B_Chikla,5,2022,1148.6622263665263,827.0656274063161,28.616918409942848,0.9014810743324274,22,5,1478.2414029645076,6,2,High,883.0346855830473,548.3597240022715,915.1485579631408
Mine_B_Chikla,6,2022,567.1820928177161,170.15462784531482,482.1832565363095,0.6473963113948089,10,1,690.9818050390371,5,3,High,827.0656274063161,883.0346855830473,548.3597240022715
Mine_B_Chikla,7,2022,1377.156012433054,413.1468037299162,467.03902836099684,0.647635668845074,6,1,1768.7577769815396,5,4,High,170.15462784531482,827.0656274063161,883.0346855830473
Mine_B_Chikla,8,2022,901.3572366028786,270.40717098086355,342.7148383880941,0.6836061822361635,5,2,1068.1790141148565,8,2,High,413.1468037299162,170.15462784531482,827.0656274063161
Mine_B_Chikla,9,2022,1165.3834083547242,349.61502250641723,276.1087598840261,0.6799329811511484,12,1,1324.7220477855442,6,4,High,270.40717098086355,413.1468037299162,170.15462784531482
Mine_B_Chikla,10,2022,1318.7053999196169,1017.6056568148465,47.02292661957668,0.9793252670613009,16,4,1603.6471963413887,5,4,High,349.61502250641723,270.40717098086355,413.1468037299162
Mine_B_Chikla,11,2022,712.9669958000585,412.13837481024655,25.918598701779427,0.8461353110776655,19,4,869.0112838083767,6,2,High,1017.6056568148465,349.61502250641723,270.40717098086355
Mine_B_Chikla,12,2022,1089.6083867339157,726.9068696910905,24.303490855424304,0.9520296882405738,17,3,1340.8469431723665,8,2,High,412.13837481024655,1017.6056568148465,349.61502250641723
Mine_B_Chikla,1,2023,719.9871705170768,535.7967219702194,1.7927069908239168,0.8924823574305051,24,3,850.2388117216277,5,4,High,726.9068696910905,412.13837481024655,1017.6056568148465
Mine_B_Chikla,2,2023,1015.6368284361006,953.2787707890664,17.766688474186488,0.8691764233186408,23,3,1186.8072521635565,8,4,Medium,535.7967219702194,726.9068696910905,412.13837481024655
Mine_B_Chikla,3,2023,705.0196697801637,618.6651535022158,5.5682914689968115,0.9344361577361453,17,4,913.4245542060341,8,3,High,953.2787707890664,535.7967219702194,726.9068696910905
Mine_B_Chikla,4,2023,763.1918306640371,491.3133149371394,39.582166826725754,0.8636814560489335,17,5,936.2756547033941,6,2,High,618.6651535022158,953.2787707890664,535.7967219702194
Mine_B_Chikla,5,2023,763.8495376149723,718.372332597839,11.146045262314514,0.9482143099556345,20,4,918.5840064790564,6,4,Medium,491.3133149371394,618.6651535022158,953.2787707890664
Mine_B_Chikla,6,2023,641.2793846377983,202.93113197837022,207.54650061795553,0.7092309251541116,12,1,741.450623889414,6,4,High,718.372332597839,491.3133149371394,618.6651535022158
Mine_B_Chikla,7,2023,1320.1726574240963,396.05179722722886,368.3561598525182,0.6933309001132985,10,2,1638.1160667105182,5,2,High,202.93113197837022,718.372332597839,491.3133149371394
Mine_B_Chikla,8,2023,1144.7122151245067,492.2821486994997,229.36875907842722,0.7388815570538534,12,2,1299.4159036609724,8,3,High,396.05179722722886,202.93113197837022,718.372332597839
Mine_B_Chikla,9,2023,929.7070725502616,278.9121217650785,486.7931883895482,0.6179331699082419,11,2,1071.3925183004847,8,3,High,492.2821486994997,396.05179722722886,202.93113197837022
Mine_B_Chikla,10,2023,1246.7703032733173,795.4721408375809,48.54094952003112,0.9535460582331186,22,4,1615.7764748703437,5,2,High,278.9121217650785,492.2821486994997,396.05179722722886
Mine_B_Chikla,11,2023,1203.9905967932577,918.304808812261,49.51129886310958,0.9306898634910714,18,3,1364.3207301342122,7,3,High,795.4721408375809,278.9121217650785,492.2821486994997
Mine_B_Chikla,12,2023,568.1290846218925,382.8497789891289,22.68023328726939,0.8630368866465941,16,3,725.237276131847,7,3,High,918.304808812261,795.4721408375809,278.9121217650785
Mine_B_Chikla,1,2024,1339.3056086502263,974.6119032981757,2.569624350081207,0.9002991632508032,16,3,1528.8778586977826,7,3,High,382.8497789891289,918.304808812261,795.4721408375809
Mine_B_Chikla,2,2024,671.3769274284019,622.0000657933928,1.036993900742833,0.9302906326462917,16,4,817.3335959363641,8,4,Medium,974.6119032981757,382.8497789891289,918.304808812261
Mine_B_Chikla,3,2024,1490.1778479098712,1497.1691350099004,7.549162673051707,0.9764202847375836,21,4,1655.7894594525865,8,3,Low,622.0000657933928,974.6119032981757,382.8497789891289
Mine_B_Chikla,4,2024,1360.6532260646513,923.808442373362,4.2771757097069765,0.9592084666829328,18,4,1642.177224843581,5,3,High,1497.1691350099004,622.0000657933928,974.6119032981757
Mine_B_Chikla,5,2024,1434.0635769822238,1042.8005021944043,39.562219559435306,0.8017688053850155,16,4,1690.326896024805,6,4,High,923.808442373362,1497.1691350099004,622.0000657933928
Mine_B_Chikla,6,2024,1105.5308534977871,331.65925604933614,343.51547821596637,0.7108175999043483,13,2,1289.6972836132484,5,3,High,1042.8005021944043,923.808442373362,1497.1691350099004
Mine_B_Chikla,7,2024,979.0572919297108,293.71718757891324,290.344427020275,0.6638852914895286,8,2,1234.2092219301537,6,4,High,331.65925604933614,1042.8005021944043,923.808442373362
Mine_B_Chikla,8,2024,761.8920123008896,246.66995047541337,223.04599533155033,0.6027652002191332,11,1,883.9911231550122,8,4,High,293.71718757891324,331.65925604933614,1042.8005021944043
Mine_B_Chikla,9,2024,1107.4139759773918,332.2241927932175,340.87060306918136,0.6952028203833729,12,1,1286.857235129178,5,3,High,246.66995047541337,293.71718757891324,331.65925604933614
Mine_B_Chikla,10,2024,943.4435398298808,882.4739036276361,0.8871331372082514,0.8123612004267785,23,3,1051.4724381121152,8,4,Medium,332.2241927932175,246.66995047541337,293.71718757891324
Mine_B_Chikla,11,2024,905.8877663504486,1034.737865853372,5.869145460388042,0.9325256989699594,23,5,1071.0331567641315,8,3,Low,882.4739036276361,332.2241927932175,246.66995047541337
Mine_B_Chikla,12,2024,1026.6523255637744,931.9859541075859,46.20688383758155,0.826384632234759,21,5,1213.9052479678771,6,4,Medium,1034.737865853372,882.4739036276361,332.2241927932175
Mine_B_Chikla,1,2025,1332.9158686041028,839.4032944158853,29.80351923259968,0.8193214930566773,18,4,1694.5963600353912,5,4,High,931.9859541075859,1034.737865853372,882.4739036276361
Mine_B_Chikla,2,2025,1481.5468332841474,1073.2391958826506,15.415452787648398,0.9744270433787946,20,5,1704.2031623750902,6,2,High,839.4032944158853,931.9859541075859,1034.737865853372
Mine_B_Chikla,3,2025,1065.7102377839,978.9150311055582,37.77629973250564,0.9524995242509888,16,3,1363.1198946984236,8,4,Medium,1073.2391958826506,839.4032944158853,931.9859541075859
Mine_B_Chikla,4,2025,828.0206165657625,511.2740288445043,17.144048272947288,0.9140684546456309,20,3,996.0045764226772,5,3,High,978.9150311055582,1073.2391958826506,839.4032944158853
Mine_B_Chikla,5,2025,1226.7254015221076,1231.5016439192568,9.446426152551425,0.852375014838648,20,5,1372.330169243003,7,4,Low,511.2740288445043,978.9150311055582,1073.2391958826506
Mine_B_Chikla,6,2025,1061.359792048469,318.4079376145407,448.32956154920197,0.6212883351276518,7,1,1363.9355021530546,5,3,High,1231.5016439192568,511.2740288445043,978.9150311055582
Mine_B_Chikla,7,2025,914.0443868756545,274.2133160626963,277.37534549504005,0.6589857025427761,13,2,1090.4196932993298,5,3,High,318.4079376145407,1231.5016439192568,511.2740288445043
Mine_B_Chikla,8,2025,1467.3660579043312,440.2098173712994,403.08640288621683,0.759085866334117,14,2,1618.2020302047792,5,3,High,274.2133160626963,318.4079376145407,1231.5016439192568
Mine_B_Chikla,9,2025,653.9666359756704,196.18999079270114,370.99211214975594,0.6990514238835549,10,1,806.1355152128166,7,4,High,440.2098173712994,274.2133160626963,318.4079376145407
Mine_B_Chikla,10,2025,1372.6381560127497,1000.865985454261,11.30472866596527,0.8612638030945187,20,3,1550.0046384528991,7,3,High,196.18999079270114,440.2098173712994,274.2133160626963
Mine_B_Chikla,11,2025,890.9732090704022,635.418839268393,38.812934462484556,0.8620296932170028,16,5,1092.4275228319698,5,4,High,1000.865985454261,196.18999079270114,440.2098173712994
Mine_B_Chikla,12,2025,1214.018780919012,729.067660892886,18.541999816123777,0.9147676897067147,25,3,1492.8715952223029,5,2,High,635.418839268393,1000.865985454261,196.18999079270114
Mine_C_Munsar,1,2016,950.3686762187168,1036.357482178523,33.92440662917317,0.8972989430360632,22,3,1051.8108325653207,8,4,Low,1036.357482178523,1036.357482178523,1036.357482178523
Mine_C_Munsar,2,2016,1430.575902989839,1047.4507279818372,33.87954165891517,0.9088292664538132,15,5,1798.234024179334,8,2,High,1036.357482178523,1036.357482178523,1036.357482178523
Mine_C_Munsar,3,2016,1347.2102071182453,991.7370893501795,48.68806616769784,0.864239350738123,19,5,1624.3845606579112,7,2,High,1047.4507279818372,1036.357482178523,1036.357482178523
Mine_C_Munsar,4,2016,1057.0251407068213,622.9198989366063,31.100007665647546,0.8663871359762236,20,5,1188.9390840613285,5,2,High,991.7370893501795,1047.4507279818372,1036.357482178523
Mine_C_Munsar,5,2016,935.5269602543046,532.8780021625583,41.486224926524415,0.808707848554438,15,4,1204.0966075028693,5,4,High,622.9198989366063,991.7370893501795,1047.4507279818372
Mine_C_Munsar,6,2016,612.5702605334207,183.77107816002618,476.11416122637996,0.7878986670330154,8,2,788.2414813931404,5,2,High,532.8780021625583,622.9198989366063,991.7370893501795
Mine_C_Munsar,7,2016,609.2498561376474,182.7749568412942,264.6477051188326,0.6384080788782207,14,2,782.4882144414606,7,4,High,183.77107816002618,532.8780021625583,622.9198989366063
Mine_C_Munsar,8,2016,677.8699888697283,203.3609966609185,356.74784971636734,0.770669447677766,5,1,780.6931002373168,6,4,High,182.7749568412942,183.77107816002618,532.8780021625583
Mine_C_Munsar,9,2016,1292.539894783164,387.7619684349492,233.9885510720144,0.6609863034001978,6,2,1586.1611647135398,6,2,High,203.3609966609185,182.7749568412942,183.77107816002618
Mine_C_Munsar,10,2016,1421.3814808452933,1301.98518405461,42.00764082634694,0.8426024007979463,15,5,1790.1339900730418,8,4,Medium,387.7619684349492,203.3609966609185,182.7749568412942
Mine_C_Munsar,11,2016,724.5144808631643,748.7034988749301,0.45017067940055777,0.8852109114278222,17,5,811.090100543879,8,4,Low,1301.98518405461,387.7619684349492,203.3609966609185
Mine_C_Munsar,12,2016,927.0337910725721,519.0859545448909,29.553375629049633,0.8910880250155189,20,3,1061.0310183796578,5,2,High,748.7034988749301,1301.98518405461,387.7619684349492
Mine_C_Munsar,1,2017,1016.2950961410997,545.8216264509689,3.3668201470362256,0.9584427410044086,15,3,1134.121709819861,6,2,High,519.0859545448909,748.7034988749301,1301.98518405461
Mine_C_Munsar,2,2017,904.7103964963029,702.3472397753466,33.479950637471404,0.9985593034934631,19,5,1142.1838129174816,6,2,High,545.8216264509689,519.0859545448909,748.7034988749301
Mine_C_Munsar,3,2017,1009.4645302076236,712.4247752417738,18.610503644423424,0.8061562437617212,16,5,1126.4067446047218,8,2,High,702.3472397753466,545.8216264509689,519.0859545448909
Mine_C_Munsar,4,2017,1335.7272379215588,993.0854916556845,36.04870026045177,0.842719477980358,16,4,1632.3943666501307,8,3,High,712.4247752417738,702.3472397753466,545.8216264509689
Mine_C_Munsar,5,2017,793.8788914846041,605.9259500365639,44.443103023078706,0.9194540524248007,17,4,963.3047282814734,7,3,High,993.0854916556845,712.4247752417738,702.3472397753466
Mine_C_Munsar,6,2017,864.3842705856277,330.3861950450226,244.238565557772,0.7974893555190103,9,2,1086.4194675793703,8,4,High,605.9259500365639,993.0854916556845,712.4247752417738
Mine_C_Munsar,7,2017,828.5517429445257,248.5655228833577,495.0639634391676,0.6235553836812829,11,2,984.468554491847,5,4,High,330.3861950450226,605.9259500365639,993.0854916556845
Mine_C_Munsar,8,2017,1135.9663158817011,340.78989476451034,435.9641201250018,0.6388744402670442,12,1,1422.314556866102,8,2,High,248.5655228833577,330.3861950450226,605.9259500365639
Mine_C_Munsar,9,2017,1287.404383614899,386.22131508446967,421.9827840903208,0.6908842829021011,13,2,1426.070058965668,8,2,High,340.78989476451034,248.5655228833577,330.3861950450226
Mine_C_Munsar,10,2017,778.7568140200954,647.979223174455,19.683187990717272,0.9754906061918859,22,3,902.6062439861832,7,3,High,386.22131508446967,340.78989476451034,248.5655228833577
Mine_C_Munsar,11,2017,1464.1775949233995,1496.6186501497302,15.515710314778792,0.9126322891099369,21,5,1686.2005989267823,6,4,Low,647.979223174455,386.22131508446967,340.78989476451034
Mine_C_Munsar,12,2017,1320.6095473917537,942.1794305826778,2.089529845509036,0.8694784035265004,21,4,1545.979720340166,6,3,High,1496.6186501497302,647.979223174455,386.22131508446967
Mine_C_Munsar,1,2018,1260.8871714662512,1576.108964332814,45.179327278436425,0.9839167594468962,25,4,1442.7039980628774,8,4,Low,942.1794305826778,1496.6186501497302,647.979223174455
Mine_C_Munsar,2,2018,736.580186966216,375.16254702130595,30.105067717491966,0.933670085992871,23,3,847.2846729172323,5,2,High,1576.108964332814,942.1794305826778,1496.6186501497302
Mine_C_Munsar,3,2018,1465.2397784601922,1053.0844863574853,22.7206894093851,0.9738750883142245,22,5,1776.6371784653625,5,2,High,375.16254702130595,1576.108964332814,942.1794305826778
Mine_C_Munsar,4,2018,1487.2164211725542,1426.6457974262098,48.583139300706776,0.8992687655534569,22,4,1711.3829453017097,8,3,Low,1053.0844863574853,375.16254702130595,1576.108964332814
Mine_C_Munsar,5,2018,897.2401330639809,517.0705551224313,44.39312274760602,0.8929173514142151,24,3,1035.7585141719412,6,2,High,1426.6457974262098,1053.0844863574853,375.16254702130595
Mine_C_Munsar,6,2018,668.2372188011747,200.47116564035238,443.9695114601467,0.7445250911467727,13,1,791.8507492116456,8,4,High,517.0705551224313,1426.6457974262098,1053.0844863574853
Mine_C_Munsar,7,2018,1461.25707025743,438.377121077229,456.3043203262085,0.6259198422301554,10,1,1808.1732045587796,5,3,High,200.47116564035238,517.0705551224313,1426.6457974262098
Mine_C_Munsar,8,2018,969.8404573945195,290.95213721835586,484.9485910173255,0.7680692517402369,7,2,1199.968575263527,8,2,High,438.377121077229,200.47116564035238,517.0705551224313
Mine_C_Munsar,9,2018,663.155646320414,198.9466938961242,248.87653418719376,0.7133570135095404,5,2,749.5540780968728,8,4,High,290.95213721835586,438.377121077229,200.47116564035238
Mine_C_Munsar,10,2018,1075.692195716067,770.0151151985476,41.29827495717104,0.8078764246546435,25,5,1267.0820081015966,6,2,High,198.9466938961242,290.95213721835586,438.377121077229
Mine_C_Munsar,11,2018,1173.023946940751,1341.6712169194423,32.53557344870308,0.9905109080891145,20,4,1409.929049359181,8,4,Low,770.0151151985476,198.9466938961242,290.95213721835586
Mine_C_Munsar,12,2018,1484.6647476300968,1781.8712017964494,22.993676113857052,0.8812755740270675,25,5,1909.5079545570604,7,4,Low,1341.6712169194423,770.0151151985476,198.9466938961242
Mine_C_Munsar,1,2019,1289.5516465914807,865.6930706204167,20.76360897078554,0.9525945484624908,25,4,1457.6666675609551,5,2,High,1781.8712017964494,1341.6712169194423,770.0151151985476
Mine_C_Munsar,2,2019,933.981264780961,779.6054972321487,8.852049569470955,0.894654385590018,23,5,1126.685123030942,5,3,High,865.6930706204167,1781.8712017964494,1341.6712169194423
Mine_C_Munsar,3,2019,1302.8152834727316,1628.5191043409145,26.571993024133405,0.9567488895129936,25,5,1610.9710575099964,8,4,Low,779.6054972321487,865.6930706204167,1781.8712017964494
Mine_C_Munsar,4,2019,693.9487884019122,792.7935045525131,21.161366591147146,0.868366192051543,20,5,872.9931169734509,8,4,Low,1628.5191043409145,779.6054972321487,865.6930706204167
Mine_C_Munsar,5,2019,644.2868883551414,692.0853536512756,38.44397668212261,0.9084382678106452,22,5,778.9295540547915,6,4,Low,792.7935045525131,1628.5191043409145,779.6054972321487
Mine_C_Munsar,6,2019,1168.5878901528772,350.57636704586315,305.5858102235203,0.7983708757266915,8,1,1324.5379437462475,6,4,High,692.0853536512756,792.7935045525131,1628.5191043409145
Mine_C_Munsar,7,2019,1286.1556185100005,385.84668555300016,235.71522948137562,0.7451641370185018,6,1,1509.9702281832328,7,4,High,350.57636704586315,692.0853536512756,792.7935045525131
Mine_C_Munsar,8,2019,1099.1633399444208,329.74900198332625,394.7764903248682,0.7206485718368466,6,1,1274.3413188573384,8,3,High,385.84668555300016,350.57636704586315,692.0853536512756
Mine_C_Munsar,9,2019,1332.9760571129868,399.892817133896,475.91750788861725,0.7627005022355106,9,1,1515.014580411734,5,4,High,329.74900198332625,385.84668555300016,350.57636704586315
Mine_C_Munsar,10,2019,642.8581733471026,555.0229971818187,6.849026383942153,0.9189896789645579,18,5,832.7103492172304,5,4,High,399.892817133896,329.74900198332625,385.84668555300016
Mine_C_Munsar,11,2019,1330.0766881991817,975.2413373279513,34.782840054688954,0.9327874147961768,18,3,1482.888805633337,7,3,High,555.0229971818187,399.892817133896,329.74900198332625
Mine_C_Munsar,12,2019,688.4283312668201,416.81415239059334,4.920604154000513,0.9265560274080848,17,3,836.6499088809161,6,3,High,975.2413373279513,555.0229971818187,399.892817133896
Mine_C_Munsar,1,2020,705.8142068580271,661.9567512271287,29.12687533407882,0.8477926667000698,20,5,788.6344513457624,8,3,Medium,416.81415239059334,975.2413373279513,555.0229971818187
Mine_C_Munsar,2,2020,1092.635413155694,1050.630754256978,9.505280633004176,0.9683752252982247,24,5,1235.3484386465566,8,2,Low,661.9567512271287,416.81415239059334,975.2413373279513
Mine_C_Munsar,3,2020,865.9304657650362,484.26468786399306,49.1798747648041,0.8308020018044485,16,3,999.034809066798,5,4,High,1050.630754256978,661.9567512271287,416.81415239059334
Mine_C_Munsar,4,2020,768.3161427646605,552.2276795013456,46.574669453446035,0.8524614868896967,21,3,946.8910637922451,8,2,High,484.26468786399306,1050.630754256978,661.9567512271287
Mine_C_Munsar,5,2020,1070.3358938159763,695.5731194111158,26.737200332661715,0.838387157158226,17,5,1343.9502750474217,5,3,High,552.2276795013456,484.26468786399306,1050.630754256978
Mine_C_Munsar,6,2020,1043.830241058919,313.1490723176757,405.26270385837483,0.7069239833231943,5,1,1183.82578459445,8,2,High,695.5731194111158,552.2276795013456,484.26468786399306
Mine_C_Munsar,7,2020,841.6865891557132,252.50597674671397,223.31388946274058,0.6767517241844685,10,1,941.5813367217904,6,3,High,313.1490723176757,695.5731194111158,552.2276795013456
Mine_C_Munsar,8,2020,1464.4299883251574,439.3289964975472,228.89679454702807,0.6597156528623356,8,2,1718.0983068600822,8,3,High,252.50597674671397,313.1490723176757,695.5731194111158
Mine_C_Munsar,9,2020,1493.587650743411,448.07629522302324,345.6183899037313,0.7508218672206642,6,2,1700.1853777424635,5,2,High,439.3289964975472,252.50597674671397,313.1490723176757
Mine_C_Munsar,10,2020,1443.3562700169746,1147.4371821450743,35.066759708777255,0.9085614358877012,21,5,1795.873067917566,7,2,High,448.07629522302324,439.3289964975472,252.50597674671397
Mine_C_Munsar,11,2020,1484.9231640718713,718.7212350082788,4.593463632264183,0.8684074838016094,17,3,1846.8132151563223,5,2,High,1147.4371821450743,448.07629522302324,439.3289964975472
Mine_C_Munsar,12,2020,593.014095445234,591.4636009987232,39.394174120404905,0.9807759784836704,19,4,673.8055063658495,7,4,Low,718.7212350082788,1147.4371821450743,448.07629522302324
Mine_C_Munsar,1,2021,1489.619677991614,984.852688308757,49.37352135379038,0.9823326815859973,19,3,1855.6353152213649,5,3,High,591.4636009987232,718.7212350082788,1147.4371821450743
Mine_C_Munsar,2,2021,775.1915889816095,847.4264477953916,0.45736854877885813,0.9835058773570258,22,4,907.5363917913343,7,4,Low,984.852688308757,591.4636009987232,718.7212350082788
Mine_C_Munsar,3,2021,1153.0365073268742,835.1780497015586,35.02312934641413,0.8338457682228009,19,5,1452.4822408840269,8,2,High,847.4264477953916,984.852688308757,591.4636009987232
Mine_C_Munsar,4,2021,914.9052232572311,740.4789476546573,13.424544128130284,0.8017270784322691,16,4,1120.4953178849828,8,4,High,835.1780497015586,847.4264477953916,984.852688308757
Mine_C_Munsar,5,2021,548.2117587115345,266.70405389761487,10.58722172651273,0.815306589182706,15,4,664.2888237443615,5,3,High,740.4789476546573,835.1780497015586,847.4264477953916
Mine_C_Munsar,6,2021,553.5601172483491,166.06803517450473,285.9870624270494,0.7023040644459767,11,2,683.2217810673143,8,4,High,266.70405389761487,740.4789476546573,835.1780497015586
Mine_C_Munsar,7,2021,1367.0076083764832,410.10228251294495,297.6609415590552,0.7799650687854043,6,1,1560.0571423936974,6,2,High,166.06803517450473,266.70405389761487,740.4789476546573
Mine_C_Munsar,8,2021,1212.8024155789622,363.8407246736886,347.4189971990329,0.6578710914812453,10,2,1354.47210650218,6,2,High,410.10228251294495,166.06803517450473,266.70405389761487
Mine_C_Munsar,9,2021,1328.683758708124,398.60512761243723,271.89143537585863,0.6463958002721442,13,2,1555.028431042247,5,3,High,363.8407246736886,410.10228251294495,166.06803517450473
Mine_C_Munsar,10,2021,1163.292140218552,839.0678867390283,24.21769062402977,0.887748997315098,23,3,1499.5544510177053,5,4,High,398.60512761243723,363.8407246736886,410.10228251294495
Mine_C_Munsar,11,2021,1016.9507626254914,997.6889780924726,38.91635782684417,0.974808195297191,22,4,1218.18219090878,6,4,Low,839.0678867390283,398.60512761243723,363.8407246736886
Mine_C_Munsar,12,2021,970.7898746539029,478.79670793339784,37.92949313572285,0.8073342965223727,15,3,1072.836481471875,8,2,High,997.6889780924726,839.0678867390283,398.60512761243723
Mine_C_Munsar,1,2022,754.4803171054958,503.0740303912872,47.8566599704213,0.9236839947683574,18,4,842.1305142954113,7,2,High,478.79670793339784,997.6889780924726,839.0678867390283
Mine_C_Munsar,2,2022,1055.0178115103815,1058.5246717840962,40.50141751580021,0.8991435184628574,19,5,1295.91122157797,7,4,Low,503.0740303912872,478.79670793339784,997.6889780924726
Mine_C_Munsar,3,2022,1255.02095399166,1232.9087831514978,2.19910272667399,0.9039806041815184,18,4,1573.3299311768822,8,4,Low,1058.5246717840962,503.0740303912872,478.79670793339784
Mine_C_Munsar,4,2022,560.6998691441138,586.2762734798523,40.664345146128575,0.9930839093090138,21,4,690.8747695174053,7,4,Low,1232.9087831514978,1058.5246717840962,503.0740303912872
Mine_C_Munsar,5,2022,1130.0128856880353,842.5305568456288,24.433078344192243,0.9360029591648702,25,4,1306.499111763618,5,3,High,586.2762734798523,1232.9087831514978,1058.5246717840962
Mine_C_Munsar,6,2022,1423.2795412941368,443.46801137725333,213.27273712934684,0.7822427821876348,5,2,1822.241628621071,7,4,High,842.5305568456288,586.2762734798523,1232.9087831514978
Mine_C_Munsar,7,2022,1047.098929589823,391.83587431264976,227.25689893572581,0.6374321993240198,13,2,1151.8105884206916,8,4,High,443.46801137725333,842.5305568456288,586.2762734798523
Mine_C_Munsar,8,2022,564.790240785454,169.43707223563618,289.2568273621198,0.6567053955123299,14,2,627.2713027855966,6,3,High,391.83587431264976,443.46801137725333,842.5305568456288
Mine_C_Munsar,9,2022,776.6103653386641,232.9831096015992,273.4083413482966,0.7102721143556897,7,1,1009.5496310908534,5,3,High,169.43707223563618,391.83587431264976,443.46801137725333
Mine_C_Munsar,10,2022,1103.7445870352403,1243.2159803440104,14.464439620439551,0.9947800570690888,24,4,1430.9761299408176,8,3,Low,232.9831096015992,169.43707223563618,391.83587431264976
Mine_C_Munsar,11,2022,1312.3601814300355,1360.8133058229942,24.387545067015537,0.854910769267129,23,5,1663.8535676576375,8,3,Low,1243.2159803440104,232.9831096015992,169.43707223563618
Mine_C_Munsar,12,2022,1113.1953613605401,764.7946844231391,32.0788709099145,0.9772249911552068,15,4,1339.9731286868619,7,2,High,1360.8133058229942,1243.2159803440104,232.9831096015992
Mine_C_Munsar,1,2023,719.1060699773792,681.4776308241504,16.50033758771734,0.9615526502424041,17,4,909.2578340896976,7,4,Medium,764.7946844231391,1360.8133058229942,1243.2159803440104
Mine_C_Munsar,2,2023,703.1352999643907,444.5178668983377,31.783478817693467,0.9302049003280877,24,3,889.8932055022732,6,2,High,681.4776308241504,764.7946844231391,1360.8133058229942
Mine_C_Munsar,3,2023,1332.9970068023158,840.1018894988289,6.071823650610258,0.9473497879208789,19,5,1676.988008784591,5,2,High,444.5178668983377,681.4776308241504,764.7946844231391
Mine_C_Munsar,4,2023,1424.2810373854659,1085.476385966128,42.742736810572524,0.8004934387648369,16,5,1573.3978862531267,8,3,High,840.1018894988289,444.5178668983377,681.4776308241504
Mine_C_Munsar,5,2023,577.0320975807515,325.5268395960302,14.018539207029962,0.8653681874747303,17,4,723.5711972076161,5,3,High,1085.476385966128,840.1018894988289,444.5178668983377
Mine_C_Munsar,6,2023,804.0498668986951,241.2149600696085,278.3256280334739,0.6890807430963315,7,2,886.3528412189565,5,3,High,325.5268395960302,1085.476385966128,840.1018894988289
Mine_C_Munsar,7,2023,1271.6081290362526,381.4824387108758,393.11988773870905,0.7464217992953156,14,2,1632.3575650284438,8,3,High,241.2149600696085,325.5268395960302,1085.476385966128
Mine_C_Munsar,8,2023,628.3836229195318,188.51508687585954,432.8098103740972,0.7894162096038201,7,2,805.2262652576561,5,3,High,381.4824387108758,241.2149600696085,325.5268395960302
Mine_C_Munsar,9,2023,931.8290554455043,279.5487166336513,443.34213273715034,0.7513267795168186,12,1,1033.883840574609,5,2,High,188.51508687585954,381.4824387108758,241.2149600696085
Mine_C_Munsar,10,2023,585.568348108131,415.88769231275586,42.699518835074855,0.9281279141026871,24,5,745.8298829945495,5,2,High,279.5487166336513,188.51508687585954,381.4824387108758
Mine_C_Munsar,11,2023,946.2996774625256,728.6912444089378,3.601495266408544,0.8153332895637524,22,5,1134.2644130923459,7,3,High,415.88769231275586,279.5487166336513,188.51508687585954
Mine_C_Munsar,12,2023,1380.6501463788918,1084.1975769735657,22.736196542085985,0.9928020165529672,18,3,1558.3118988710546,7,3,High,728.6912444089378,415.88769231275586,279.5487166336513
Mine_C_Munsar,1,2024,654.1169813555996,624.0500834093656,9.375754243611246,0.9271083978758645,20,5,830.0849236011144,6,4,Low,1084.1975769735657,728.6912444089378,415.88769231275586
Mine_C_Munsar,2,2024,1195.704710046121,903.3922545256504,32.43487296380276,0.8959774930080265,24,3,1461.8858037962327,5,4,High,624.0500834093656,1084.1975769735657,728.6912444089378
Mine_C_Munsar,3,2024,1051.0117827839904,634.584906637204,38.68192830352016,0.9022347531308264,16,3,1201.976342470257,6,3,High,903.3922545256504,624.0500834093656,1084.1975769735657
Mine_C_Munsar,4,2024,702.570294931231,463.14436299742016,46.14070751405476,0.8624787835962435,21,3,822.2616766647958,5,4,High,634.584906637204,903.3922545256504,624.0500834093656
Mine_C_Munsar,5,2024,508.3026888890153,361.0265537760444,25.113754243942722,0.9857196059560585,15,5,605.9233109138066,7,2,High,463.14436299742016,634.584906637204,903.3922545256504
Mine_C_Munsar,6,2024,944.6045058937955,283.38135176813864,388.1105639948112,0.7419714727939049,8,1,1183.9289344100812,8,2,High,361.0265537760444,463.14436299742016,634.584906637204
Mine_C_Munsar,7,2024,792.1716719074732,237.65150157224195,398.2487566278727,0.7787377339624932,5,2,929.0922560928186,5,3,High,283.38135176813864,361.0265537760444,463.14436299742016
Mine_C_Munsar,8,2024,929.8191559617217,278.9457467885165,254.69007997673685,0.7488499159454435,7,2,1157.416624054678,8,2,High,237.65150157224195,283.38135176813864,361.0265537760444
Mine_C_Munsar,9,2024,1389.2350029451145,416.77050088353434,298.1350915033252,0.669738466852201,8,2,1740.9690857297423,5,3,High,278.9457467885165,237.65150157224195,283.38135176813864
Mine_C_Munsar,10,2024,1003.4949643932126,695.7641962292797,40.958297518840624,0.9815215466830873,18,4,1177.3188334728675,5,3,High,416.77050088353434,278.9457467885165,237.65150157224195
Mine_C_Munsar,11,2024,1290.41736999477,804.2659078434106,45.78945747491507,0.8880570546822488,20,3,1677.087436307678,7,2,High,695.7641962292797,416.77050088353434,278.9457467885165
Mine_C_Munsar,12,2024,876.3763961867912,473.87073826685094,3.748667059550442,0.8299946201002816,20,3,1008.676486650251,8,2,High,804.2659078434106,695.7641962292797,416.77050088353434
Mine_C_Munsar,1,2025,520.5023656780506,333.3280264841939,16.681478763970432,0.819422197908057,17,4,590.4164950610511,6,3,High,473.87073826685094,804.2659078434106,695.7641962292797
Mine_C_Munsar,2,2025,991.4965189689678,752.6378972920552,4.428746791786531,0.8934797753225129,21,3,1205.1236983897882,5,4,High,333.3280264841939,473.87073826685094,804.2659078434106
Mine_C_Munsar,3,2025,702.6957654780894,403.16945279806316,49.51393854454614,0.8872648582011151,20,3,878.277199126298,7,2,High,752.6378972920552,333.3280264841939,473.87073826685094
Mine_C_Munsar,4,2025,1238.151989796309,722.4272017487073,41.568077328772006,0.8119569306055003,20,4,1534.4562753433408,6,2,High,403.16945279806316,752.6378972920552,333.3280264841939
Mine_C_Munsar,5,2025,1071.073541129726,1305.4591919960285,42.0093355024202,0.9121025847760815,21,5,1287.424482470021,8,4,Low,722.4272017487073,403.16945279806316,752.6378972920552
Mine_C_Munsar,6,2025,981.9563948199291,294.5869184459787,405.2365358832786,0.6781223714964044,6,2,1090.620328174986,5,4,High,1305.4591919960285,722.4272017487073,403.16945279806316
Mine_C_Munsar,7,2025,796.2695334163404,238.88086002490212,320.4273992522625,0.6254551035172206,13,2,1028.7990885185309,6,2,High,294.5869184459787,1305.4591919960285,722.4272017487073
Mine_C_Munsar,8,2025,1251.2747777674929,375.38243333024786,381.1702001822914,0.6691782978253552,13,1,1548.3795258401844,8,4,High,238.88086002490212,294.5869184459787,1305.4591919960285
Mine_C_Munsar,9,2025,1331.3417486990497,451.4455417668657,217.53150401681566,0.7166459648617923,14,1,1698.1800298149494,7,3,High,375.38243333024786,238.88086002490212,294.5869184459787
Mine_C_Munsar,10,2025,896.909121878583,557.2435609353972,17.353856917571715,0.8272678334572912,18,3,1088.0385928935023,6,3,High,451.4455417668657,375.38243333024786,238.88086002490212
Mine_C_Munsar,11,2025,689.6611290687501,438.20449908953486,7.475971770651368,0.9433925403869482,20,3,779.1906149099033,7,2,High,557.2435609353972,451.4455417668657,375.38243333024786
Mine_C_Munsar,12,2025,612.255347866796,604.9866120052728,48.440710167903354,0.8770372580309256,24,3,758.2675027731827,7,4,Low,438.20449908953486,557.2435609353972,451.4455417668657
Mine_D_Balaghat,1,2016,1123.6333707356632,703.8639415715155,25.461028083503333,0.8478109799814034,24,5,1398.0982439731058,5,2,High,703.8639415715155,703.8639415715155,703.8639415715155
Mine_D_Balaghat,2,2016,890.3964275874954,803.321303282451,31.15381092494423,0.9119268181064114,18,4,1076.4633234715589,7,4,Medium,703.8639415715155,703.8639415715155,703.8639415715155
Mine_D_Balaghat,3,2016,977.534361379237,1181.2969000611927,22.13154685117875,0.9482973136772993,24,5,1235.3512908658124,8,3,Low,803.321303282451,703.8639415715155,703.8639415715155
Mine_D_Balaghat,4,2016,1427.375531605287,981.2920623798866,13.296738101510464,0.9624003287554936,22,5,1722.6565794100234,5,2,High,1181.2969000611927,803.321303282451,703.8639415715155
Mine_D_Balaghat,5,2016,1174.5897689212559,879.4880282250731,32.77809202696591,0.8480003046531109,18,4,1525.0999817321024,6,4,High,981.2920623798866,1181.2969000611927,803.321303282451
Mine_D_Balaghat,6,2016,859.182569204957,257.75477076148707,476.23368085233454,0.6308857532741301,13,1,1099.3180011334746,8,3,High,879.4880282250731,981.2920623798866,1181.2969000611927
Mine_D_Balaghat,7,2016,506.5983765217915,151.97951295653746,440.74850039391526,0.7112144136801574,7,1,658.255611307985,7,3,High,257.75477076148707,879.4880282250731,981.2920623798866
Mine_D_Balaghat,8,2016,1066.3387978220637,319.9016393466191,281.3326631675235,0.6320911898395738,8,2,1188.3547070049929,7,3,High,151.97951295653746,257.75477076148707,879.4880282250731
Mine_D_Balaghat,9,2016,1472.3272233829232,614.996635945088,237.77103077283346,0.7109960550481786,14,2,1759.957510166162,7,4,High,319.9016393466191,151.97951295653746,257.75477076148707
Mine_D_Balaghat,10,2016,1336.683801650467,1288.9046903444198,1.1384211168359692,0.9579640520480213,23,5,1668.257129148328,8,2,Low,614.996635945088,319.9016393466191,151.97951295653746
Mine_D_Balaghat,11,2016,617.4695863791434,609.720458799812,29.452165482560723,0.9478039007107529,25,4,747.5115735261477,7,3,Low,1288.9046903444198,614.996635945088,319.9016393466191
Mine_D_Balaghat,12,2016,784.1538749916823,534.099973026868,20.047385980209288,0.9018138719387053,19,3,909.415541881815,6,3,High,609.720458799812,1288.9046903444198,614.996635945088
Mine_D_Balaghat,1,2017,1457.2953989056678,812.3228109130744,10.77699416750591,0.8429716738346813,25,3,1822.2299979039833,5,2,High,534.099973026868,609.720458799812,1288.9046903444198
Mine_D_Balaghat,2,2017,1248.7671272536309,961.8722309387024,1.0695676721314051,0.9566240928161311,23,4,1469.5660252914377,6,2,High,812.3228109130744,534.099973026868,609.720458799812
Mine_D_Balaghat,3,2017,1445.970836012326,1262.7015721848472,39.14816255053877,0.9639973118012658,23,4,1751.1808628292117,5,4,High,961.8722309387024,812.3228109130744,534.099973026868
Mine_D_Balaghat,4,2017,1337.427504443026,1010.6947360403088,14.136450619152752,0.9650101795999215,22,5,1480.9695438371334,6,2,High,1262.7015721848472,961.8722309387024,812.3228109130744
Mine_D_Balaghat,5,2017,769.250254383282,586.6347723938829,16.66543022214291,0.9633395271180395,16,5,951.3615937368029,6,3,High,1010.6947360403088,1262.7015721848472,961.8722309387024
Mine_D_Balaghat,6,2017,954.6456927792277,286.3937078337683,247.16989993409032,0.6381063644705212,6,2,1224.4663742425366,6,3,High,586.6347723938829,1010.6947360403088,1262.7015721848472
Mine_D_Balaghat,7,2017,1248.6318102032228,374.58954306096683,285.8142789853307,0.6845742390679037,5,1,1519.3497493198763,8,4,High,286.3937078337683,586.6347723938829,1010.6947360403088
Mine_D_Balaghat,8,2017,1343.247397235556,402.9742191706668,469.0179641777989,0.781492121507812,7,1,1578.6423533103546,6,4,High,374.58954306096683,286.3937078337683,586.6347723938829
Mine_D_Balaghat,9,2017,1380.3594504907358,414.1078351472207,209.1957664918047,0.6610960125817816,5,1,1783.4879228489099,7,4,High,402.9742191706668,374.58954306096683,286.3937078337683
Mine_D_Balaghat,10,2017,582.9819809254622,601.474250697868,32.576049047011594,0.9931992852871268,21,5,706.3704652131368,5,4,Low,414.1078351472207,402.9742191706668,374.58954306096683
Mine_D_Balaghat,11,2017,1467.3555573275166,1335.7124601045828,28.757560426937474,0.8262972999069091,18,5,1890.9132513589025,7,4,Medium,601.474250697868,414.1078351472207,402.9742191706668
Mine_D_Balaghat,12,2017,1405.2874619538375,988.3939759297749,44.23967176071801,0.8010012113352526,21,3,1730.5549053458788,8,3,High,1335.7124601045828,601.474250697868,414.1078351472207
Mine_D_Balaghat,1,2018,824.0681941849382,466.9334643718064,25.160131153339343,0.857191893977397,23,4,967.7717589633576,5,2,High,988.3939759297749,1335.7124601045828,601.474250697868
Mine_D_Balaghat,2,2018,1443.9684022375109,1256.1609252683877,8.527395045424536,0.993292067465823,21,3,1599.4376166203779,6,4,High,466.9334643718064,988.3939759297749,1335.7124601045828
Mine_D_Balaghat,3,2018,880.0646543812038,396.05241848597706,12.195254549457957,0.9077371525140691,15,3,1141.378100560693,5,2,High,1256.1609252683877,466.9334643718064,988.3939759297749
Mine_D_Balaghat,4,2018,1436.0329236865487,1110.561558221302,25.11695538918517,0.807587066619137,25,5,1759.1753483148418,7,2,High,396.05241848597706,1256.1609252683877,466.9334643718064
Mine_D_Balaghat,5,2018,1288.7585242134041,752.516162011118,48.478404759346624,0.8130880045586204,21,5,1639.1757836574404,5,2,High,1110.561558221302,396.05241848597706,1256.1609252683877
Mine_D_Balaghat,6,2018,666.2310250150435,199.86930750451305,298.1001566612563,0.7311546753553878,5,2,823.828383034361,5,4,High,752.516162011118,1110.561558221302,396.05241848597706
Mine_D_Balaghat,7,2018,1005.9861821392615,301.7958546417784,212.97326473980954,0.7452550575967789,10,1,1163.2425067563795,7,2,High,199.86930750451305,752.516162011118,1110.561558221302
Mine_D_Balaghat,8,2018,677.6923051869255,203.30769155607766,328.76000374676744,0.6416667488725493,12,1,849.731696195119,5,2,High,301.7958546417784,199.86930750451305,752.516162011118
Mine_D_Balaghat,9,2018,1091.6050644348043,327.48151933044124,462.92646852920467,0.7786156039934253,6,2,1313.5636307084062,5,3,High,203.30769155607766,301.7958546417784,199.86930750451305
Mine_D_Balaghat,10,2018,1137.6071989623863,1120.766229461954,46.83110679940049,0.9698145973601283,24,5,1262.7134647018618,5,4,Low,327.48151933044124,203.30769155607766,301.7958546417784
Mine_D_Balaghat,11,2018,962.3231509283016,697.2779500905259,27.409323002945314,0.9645816969256286,20,3,1226.8122289504704,7,2,High,1120.766229461954,327.48151933044124,203.30769155607766
Mine_D_Balaghat,12,2018,1397.7623436148128,838.6014641301326,35.24570341657698,0.9248437910927395,19,3,1768.144255498897,6,2,High,697.2779500905259,1120.766229461954,327.48151933044124
Mine_D_Balaghat,1,2019,659.0906714692145,790.0523306253485,38.11925357624792,0.9536790730734146,25,5,828.8042668238745,6,4,Low,838.6014641301326,697.2779500905259,1120.766229461954
Mine_D_Balaghat,2,2019,1346.3450572881475,967.0054605099687,11.485465244229465,0.9502562628862271,19,3,1675.2150520757693,6,3,High,790.0523306253485,838.6014641301326,697.2779500905259
Mine_D_Balaghat,3,2019,992.8361760924138,855.5687859991764,14.788538853375494,0.9681064939477253,16,5,1256.3484489799264,7,3,High,967.0054605099687,790.0523306253485,838.6014641301326
Mine_D_Balaghat,4,2019,520.3643267225978,436.45560403100114,2.9751513691955056,0.8615187231196579,18,5,650.5304803579754,5,4,High,855.5687859991764,967.0054605099687,790.0523306253485
Mine_D_Balaghat,5,2019,595.9092838429273,362.27411040993053,38.89596102137557,0.8899843486739907,24,3,709.2951545495071,5,2,High,436.45560403100114,855.5687859991764,967.0054605099687
Mine_D_Balaghat,6,2019,1283.4753824909471,385.0426147472841,264.2900620823602,0.6629118818425828,8,2,1618.9138707713994,6,3,High,362.27411040993053,436.45560403100114,855.5687859991764
Mine_D_Balaghat,7,2019,941.2275697088847,282.3682709126654,327.57471274823814,0.6525126913517044,6,2,1197.8430150700692,8,2,High,385.0426147472841,362.27411040993053,436.45560403100114
Mine_D_Balaghat,8,2019,926.574052584521,277.9722157753563,326.6953221090706,0.7145445616989322,5,2,1054.2288582338756,6,3,High,282.3682709126654,385.0426147472841,362.27411040993053
Mine_D_Balaghat,9,2019,511.4227804444114,153.4268341333234,251.42257709329033,0.6561232913407673,5,2,597.5013063105998,6,4,High,277.9722157753563,282.3682709126654,385.0426147472841
Mine_D_Balaghat,10,2019,531.0229791716988,472.26221366034457,17.007363329586994,0.8724728766670947,15,4,628.1325672788192,8,4,High,153.4268341333234,277.9722157753563,282.3682709126654
Mine_D_Balaghat,11,2019,832.2240314204239,742.0824090082594,35.59979376584233,0.9017581158851479,22,5,996.2790498350682,8,2,High,472.26221366034457,153.4268341333234,277.9722157753563
Mine_D_Balaghat,12,2019,968.0413135823511,620.1018799786074,37.24630670521515,0.8687026310203179,22,3,1190.1776722808336,8,2,High,742.0824090082594,472.26221366034457,153.4268341333234
Mine_D_Balaghat,1,2020,1231.7112723504288,1081.1220354673214,41.64072880616597,0.8459020971479649,16,5,1398.1769859316787,8,3,High,620.1018799786074,742.0824090082594,472.26221366034457
Mine_D_Balaghat,2,2020,1070.1835224899382,794.9759993084792,39.50023651018817,0.8108781717778221,16,4,1266.2684691133427,7,4,High,1081.1220354673214,620.1018799786074,742.0824090082594
Mine_D_Balaghat,3,2020,1374.8673366364897,641.9361986967708,6.645513654298563,0.85383946260345,15,3,1586.6956867212368,7,2,High,794.9759993084792,1081.1220354673214,620.1018799786074
Mine_D_Balaghat,4,2020,1413.3337996069731,910.9199213638449,11.12467417620125,0.8927615003486224,18,5,1834.2915127263311,6,2,High,641.9361986967708,794.9759993084792,1081.1220354673214
Mine_D_Balaghat,5,2020,831.5094176684801,772.1367795422129,44.520651242951004,0.826424862053367,20,4,972.5366612453621,8,4,Medium,910.9199213638449,641.9361986967708,794.9759993084792
Mine_D_Balaghat,6,2020,1167.77481466598,385.43869560927527,323.8257031145316,0.7751752555642966,12,1,1379.9861410538679,8,3,High,772.1367795422129,910.9199213638449,641.9361986967708
Mine_D_Balaghat,7,2020,1029.2728314403757,308.7818494321127,237.5004524582689,0.6798077067576797,7,2,1285.3567708446533,7,3,High,385.43869560927527,772.1367795422129,910.9199213638449
Mine_D_Balaghat,8,2020,1240.643109318653,372.1929327955959,297.095925847248,0.7734143932416039,6,1,1601.3345624569552,6,3,High,308.7818494321127,385.43869560927527,772.1367795422129
Mine_D_Balaghat,9,2020,638.0614196833603,191.4184259050081,391.99091023510516,0.643414086522965,6,1,750.551459612081,8,2,High,372.1929327955959,308.7818494321127,385.43869560927527
Mine_D_Balaghat,10,2020,1410.9531882940742,1015.6703231709018,12.226302147433648,0.9323953345926439,17,5,1788.8938404763364,5,3,High,191.4184259050081,372.1929327955959,308.7818494321127
Mine_D_Balaghat,11,2020,876.9269548805378,827.4295657492752,39.70333418188151,0.9295495748783817,24,5,1075.9613019566432,6,3,Medium,1015.6703231709018,191.4184259050081,372.1929327955959
Mine_D_Balaghat,12,2020,811.249937185298,548.9510311862945,1.3567886538586371,0.8314227866254843,17,5,946.0216647339374,6,3,High,827.4295657492752,1015.6703231709018,191.4184259050081
Mine_D_Balaghat,1,2021,791.6323072695125,359.02889242439124,8.499304771607347,0.8331711726260239,19,3,1014.4789728522063,5,2,High,548.9510311862945,827.4295657492752,1015.6703231709018
Mine_D_Balaghat,2,2021,946.7818001490093,1003.6980628006108,46.816235418343325,0.8970231346459387,25,4,1200.3814353646499,8,3,Low,359.02889242439124,548.9510311862945,827.4295657492752
Mine_D_Balaghat,3,2021,1140.4062269084588,1115.947034451608,21.07705147354925,0.844142925300079,25,5,1463.5905662897737,6,4,Low,1003.6980628006108,359.02889242439124,548.9510311862945
Mine_D_Balaghat,4,2021,970.5745946444022,793.7952893232152,3.6832774343095123,0.8199866379857617,18,4,1121.1521675361803,7,4,High,1115.947034451608,1003.6980628006108,359.02889242439124
Mine_D_Balaghat,5,2021,513.5393503006444,608.8355103691375,46.25960876030171,0.9049272924803996,21,5,569.6247424851791,8,4,Low,793.7952893232152,1115.947034451608,1003.6980628006108
Mine_D_Balaghat,6,2021,805.5078837634549,241.65236512903644,344.6765848161401,0.7523166804980268,12,1,993.50540510001,5,4,High,608.8355103691375,793.7952893232152,1115.947034451608
Mine_D_Balaghat,7,2021,765.8528742758086,229.75586228274258,473.64725491294223,0.7312384105296594,8,1,864.7503513504508,8,3,High,241.65236512903644,608.8355103691375,793.7952893232152
Mine_D_Balaghat,8,2021,1364.5142541947876,409.35427625843624,397.04589421581187,0.6628678216787441,14,1,1697.3887944161381,7,4,High,229.75586228274258,241.65236512903644,608.8355103691375
Mine_D_Balaghat,9,2021,569.5446822106203,175.51789977571218,369.4496377055053,0.6985469348161473,13,1,639.8103498546435,8,3,High,409.35427625843624,229.75586228274258,241.65236512903644
Mine_D_Balaghat,10,2021,1458.1176277382624,1429.7216293938552,10.728245044821156,0.9397250854769266,22,5,1781.0245492901238,7,3,Low,175.51789977571218,409.35427625843624,229.75586228274258
Mine_D_Balaghat,11,2021,569.2564183062098,553.8395296771442,46.801743220924244,0.8355388691121874,22,5,653.3518906374519,6,4,Low,1429.7216293938552,175.51789977571218,409.35427625843624
Mine_D_Balaghat,12,2021,1472.1968339588616,1741.461154989352,46.844122599586655,0.8710811576611379,23,5,1913.0269793044165,8,4,Low,553.8395296771442,1429.7216293938552,175.51789977571218
Mine_D_Balaghat,1,2022,511.6173021826682,278.95036310115705,10.765988470337613,0.8314132872910155,21,3,630.8943309876256,7,2,High,1741.461154989352,553.8395296771442,1429.7216293938552
Mine_D_Balaghat,2,2022,864.2545533718176,404.79424643943463,21.17002725975004,0.8054365497679454,15,3,998.1757125723043,6,2,High,278.95036310115705,1741.461154989352,553.8395296771442
Mine_D_Balaghat,3,2022,1231.6878182987193,1075.8465385783104,29.009567846567112,0.9397061772831399,21,3,1437.505750172652,8,3,High,404.79424643943463,278.95036310115705,1741.461154989352
Mine_D_Balaghat,4,2022,1019.892196893767,626.9241846043498,29.599437789452082,0.9156624165529705,18,4,1157.9647445648432,6,2,High,1075.8465385783104,404.79424643943463,278.95036310115705
Mine_D_Balaghat,5,2022,1183.761040566421,652.6796061142859,40.9116062602767,0.9447147596255079,21,3,1514.5126499823016,5,2,High,626.9241846043498,1075.8465385783104,404.79424643943463
Mine_D_Balaghat,6,2022,1479.9871909893754,443.9961572968126,486.361345445996,0.6491812299117974,6,2,1686.9281639555986,6,4,High,652.6796061142859,626.9241846043498,1075.8465385783104
Mine_D_Balaghat,7,2022,1207.9210854038092,362.37632562114277,377.21196004100443,0.6383242166408281,6,2,1399.2253655224836,8,4,High,443.9961572968126,652.6796061142859,626.9241846043498
Mine_D_Balaghat,8,2022,680.2546955661164,204.07640866983493,374.5284791515024,0.754671739387745,9,2,772.9390692439567,6,3,High,362.37632562114277,443.9961572968126,652.6796061142859
Mine_D_Balaghat,9,2022,1128.6065897347544,338.5819769204263,311.8218238073148,0.6959511242316749,5,1,1400.5578472998584,6,3,High,204.07640866983493,362.37632562114277,443.9961572968126
Mine_D_Balaghat,10,2022,511.46996594811054,415.7082478963041,31.970159795485557,0.9737694608687575,16,4,642.4904251761676,7,3,High,338.5819769204263,204.07640866983493,362.37632562114277
Mine_D_Balaghat,11,2022,1391.8640252213945,1397.2061690447138,25.084789777842342,0.9637606487813143,24,4,1623.817231305372,6,4,Low,415.7082478963041,338.5819769204263,204.07640866983493
Mine_D_Balaghat,12,2022,635.7999357419649,511.5642805677598,17.186289612060197,0.8829785547637157,21,3,750.8466569743041,8,3,High,1397.2061690447138,415.7082478963041,338.5819769204263
Mine_D_Balaghat,1,2023,898.7059914840188,650.7266229508475,35.802132524409544,0.9360168644879847,17,4,1094.8468304514759,5,4,High,511.5642805677598,1397.2061690447138,415.7082478963041
Mine_D_Balaghat,2,2023,650.6347856437949,479.6355115699204,36.61876100864465,0.8098620425796916,25,5,841.5878518171725,6,2,High,650.7266229508475,511.5642805677598,1397.2061690447138
Mine_D_Balaghat,3,2023,1286.6001922404257,969.6387796390723,23.33953860583587,0.8240917909039867,15,5,1633.651942506597,8,3,High,479.6355115699204,650.7266229508475,511.5642805677598
Mine_D_Balaghat,4,2023,1018.5385836448359,713.9533840589528,42.55525655396604,0.8366404922404868,24,5,1314.140826649011,6,2,High,969.6387796390723,479.6355115699204,650.7266229508475
Mine_D_Balaghat,5,2023,997.9050778710316,704.2046597743821,39.411515091193664,0.8479587682434974,20,3,1156.8459777775884,7,3,High,713.9533840589528,969.6387796390723,479.6355115699204
Mine_D_Balaghat,6,2023,951.6069714520218,285.4820914356065,476.97509277984153,0.779646843710059,9,2,1236.3489005715992,6,4,High,704.2046597743821,713.9533840589528,969.6387796390723
Mine_D_Balaghat,7,2023,1127.1314132549503,338.1394239764851,205.53109386055655,0.7650895345012835,7,2,1342.7097067507495,5,2,High,285.4820914356065,704.2046597743821,713.9533840589528
Mine_D_Balaghat,8,2023,917.9458574883936,275.3837572465181,484.03274082640837,0.6725413229210779,5,1,1062.8182111781925,8,2,High,338.1394239764851,285.4820914356065,704.2046597743821
Mine_D_Balaghat,9,2023,833.6414700162981,250.0924410048894,388.89326233873624,0.6238712828857761,10,1,1004.7657147433493,8,4,High,275.3837572465181,338.1394239764851,285.4820914356065
Mine_D_Balaghat,10,2023,1309.4231086491461,951.92460427075,44.86293582006455,0.898276934510844,24,4,1525.7711621797323,5,3,High,250.0924410048894,275.3837572465181,338.1394239764851
Mine_D_Balaghat,11,2023,940.5768050487791,813.5307683618031,46.441451844395246,0.9867884941357753,19,5,1133.62600833574,6,3,High,951.92460427075,250.0924410048894,275.3837572465181
Mine_D_Balaghat,12,2023,1459.1295447855405,946.9581681354997,28.46212699970862,0.8846324188036228,18,5,1611.559642433871,5,3,High,813.5307683618031,951.92460427075,250.0924410048894
Mine_D_Balaghat,1,2024,1336.312411222948,858.5047068471409,28.884781050869506,0.8431247512658425,22,5,1727.4942215453839,5,2,High,946.9581681354997,813.5307683618031,951.92460427075
Mine_D_Balaghat,2,2024,988.5565172985384,564.1972688924066,7.675596441368987,0.8012951354240107,17,4,1254.1324236433325,5,3,High,858.5047068471409,946.9581681354997,813.5307683618031
Mine_D_Balaghat,3,2024,603.9455403300926,315.3226535741897,2.4664930396725016,0.8194091453698242,16,3,777.603627782028,8,2,High,564.1972688924066,858.5047068471409,946.9581681354997
Mine_D_Balaghat,4,2024,770.5128802812395,715.4369423849101,48.023056054459126,0.9018001094907768,18,4,862.3532535246568,7,4,Medium,315.3226535741897,564.1972688924066,858.5047068471409
Mine_D_Balaghat,5,2024,744.1675871277694,569.1962652334184,15.833321158573,0.85088024411507,18,4,905.4969622006871,7,3,High,715.4369423849101,315.3226535741897,564.1972688924066
Mine_D_Balaghat,6,2024,1386.4758252221002,415.94274756663003,329.4340473544471,0.7358062410441024,10,2,1764.070217713949,8,2,High,569.1962652334184,715.4369423849101,315.3226535741897
Mine_D_Balaghat,7,2024,866.5019623566677,259.9505887070003,369.5930438235463,0.6583572218773543,8,1,978.3461026572488,8,2,High,415.94274756663003,569.1962652334184,715.4369423849101
Mine_D_Balaghat,8,2024,626.1031448240774,187.8309434472232,422.8499046183704,0.7008305730467042,11,2,745.2918225148265,8,3,High,259.9505887070003,415.94274756663003,569.1962652334184
Mine_D_Balaghat,9,2024,977.9516075646993,295.62098334204126,229.83899868177235,0.7618786502436699,12,2,1106.4524979387356,5,4,High,187.8309434472232,259.9505887070003,415.94274756663003
Mine_D_Balaghat,10,2024,1231.823273757988,959.3834005400288,45.19755623360051,0.8811835880190803,22,3,1537.2558725594747,5,4,High,295.62098334204126,187.8309434472232,259.9505887070003
Mine_D_Balaghat,11,2024,1157.7084698434405,989.3145942715842,44.2715763263803,0.869823526382925,24,5,1362.5727954171273,8,2,High,959.3834005400288,295.62098334204126,187.8309434472232
Mine_D_Balaghat,12,2024,1379.974881013693,1068.1330220401182,40.06136505351561,0.9969715062962285,18,3,1645.9381013537595,5,4,High,989.3145942715842,959.3834005400288,295.62098334204126
Mine_D_Balaghat,1,2025,792.0253156556346,780.441686897134,22.035146505540006,0.9839015724386972,25,4,985.0576763657938,5,4,Low,1068.1330220401182,989.3145942715842,959.3834005400288
Mine_D_Balaghat,2,2025,1311.406213018437,1034.180276388593,27.01903433986806,0.9993725344133422,25,4,1628.8824519084624,6,2,High,780.441686897134,1068.1330220401182,989.3145942715842
Mine_D_Balaghat,3,2025,1356.571704842389,1198.2986994997436,28.11948279813048,0.9886855980456767,22,5,1550.6794717337852,5,3,High,1034.180276388593,780.441686897134,1068.1330220401182
Mine_D_Balaghat,4,2025,611.7659406869968,505.23112430709284,14.402647155142134,0.9886940941393219,23,5,679.1121801965435,6,2,High,1198.2986994997436,1034.180276388593,780.441686897134
Mine_D_Balaghat,5,2025,1252.5366141589063,1100.9647716308166,47.088469885869564,0.9655383477538582,21,5,1448.7592199140051,6,3,High,505.23112430709284,1198.2986994997436,1034.180276388593
Mine_D_Balaghat,6,2025,599.6223948229348,179.88671844688042,447.87534050033105,0.7979442578298681,7,1,752.1579800084322,5,3,High,1100.9647716308166,505.23112430709284,1198.2986994997436
Mine_D_Balaghat,7,2025,1156.7313025480612,347.01939076441835,416.09445751047895,0.6348022371237522,12,1,1439.9157609387257,5,3,High,179.88671844688042,1100.9647716308166,505.23112430709284
Mine_D_Balaghat,8,2025,1073.6804424688162,322.10413274064484,313.77096656707334,0.7685576429970327,9,2,1289.0969938616286,6,2,High,347.01939076441835,179.88671844688042,1100.9647716308166
Mine_D_Balaghat,9,2025,720.4821250799129,216.14463752397384,440.71240914390444,0.7364563026883526,6,1,867.8875172949581,5,2,High,322.10413274064484,347.01939076441835,179.88671844688042
Mine_D_Balaghat,10,2025,980.2868678861059,646.1481176093722,2.9908712568944953,0.9318213827630386,20,3,1093.8997886830603,7,2,High,216.14463752397384,322.10413274064484,347.01939076441835
Mine_D_Balaghat,11,2025,1122.0636309768006,579.3230232666346,4.271744699148433,0.8760892584526261,20,3,1241.6267027108977,6,2,High,646.1481176093722,216.14463752397384,322.10413274064484
Mine_D_Balaghat,12,2025,1023.0558707238436,920.9585588056309,18.385451280206727,0.9561896457935055,25,4,1312.4618399509045,6,3,Medium,579.3230232666346,646.1481176093722,216.14463752397384
Mine_E_Kandri,1,2016,1010.5670106790033,1021.5219654163426,8.853391497602292,0.9039799983221707,25,5,1292.7893669966772,5,4,Low,1021.5219654163426,1021.5219654163426,1021.5219654163426
Mine_E_Kandri,2,2016,704.1680985485064,557.7795102878212,40.37751121384928,0.9761649247604113,15,5,899.493163645518,5,4,High,1021.5219654163426,1021.5219654163426,1021.5219654163426
Mine_E_Kandri,3,2016,837.2704655447774,779.5741440463244,8.602074884702137,0.8485551210607963,22,3,992.342416045132,8,4,Medium,557.7795102878212,1021.5219654163426,1021.5219654163426
Mine_E_Kandri,4,2016,650.9815237125595,482.8219227648044,10.615378655451291,0.8580001493101637,18,3,788.4810883472678,8,3,High,779.5741440463244,557.7795102878212,1021.5219654163426
Mine_E_Kandri,5,2016,857.9138024289318,629.539486194193,13.35047282644708,0.8802193136515036,24,3,1024.4218981460629,8,2,High,482.8219227648044,779.5741440463244,557.7795102878212
Mine_E_Kandri,6,2016,712.2671268428256,213.6801380528477,343.9150601549085,0.66962785022411,12,1,897.890395958869,5,2,High,629.539486194193,482.8219227648044,779.5741440463244
Mine_E_Kandri,7,2016,1396.587277183733,469.9287748465516,252.98177823394826,0.7349313286242585,14,1,1761.760460592164,6,4,High,213.6801380528477,629.539486194193,482.8219227648044
Mine_E_Kandri,8,2016,794.7990947734027,283.86288285477036,327.379218612546,0.6847177547940212,14,2,1000.8814558583613,8,4,High,469.9287748465516,213.6801380528477,629.539486194193
Mine_E_Kandri,9,2016,1398.126920077717,419.4380760233151,419.408320211223,0.633444720761459,12,2,1580.9953710365946,5,2,High,283.86288285477036,469.9287748465516,213.6801380528477
Mine_E_Kandri,10,2016,742.2259190928775,514.9387293090003,30.14632044972633,0.9991703859152736,17,4,862.5185713685954,7,2,High,419.4380760233151,283.86288285477036,469.9287748465516
Mine_E_Kandri,11,2016,510.7832227222634,395.0360355065168,22.019045548535825,0.9577538694158613,20,5,648.3805874559464,5,3,High,514.9387293090003,419.4380760233151,283.86288285477036
Mine_E_Kandri,12,2016,943.6598592100167,862.8634700152866,48.35747084384948,0.8941227142747972,17,4,1203.1901768941307,8,3,Medium,395.0360355065168,514.9387293090003,419.4380760233151
Mine_E_Kandri,1,2017,517.5876342524484,411.89623593547174,42.1245652512832,0.8880921065877476,15,4,616.0893109305756,8,3,High,862.8634700152866,395.0360355065168,514.9387293090003
Mine_E_Kandri,2,2017,774.9719568297363,849.2710103809231,49.50320842330414,0.9821477451361483,20,5,881.5893800791438,7,4,Low,411.89623593547174,862.8634700152866,395.0360355065168
Mine_E_Kandri,3,2017,1368.3053732447866,1156.0897348090061,21.27262932390738,0.870790621984749,24,3,1581.0580939471463,8,3,High,849.2710103809231,411.89623593547174,862.8634700152866
Mine_E_Kandri,4,2017,921.1457202976201,486.5962497010592,37.38192784965534,0.8669413504446979,20,3,1128.277093689185,6,2,High,1156.0897348090061,849.2710103809231,411.89623593547174
Mine_E_Kandri,5,2017,774.1046876632477,645.6976057621897,6.977796044873719,0.9999363069430336,19,4,969.8081533955026,6,3,High,486.5962497010592,1156.0897348090061,849.2710103809231
Mine_E_Kandri,6,2017,1335.2202799948736,400.5660839984621,345.06393156719304,0.7545758374278171,5,1,1702.8207957395307,6,4,High,645.6976057621897,486.5962497010592,1156.0897348090061
Mine_E_Kandri,7,2017,1082.1730627718543,324.6519188315563,266.39877488708896,0.7766262027226262,13,1,1277.7796308269174,5,4,High,400.5660839984621,645.6976057621897,486.5962497010592
Mine_E_Kandri,8,2017,1036.6372383569378,310.99117150708133,434.0456583867079,0.6927298481019701,6,1,1315.27607356177,8,4,High,324.6519188315563,400.5660839984621,645.6976057621897
Mine_E_Kandri,9,2017,1322.4371169054598,396.73113507163794,433.85026175130815,0.7438271054591515,10,1,1644.9996756610487,7,3,High,310.99117150708133,324.6519188315563,400.5660839984621
Mine_E_Kandri,10,2017,673.400401675684,738.2544031944108,47.90707487803553,0.9258758548512914,25,4,753.9569617800939,7,4,Low,396.73113507163794,310.99117150708133,324.6519188315563
Mine_E_Kandri,11,2017,914.4113199415173,642.1237683068271,32.672737239925794,0.8711573247223396,24,3,1018.3864399497085,6,3,High,738.2544031944108,396.73113507163794,310.99117150708133
Mine_E_Kandri,12,2017,1318.0095152105273,1345.2885756642913,25.790005299586543,0.9375493801089461,18,5,1571.2852186088453,7,4,Low,642.1237683068271,738.2544031944108,396.73113507163794
Mine_E_Kandri,1,2018,649.5091112800558,586.7518355229286,27.377984993721498,0.9880438989333724,16,3,838.04898228906,8,4,Medium,1345.2885756642913,642.1237683068271,738.2544031944108
Mine_E_Kandri,2,2018,504.2065452760373,307.90578960162713,8.194447339423267,0.9164004924561937,21,3,617.5339009250732,5,3,High,586.7518355229286,1345.2885756642913,642.1237683068271
Mine_E_Kandri,3,2018,542.2716352217761,401.8513537477478,31.06799507978218,0.8349957017908387,21,4,673.7046165666209,7,3,High,307.90578960162713,586.7518355229286,1345.2885756642913
Mine_E_Kandri,4,2018,1008.2409786985202,663.7574703149954,46.20121306384324,0.9139266122141769,15,5,1198.2854880623254,6,2,High,401.8513537477478,307.90578960162713,586.7518355229286
Mine_E_Kandri,5,2018,532.5356030272851,557.0269645596451,18.72426334595245,0.8995894667016069,24,5,658.9748739826292,8,3,Low,663.7574703149954,401.8513537477478,307.90578960162713
Mine_E_Kandri,6,2018,1256.8815180210026,377.0644554063008,450.22257951731234,0.6937743813953221,13,2,1590.4803833436522,8,2,High,557.0269645596451,663.7574703149954,401.8513537477478
Mine_E_Kandri,7,2018,1328.2573867905232,398.47721603715695,345.90932554499676,0.7624840926433333,8,1,1664.3449828423013,6,2,High,377.0644554063008,557.0269645596451,663.7574703149954
Mine_E_Kandri,8,2018,1417.1281764850314,559.4200908434818,201.17800583639718,0.7990485931135369,14,2,1591.5301239570795,6,3,High,398.47721603715695,377.0644554063008,557.0269645596451
Mine_E_Kandri,9,2018,728.483547990047,218.5450643970141,462.74209665540235,0.792974785877509,9,1,826.976942183307,5,3,High,559.4200908434818,398.47721603715695,377.0644554063008
Mine_E_Kandri,10,2018,1217.943221594275,850.3857027907762,18.208582047888015,0.8832664004352164,17,4,1370.6743567063122,8,2,High,218.5450643970141,559.4200908434818,398.47721603715695
Mine_E_Kandri,11,2018,928.581859293113,813.1323440783887,35.091983979723885,0.9436153874719193,24,4,1130.4284714760047,6,3,High,850.3857027907762,218.5450643970141,559.4200908434818
Mine_E_Kandri,12,2018,773.6301257265646,791.7305271726979,4.230563075194299,0.9829966519196145,19,5,907.6568780393451,6,4,Low,813.1323440783887,850.3857027907762,218.5450643970141
Mine_E_Kandri,1,2019,843.2693571641372,522.8212270073129,28.988686088575626,0.864003662994385,15,5,1051.9471188049756,5,3,High,791.7305271726979,813.1323440783887,850.3857027907762
Mine_E_Kandri,2,2019,1207.2525285834176,947.3615017129052,0.016161584040697008,0.8843926732417171,22,4,1506.3374827650973,6,3,High,522.8212270073129,791.7305271726979,813.1323440783887
Mine_E_Kandri,3,2019,1094.7598801286852,1340.9395462025495,29.77806521933545,0.9064105702369524,25,5,1419.1770149225922,7,4,Low,947.3615017129052,522.8212270073129,791.7305271726979
Mine_E_Kandri,4,2019,1122.6884933467077,754.763687944069,31.09971367696824,0.8622876137472202,17,4,1332.8883551998051,7,3,High,1340.9395462025495,947.3615017129052,522.8212270073129
Mine_E_Kandri,5,2019,866.8550262593901,518.0645647124508,21.502898752440817,0.9376539905610423,17,4,1116.239326910201,6,2,High,754.763687944069,1340.9395462025495,947.3615017129052
Mine_E_Kandri,6,2019,580.5917193567049,206.5131561762864,257.4096588696219,0.7493117363064382,10,2,659.1641725577183,8,4,High,518.0645647124508,754.763687944069,1340.9395462025495
Mine_E_Kandri,7,2019,856.3823948378468,256.914718451354,377.37531659862964,0.7460757153692964,14,1,952.0207594725129,5,3,High,206.5131561762864,518.0645647124508,754.763687944069
Mine_E_Kandri,8,2019,1313.4316728132176,394.02950184396525,372.2216106123685,0.7359062677871258,8,2,1500.8866775320155,7,2,High,256.914718451354,206.5131561762864,518.0645647124508
Mine_E_Kandri,9,2019,993.7615892785053,298.1284767835516,466.3191551267102,0.6768868962073147,10,2,1108.3891384441167,7,2,High,394.02950184396525,256.914718451354,206.5131561762864
Mine_E_Kandri,10,2019,1443.8162463167241,910.0094912901342,14.410113951196196,0.8889604855937338,19,3,1764.8428085373944,6,3,High,298.1284767835516,394.02950184396525,256.914718451354
Mine_E_Kandri,11,2019,1464.0281610084137,1214.9411324038977,36.1401876086908,0.8904090879854926,18,5,1891.884454335442,8,2,High,910.0094912901342,298.1284767835516,394.02950184396525
Mine_E_Kandri,12,2019,929.3806258215644,708.0713724220672,44.07583988023499,0.8518497218607377,15,5,1084.607672549717,6,4,High,1214.9411324038977,910.0094912901342,298.1284767835516
Mine_E_Kandri,1,2020,1111.8450609240545,1078.7341626173427,3.610015381057463,0.9120893630786396,25,3,1316.3775796624468,7,4,Low,708.0713724220672,1214.9411324038977,910.0094912901342
Mine_E_Kandri,2,2020,1287.4613052384857,1263.6453552328098,2.2925482446683243,0.8958729590872275,22,4,1541.7199233139122,7,4,Low,1078.7341626173427,708.0713724220672,1214.9411324038977
Mine_E_Kandri,3,2020,668.7981295128095,609.0724213216666,48.85849910354165,0.8962803424485806,24,5,765.685079324882,6,3,Medium,1263.6453552328098,1078.7341626173427,708.0713724220672
Mine_E_Kandri,4,2020,923.2889090331967,627.6304646061094,45.12283919637756,0.9402958743793425,15,5,1120.3623121031412,5,3,High,609.0724213216666,1263.6453552328098,1078.7341626173427
Mine_E_Kandri,5,2020,612.0472192745044,433.2022571040068,2.675958773118409,0.9580883732637722,18,3,708.6147050586432,5,4,High,627.6304646061094,609.0724213216666,1263.6453552328098
Mine_E_Kandri,6,2020,1036.5741242090776,333.0800732721634,283.27968942043026,0.761956952117162,12,2,1163.2422493634108,5,4,High,433.2022571040068,627.6304646061094,609.0724213216666
Mine_E_Kandri,7,2020,1292.8549801434046,387.85649404302137,464.72584987176833,0.6133811276118776,8,2,1660.5963605191212,7,4,High,333.0800732721634,433.2022571040068,627.6304646061094
Mine_E_Kandri,8,2020,1020.6448388642573,306.1934516592772,388.3649863775925,0.6032162804008445,6,1,1299.0829668891208,7,3,High,387.85649404302137,333.0800732721634,433.2022571040068
Mine_E_Kandri,9,2020,1196.686149465343,359.0058448396029,481.8704063636515,0.627158131668077,12,1,1502.0348890341097,5,2,High,306.1934516592772,387.85649404302137,333.0800732721634
Mine_E_Kandri,10,2020,1368.0406886474075,1251.2940330010535,31.86474000804691,0.9317851086399296,21,5,1596.3604547012937,6,3,Medium,359.0058448396029,306.1934516592772,387.85649404302137
Mine_E_Kandri,11,2020,1374.076127069379,1038.208320892547,18.454828409962825,0.8905085861650371,23,3,1688.3381756323115,5,4,High,1251.2940330010535,359.0058448396029,306.1934516592772
Mine_E_Kandri,12,2020,1034.947775052429,706.6629178733599,35.37863738832795,0.8564523932615768,18,5,1232.1877571285233,5,3,High,1038.208320892547,1251.2940330010535,359.0058448396029
Mine_E_Kandri,1,2021,762.6921005660093,474.3658524974935,42.47196676638667,0.8505582336828981,20,3,905.0713551427149,8,2,High,706.6629178733599,1038.208320892547,1251.2940330010535
Mine_E_Kandri,2,2021,1051.5845627877077,876.2975952110586,43.262653040398035,0.8263506859182272,24,4,1231.3105530550088,7,3,High,474.3658524974935,706.6629178733599,1038.208320892547
Mine_E_Kandri,3,2021,1282.9399398596793,1416.6804885572365,7.23309053585115,0.9309063793234789,21,5,1622.2072115636165,7,4,Low,876.2975952110586,474.3658524974935,706.6629178733599
Mine_E_Kandri,4,2021,640.2669317573543,471.96578467712783,21.213322192015703,0.979012311347898,22,5,763.0616488489798,5,2,High,1416.6804885572365,876.2975952110586,474.3658524974935
Mine_E_Kandri,5,2021,1373.1290861226325,974.7952914269994,31.338332646397475,0.8012500658968855,19,3,1529.1990488702456,8,3,High,471.96578467712783,1416.6804885572365,876.2975952110586
Mine_E_Kandri,6,2021,1073.878603436683,322.1635810310049,394.0790791512617,0.626670748764991,12,2,1272.766903090988,8,2,High,974.7952914269994,471.96578467712783,1416.6804885572365
Mine_E_Kandri,7,2021,1264.6798563250745,379.40395689752233,283.61965392670265,0.689754404859579,10,1,1487.5607540945364,6,3,High,322.1635810310049,974.7952914269994,471.96578467712783
Mine_E_Kandri,8,2021,700.4772710015044,210.14318130045132,440.92328417986755,0.7341822668548019,10,1,854.5174640114183,8,3,High,379.40395689752233,322.1635810310049,974.7952914269994
Mine_E_Kandri,9,2021,1277.323683063557,383.19710491906704,371.44313547172493,0.7416244408223736,6,1,1448.1340083131954,7,4,High,210.14318130045132,379.40395689752233,322.1635810310049
Mine_E_Kandri,10,2021,650.7506962996827,709.3627055232234,16.75999825852258,0.8714664242114681,18,5,799.791799945229,8,4,Low,383.19710491906704,210.14318130045132,379.40395689752233
Mine_E_Kandri,11,2021,560.3661380217693,636.865298960677,11.79932875146129,0.9254224653715871,24,5,683.3530928316045,8,3,Low,709.3627055232234,383.19710491906704,210.14318130045132
Mine_E_Kandri,12,2021,1290.6256601837595,1105.2007384045273,48.07874670887154,0.9821202357051114,18,5,1553.094392512895,6,3,High,636.865298960677,709.3627055232234,383.19710491906704
Mine_E_Kandri,1,2022,1202.0295499825625,846.9051998454663,26.719426484812693,0.9079195106515742,16,4,1530.5210308596813,5,4,High,1105.2007384045273,636.865298960677,709.3627055232234
Mine_E_Kandri,2,2022,1374.9772069979504,1213.4058321504276,6.1222105033248875,0.8665110845968849,22,4,1621.3121831385743,6,4,High,846.9051998454663,1105.2007384045273,636.865298960677
Mine_E_Kandri,3,2022,832.0710431875004,675.0489283226918,34.02118492357513,0.8941249215251255,20,3,1061.6306959290816,8,3,High,1213.4058321504276,846.9051998454663,1105.2007384045273
Mine_E_Kandri,4,2022,690.9256729577852,342.1590583717749,32.930777150327245,0.8734650204361516,19,3,807.407003006031,6,2,High,675.0489283226918,1213.4058321504276,846.9051998454663
Mine_E_Kandri,5,2022,999.7481876071035,468.07901342516965,4.39646309488928,0.8046208175246777,17,4,1100.811065067607,5,2,High,342.1590583717749,675.0489283226918,1213.4058321504276
Mine_E_Kandri,6,2022,1409.0077347775891,422.7023204332767,462.09901743446636,0.6815780519134418,7,1,1616.9396460316998,6,3,High,468.07901342516965,342.1590583717749,675.0489283226918
Mine_E_Kandri,7,2022,1239.5691805700706,371.87075417102113,304.14468387686566,0.7158020589679175,5,1,1383.6014799322627,7,2,High,422.7023204332767,468.07901342516965,342.1590583717749
Mine_E_Kandri,8,2022,1279.5341131629034,383.860233948871,428.86905932295736,0.6970149054167519,8,1,1505.2764271098806,5,3,High,371.87075417102113,422.7023204332767,468.07901342516965
Mine_E_Kandri,9,2022,551.0699844773453,165.32099534320358,454.6841151632817,0.6298309528498245,5,2,680.7822771522142,7,2,High,383.860233948871,371.87075417102113,422.7023204332767
Mine_E_Kandri,10,2022,547.1125263955954,565.8968474823597,40.587740644984194,0.9396798684911657,25,5,614.2443633591753,5,4,Low,165.32099534320358,383.860233948871,371.87075417102113
Mine_E_Kandri,11,2022,1106.307042419261,823.4637335780062,15.2304160872756,0.8752619075291794,24,3,1385.2307167026754,8,2,High,565.8968474823597,165.32099534320358,383.860233948871
Mine_E_Kandri,12,2022,1080.1460166513664,715.5356103053567,15.125130363068601,0.988724812723707,17,5,1199.8631267580151,6,2,High,823.4637335780062,565.8968474823597,165.32099534320358
Mine_E_Kandri,1,2023,1074.1669263780136,940.5301490063673,29.823590989570697,0.8352523916165622,18,3,1381.9345570051337,8,4,High,715.5356103053567,823.4637335780062,565.8968474823597
Mine_E_Kandri,2,2023,748.8017126573914,767.9547452475019,6.471565277323865,0.9469505886839531,19,5,951.0397554331481,6,4,Low,940.5301490063673,715.5356103053567,823.4637335780062
Mine_E_Kandri,3,2023,636.5848874036126,521.5846833596588,35.39681401643745,0.8074145572237783,24,5,779.4766846002385,8,2,High,767.9547452475019,940.5301490063673,715.5356103053567
Mine_E_Kandri,4,2023,1485.0051532730195,1004.0417266705946,12.059103857281128,0.8454433148107874,16,5,1895.07573907097,8,2,High,521.5846833596588,767.9547452475019,940.5301490063673
Mine_E_Kandri,5,2023,807.2351593887408,633.8055726068891,1.4120827480769371,0.8974385416801288,17,3,942.0143300496616,7,4,High,1004.0417266705946,521.5846833596588,767.9547452475019
Mine_E_Kandri,6,2023,1085.5912975175552,325.6773892552665,231.99983618921223,0.6596191414738571,8,2,1296.360832154827,5,2,High,633.8055726068891,1004.0417266705946,521.5846833596588
Mine_E_Kandri,7,2023,1124.1693211540614,337.2507963462184,220.7814692051278,0.7898177443963905,8,1,1260.3381067565576,7,2,High,325.6773892552665,633.8055726068891,1004.0417266705946
Mine_E_Kandri,8,2023,1001.1017003815753,300.3305101144726,337.6110810684378,0.7080238089401745,12,2,1148.774333536976,5,2,High,337.2507963462184,325.6773892552665,633.8055726068891
Mine_E_Kandri,9,2023,761.7814149658925,228.53442448976776,445.51682430576074,0.6428194521371953,10,1,871.007068187299,8,4,High,300.3305101144726,337.2507963462184,325.6773892552665
Mine_E_Kandri,10,2023,881.5942923948924,426.85224801619427,3.720731822387741,0.8011913239317658,18,3,1114.5354830382043,5,3,High,228.53442448976776,300.3305101144726,337.2507963462184
Mine_E_Kandri,11,2023,837.1977508527513,721.6712400702947,1.8916225618530291,0.8050235653884247,20,5,996.3788554941567,8,3,High,426.85224801619427,228.53442448976776,300.3305101144726
Mine_E_Kandri,12,2023,796.6151340924063,607.6427860233558,16.95357149250517,0.9281524797577667,23,3,959.5074254252162,5,4,High,721.6712400702947,426.85224801619427,228.53442448976776
Mine_E_Kandri,1,2024,732.895444065967,516.3595189748543,35.23267778149409,0.9455110470841777,21,3,913.5648512046834,7,2,High,607.6427860233558,721.6712400702947,426.85224801619427
Mine_E_Kandri,2,2024,508.4148961957325,323.9601236365537,45.308944907520264,0.809707121134087,15,4,641.1112103040143,8,2,High,516.3595189748543,607.6427860233558,721.6712400702947
Mine_E_Kandri,3,2024,1086.9156565528892,890.2250968165259,13.215320742528375,0.834253801505724,23,3,1289.1945661393102,8,3,High,323.9601236365537,516.3595189748543,607.6427860233558
Mine_E_Kandri,4,2024,1052.1165199979546,704.0838336903495,30.823394437053953,0.8930141966123177,22,4,1258.8022788088688,6,2,High,890.2250968165259,323.9601236365537,516.3595189748543
Mine_E_Kandri,5,2024,1264.980931343514,843.457050805876,20.716198700779938,0.9285907495983262,17,4,1590.2814783057963,7,2,High,704.0838336903495,890.2250968165259,323.9601236365537
Mine_E_Kandri,6,2024,1426.1311715185564,427.8393514555669,303.75686024606046,0.6428553571128235,5,1,1678.0725343869976,5,4,High,843.457050805876,704.0838336903495,890.2250968165259
Mine_E_Kandri,7,2024,893.770246587884,268.1310739763652,345.3680984899927,0.7348108992986131,6,2,1152.7076843912312,5,3,High,427.8393514555669,843.457050805876,704.0838336903495
Mine_E_Kandri,8,2024,1418.6216800764823,425.58650402294467,309.3631771833009,0.7855992173472414,5,1,1778.9470802564592,6,2,High,268.1310739763652,427.8393514555669,843.457050805876
Mine_E_Kandri,9,2024,1200.615637417006,360.18469122510174,377.0714865552497,0.7830296394240215,9,2,1374.620490100602,7,3,High,425.58650402294467,268.1310739763652,427.8393514555669
Mine_E_Kandri,10,2024,1379.8688830342526,864.6451020987738,40.12443732665692,0.9109806968389971,18,4,1570.0351605755632,5,3,High,360.18469122510174,425.58650402294467,268.1310739763652
Mine_E_Kandri,11,2024,700.6680461686942,788.2359938111025,38.5846404818083,0.9285823664738753,25,4,886.1631542434586,7,4,Low,864.6451020987738,360.18469122510174,425.58650402294467
Mine_E_Kandri,12,2024,622.9346025908246,468.4529614227258,7.9052696117980545,0.9825375906940659,17,3,742.7499433225862,7,3,High,788.2359938111025,864.6451020987738,360.18469122510174
Mine_E_Kandri,1,2025,970.1243546934991,1040.907471759588,11.148372826668334,0.9859764312768854,23,4,1124.1996377189614,6,4,Low,468.4529614227258,788.2359938111025,864.6451020987738
Mine_E_Kandri,2,2025,1051.532935495081,635.7582418333184,16.662416503045957,0.8164937266637359,23,3,1320.178739889394,7,2,High,1040.907471759588,468.4529614227258,788.2359938111025
Mine_E_Kandri,3,2025,1191.743259300792,557.2637053420552,14.373393824071456,0.8130468774199733,18,4,1479.7689092886205,5,2,High,635.7582418333184,1040.907471759588,468.4529614227258
Mine_E_Kandri,4,2025,760.4993580716,574.9293990005315,40.774429371142965,0.9516800664698958,22,5,963.4723886243227,5,2,High,557.2637053420552,635.7582418333184,1040.907471759588
Mine_E_Kandri,5,2025,934.3820243869693,731.0685560864418,49.84529082897347,0.9007272537154039,22,4,1035.5011174791157,8,2,High,574.9293990005315,557.2637053420552,635.7582418333184
Mine_E_Kandri,6,2025,1055.2038710542886,321.68220250865505,257.8617349550845,0.7339200494781848,12,1,1359.2796804987415,5,4,High,731.0685560864418,574.9293990005315,557.2637053420552
Mine_E_Kandri,7,2025,1048.8921924056244,314.6676577216873,439.4449042792804,0.790855344116641,12,1,1347.9333956456226,6,3,High,321.68220250865505,731.0685560864418,574.9293990005315
Mine_E_Kandri,8,2025,755.5810133773634,226.67430401320902,217.08391332477242,0.7713938768880896,7,1,860.2484905788726,8,2,High,314.6676577216873,321.68220250865505,731.0685560864418
Mine_E_Kandri,9,2025,923.5945789610734,277.078373688322,359.5551612949355,0.7686196984934803,14,1,1074.88722497343,8,3,High,226.67430401320902,314.6676577216873,321.68220250865505
Mine_E_Kandri,10,2025,813.8549008142984,762.1957061727348,14.757789157805663,0.9985478611387627,22,4,919.6827570642412,8,2,Medium,277.078373688322,226.67430401320902,314.6676577216873
Mine_E_Kandri,11,2025,1339.588796248413,1173.0849705037251,6.905482940150215,0.9967316104725414,19,4,1726.4601754003431,7,3,High,762.1957061727348,277.078373688322,226.67430401320902
Mine_E_Kandri,12,2025,514.0510937920063,412.78385795330087,24.325416043757485,0.9663809394471734,17,3,575.2981884072263,7,4,High,1173.0849705037251,762.1957061727348,277.078373688322
Mine_F_Gumgaon,1,2016,1326.5478068941993,1348.7375029870218,35.44224055996205,0.880064221842866,25,4,1525.9713703983778,8,3,Low,1348.7375029870218,1348.7375029870218,1348.7375029870218
Mine_F_Gumgaon,2,2016,616.3358813769358,470.2397709161976,30.330956665060615,0.8057480669143225,21,5,698.9406763017842,8,2,High,1348.7375029870218,1348.7375029870218,1348.7375029870218
Mine_F_Gumgaon,3,2016,644.1530999849335,578.8248438698971,27.8903544209511,0.9126357296661112,17,4,714.0885365640354,8,3,High,470.2397709161976,1348.7375029870218,1348.7375029870218
Mine_F_Gumgaon,4,2016,1029.7739465166471,786.7671087165506,46.11348844633622,0.944398724429281,24,3,1282.4136389334565,7,2,High,578.8248438698971,470.2397709161976,1348.7375029870218
Mine_F_Gumgaon,5,2016,1423.1548219611132,1308.1067782874397,13.371841445228577,0.8523996927467492,24,3,1681.9175431713086,7,4,Medium,786.7671087165506,578.8248438698971,470.2397709161976
Mine_F_Gumgaon,6,2016,1208.488078931808,362.54642367954244,306.43869659876384,0.7085664326084018,6,1,1367.9844511577332,7,2,High,1308.1067782874397,786.7671087165506,578.8248438698971
Mine_F_Gumgaon,7,2016,1153.5116685184637,346.0535005555391,394.88309036637105,0.7642996321830962,5,2,1339.0478003491226,7,3,High,362.54642367954244,1308.1067782874397,786.7671087165506
Mine_F_Gumgaon,8,2016,1444.1678195850018,433.2503458755005,213.7415903890449,0.7256650229606569,9,2,1713.9979431211125,7,2,High,346.0535005555391,362.54642367954244,1308.1067782874397
Mine_F_Gumgaon,9,2016,594.7043892883074,178.41131678649222,257.35754389454667,0.7582704704257978,8,2,745.3990104471754,5,4,High,433.2503458755005,346.0535005555391,362.54642367954244
Mine_F_Gumgaon,10,2016,805.7424247799513,463.7905946343658,1.9321555909739718,0.8728061190688482,18,3,1034.6384765633372,5,3,High,178.41131678649222,433.2503458755005,346.0535005555391
Mine_F_Gumgaon,11,2016,631.3243584450247,347.34418442550486,14.307481670256722,0.8227557255144226,21,3,730.7484101415941,7,2,High,463.7905946343658,178.41131678649222,433.2503458755005
Mine_F_Gumgaon,12,2016,582.8933543440392,407.15825445762516,27.030562481716174,0.8157951988476474,23,3,650.006479924522,8,2,High,347.34418442550486,463.7905946343658,178.41131678649222
Mine_F_Gumgaon,1,2017,710.2787407413614,559.9181153379727,35.49810403088604,0.9549567990425636,18,3,801.3130273206623,6,4,High,407.15825445762516,347.34418442550486,463.7905946343658
Mine_F_Gumgaon,2,2017,1033.2089681377693,589.20449529534,25.278870274174604,0.8935596333986925,16,3,1253.5662879159488,8,2,High,559.9181153379727,407.15825445762516,347.34418442550486
Mine_F_Gumgaon,3,2017,1491.4982630172474,1419.744995642189,12.279730977224713,0.8718497060360471,15,5,1775.415767003348,7,4,Low,589.20449529534,559.9181153379727,407.15825445762516
Mine_F_Gumgaon,4,2017,1352.401343126161,1371.5844614842947,44.796530716588435,0.9488776530426029,20,3,1494.3124884549122,8,4,Low,1419.744995642189,589.20449529534,559.9181153379727
Mine_F_Gumgaon,5,2017,776.3145616495258,397.12825616883265,11.355744823889074,0.8766289551658347,15,5,905.5788438989524,5,2,High,1371.5844614842947,1419.744995642189,589.20449529534
Mine_F_Gumgaon,6,2017,887.6300568059188,266.28901704177565,379.9161697832898,0.6208592722510745,5,2,990.4586094480736,7,2,High,397.12825616883265,1371.5844614842947,1419.744995642189
Mine_F_Gumgaon,7,2017,1255.3567804266022,376.6070341279806,301.6866974906507,0.6916631217700684,5,2,1463.4591108317913,5,2,High,266.28901704177565,397.12825616883265,1371.5844614842947
Mine_F_Gumgaon,8,2017,650.7627437053428,195.22882311160285,365.576203754632,0.679764217187649,7,1,770.7115239539339,8,3,High,376.6070341279806,266.28901704177565,397.12825616883265
Mine_F_Gumgaon,9,2017,661.5047161834375,198.45141485503123,278.5345682418481,0.7001502411400236,8,1,777.3193206654546,8,2,High,195.22882311160285,376.6070341279806,266.28901704177565
Mine_F_Gumgaon,10,2017,666.5854428481249,569.4879618495503,28.922530069010023,0.973724940586486,19,5,771.4607424943183,7,2,High,198.45141485503123,195.22882311160285,376.6070341279806
Mine_F_Gumgaon,11,2017,1090.2814080564758,678.9273191908059,23.6825085359368,0.8657476774506068,17,4,1243.0779760149935,7,2,High,569.4879618495503,198.45141485503123,195.22882311160285
Mine_F_Gumgaon,12,2017,1377.7551314126003,1243.354444239098,44.47356170228817,0.9350126444899747,25,5,1530.611992656248,5,3,Medium,678.9273191908059,569.4879618495503,198.45141485503123
Mine_F_Gumgaon,1,2018,917.9048639290091,817.1878028798426,39.09817524997684,0.9892788013468018,18,3,1160.9995685908398,8,3,High,1243.354444239098,678.9273191908059,569.4879618495503
Mine_F_Gumgaon,2,2018,592.4410689129035,415.9956882908893,26.663940632979806,0.9748271431642068,20,4,695.0163291069972,6,2,High,817.1878028798426,1243.354444239098,678.9273191908059
Mine_F_Gumgaon,3,2018,1104.8856082288203,851.1448177868402,17.90537775673543,0.8511952498179071,17,5,1337.5449322611723,5,4,High,415.9956882908893,817.1878028798426,1243.354444239098
Mine_F_Gumgaon,4,2018,903.9896297434158,882.2068537031258,27.634313384371918,0.9029738686861848,21,5,1143.5051063872463,6,4,Low,851.1448177868402,415.9956882908893,817.1878028798426
Mine_F_Gumgaon,5,2018,777.9055021336226,618.0372685502829,15.961860557331109,0.9820679926693172,18,4,921.4233316854168,5,4,High,882.2068537031258,851.1448177868402,415.9956882908893
Mine_F_Gumgaon,6,2018,810.4915484212722,243.14746452638167,361.53501378601237,0.6431409134326633,5,2,967.2238759608445,7,2,High,618.0372685502829,882.2068537031258,851.1448177868402
Mine_F_Gumgaon,7,2018,1081.926884670082,324.5780654010246,462.55837827791066,0.7215863610102552,12,1,1365.546419853921,8,3,High,243.14746452638167,618.0372685502829,882.2068537031258
Mine_F_Gumgaon,8,2018,1067.050426893844,320.1151280681532,326.2173125345041,0.6191119887501175,14,1,1255.7914498504035,5,2,High,324.5780654010246,243.14746452638167,618.0372685502829
Mine_F_Gumgaon,9,2018,799.8513541195213,239.95540623585637,347.06045706552766,0.7857343914525561,10,1,986.0173560196797,7,2,High,320.1151280681532,324.5780654010246,243.14746452638167
Mine_F_Gumgaon,10,2018,1213.3413985461898,864.8322416311715,14.345033370346211,0.9723495958056794,19,4,1461.653448647668,5,3,High,239.95540623585637,320.1151280681532,324.5780654010246
Mine_F_Gumgaon,11,2018,881.2373546790297,1008.9387783407576,5.523654338517009,0.937408540830333,21,5,983.7993003071405,7,4,Low,864.8322416311715,239.95540623585637,320.1151280681532
Mine_F_Gumgaon,12,2018,696.1558074137388,577.0040654331918,44.0631456297498,0.982209340332305,25,4,888.0906484044968,5,3,High,1008.9387783407576,864.8322416311715,239.95540623585637
Mine_F_Gumgaon,1,2019,584.0082348767035,706.6897310791206,10.674939257363981,0.9862081082329816,25,5,710.5119251060538,8,3,Low,577.0040654331918,1008.9387783407576,864.8322416311715
Mine_F_Gumgaon,2,2019,1484.3811118710735,1136.2950216321717,41.79107475419881,0.9125787380479209,25,3,1691.7845811932425,6,3,High,706.6897310791206,577.0040654331918,1008.9387783407576
Mine_F_Gumgaon,3,2019,871.2996816774398,411.4615426224537,39.949032642149035,0.8709690041046458,15,4,1065.6237743707152,5,2,High,1136.2950216321717,706.6897310791206,577.0040654331918
Mine_F_Gumgaon,4,2019,759.7777790247196,518.512244243561,39.02386652856767,0.855934229073699,22,3,862.5785374598837,8,2,High,411.4615426224537,1136.2950216321717,706.6897310791206
Mine_F_Gumgaon,5,2019,545.7746630339441,492.84454385668965,31.193973223326317,0.9413391639422745,15,5,610.2870823331418,8,3,Medium,518.512244243561,411.4615426224537,1136.2950216321717
Mine_F_Gumgaon,6,2019,831.9411346295038,249.58234038885115,402.94558888503934,0.6201349075441807,10,1,1034.5342309599655,5,2,High,492.84454385668965,518.512244243561,411.4615426224537
Mine_F_Gumgaon,7,2019,833.6374444859064,250.0912333457719,486.9827082355189,0.7493466147677835,7,2,1005.2337010515404,7,4,High,249.58234038885115,492.84454385668965,518.512244243561
Mine_F_Gumgaon,8,2019,832.7674937172151,249.83024811516452,436.753944285997,0.7374573876496107,13,2,1075.3284163461494,7,3,High,250.0912333457719,249.58234038885115,492.84454385668965
Mine_F_Gumgaon,9,2019,1201.2941088644,371.83624314905495,462.7814145007989,0.7886127778620737,6,2,1541.8003856147695,8,4,High,249.83024811516452,250.0912333457719,249.58234038885115
Mine_F_Gumgaon,10,2019,508.7907904098118,529.3549425274833,27.738445007485318,0.8060499468073856,17,5,657.2422653623455,8,4,Low,371.83624314905495,249.83024811516452,250.0912333457719
Mine_F_Gumgaon,11,2019,1305.2696816603377,1188.7272456626151,30.431620669445802,0.9405016133506641,19,4,1533.895753431344,8,3,Medium,529.3549425274833,371.83624314905495,249.83024811516452
Mine_F_Gumgaon,12,2019,1040.8174807961586,1029.6312909217795,49.97275397997104,0.8645996844821827,17,5,1294.4962608926778,7,4,Low,1188.7272456626151,529.3549425274833,371.83624314905495
Mine_F_Gumgaon,1,2020,1242.4319361894409,791.0438517216721,11.878031551395734,0.8861702742067994,21,4,1409.7465942563447,6,2,High,1029.6312909217795,1188.7272456626151,529.3549425274833
Mine_F_Gumgaon,2,2020,1062.9454976697605,885.6545204013004,10.805684522623576,0.9716937167386616,15,4,1175.0791101098391,8,3,High,791.0438517216721,1029.6312909217795,1188.7272456626151
Mine_F_Gumgaon,3,2020,877.2003775484804,874.6174898259175,33.59342921366469,0.9243793527491799,21,4,1071.5348231771839,8,3,Low,885.6545204013004,791.0438517216721,1029.6312909217795
Mine_F_Gumgaon,4,2020,1144.332346371551,1230.4944789679405,40.636135981436404,0.8964550774822632,25,5,1478.1006381390885,8,3,Low,874.6174898259175,885.6545204013004,791.0438517216721
Mine_F_Gumgaon,5,2020,1400.2213121988384,912.7188973177578,10.105318102079764,0.8524565623750899,24,3,1675.960071675942,6,3,High,1230.4944789679405,874.6174898259175,885.6545204013004
Mine_F_Gumgaon,6,2020,1040.0869777440598,312.02609332321794,488.5855988681521,0.7916596636088205,11,1,1285.5805045877173,7,3,High,912.7188973177578,1230.4944789679405,874.6174898259175
Mine_F_Gumgaon,7,2020,1153.4171282613563,346.02513847840686,361.8426955009266,0.6226020508451274,5,2,1368.352600187003,5,4,High,312.02609332321794,912.7188973177578,1230.4944789679405
Mine_F_Gumgaon,8,2020,1422.9321566909784,426.8796470072935,362.7936147838296,0.6761284347780797,11,1,1699.5441729848021,7,3,High,346.02513847840686,312.02609332321794,912.7188973177578
Mine_F_Gumgaon,9,2020,1136.9642655748767,341.08927967246296,233.22768730471213,0.647153588553053,8,1,1285.5395612803975,5,4,High,426.8796470072935,346.02513847840686,312.02609332321794
Mine_F_Gumgaon,10,2020,1276.6556075902884,635.6856700939484,3.354441404015346,0.9808969072305536,16,3,1532.2301717455393,5,2,High,341.08927967246296,426.8796470072935,346.02513847840686
Mine_F_Gumgaon,11,2020,941.4803372425563,643.4106658971157,28.146407786812883,0.8824856512869086,18,3,1170.68010435976,6,4,High,635.6856700939484,341.08927967246296,426.8796470072935
Mine_F_Gumgaon,12,2020,790.4914662333645,527.9084293725841,36.70644709934892,0.8725765933375572,23,3,985.6869353653182,8,2,High,643.4106658971157,635.6856700939484,341.08927967246296
Mine_F_Gumgaon,1,2021,1132.708572652214,1186.0681363850822,38.13431545756317,0.9405788102851692,24,4,1259.0984884423885,8,3,Low,527.9084293725841,643.4106658971157,635.6856700939484
Mine_F_Gumgaon,2,2021,708.348897158757,785.9991303754879,30.5929477507347,0.836588417849237,21,5,853.5906450682302,8,4,Low,1186.0681363850822,527.9084293725841,643.4106658971157
Mine_F_Gumgaon,3,2021,570.7186513125554,324.35677881344407,48.53444081085247,0.9088178535033847,15,4,736.3051705315761,5,3,High,785.9991303754879,1186.0681363850822,527.9084293725841
Mine_F_Gumgaon,4,2021,810.2470388403198,992.5861345268181,16.387869278715893,0.9535625925912974,25,3,968.6130507107293,8,4,Low,324.35677881344407,785.9991303754879,1186.0681363850822
Mine_F_Gumgaon,5,2021,1394.2638361130312,1170.3272761867615,30.466278874044082,0.9461615586950242,20,3,1723.7486125746914,6,4,High,992.5861345268181,324.35677881344407,785.9991303754879
Mine_F_Gumgaon,6,2021,969.1445020504684,290.7433506151405,407.6327596466086,0.6448648394231222,12,2,1237.9945780519204,6,4,High,1170.3272761867615,992.5861345268181,324.35677881344407
Mine_F_Gumgaon,7,2021,1239.2951340678455,371.78854022035364,340.6128555844452,0.6062995008851026,11,1,1441.3321801928212,7,3,High,290.7433506151405,1170.3272761867615,992.5861345268181
Mine_F_Gumgaon,8,2021,1297.4137940697797,389.22413822093387,453.4594820090199,0.62411519500204,10,2,1666.934061169515,8,3,High,371.78854022035364,290.7433506151405,1170.3272761867615
Mine_F_Gumgaon,9,2021,615.2373111698444,184.5711933509533,303.02223210111697,0.6147909211493058,9,1,741.5024202663809,5,2,High,389.22413822093387,371.78854022035364,290.7433506151405
Mine_F_Gumgaon,10,2021,1001.4623307059381,837.9250069123215,46.32745302932174,0.9156573255571384,18,4,1239.8642901396986,8,3,High,184.5711933509533,389.22413822093387,371.78854022035364
Mine_F_Gumgaon,11,2021,584.0206514255393,584.9366496230488,39.49739666336751,0.8057504047380406,25,3,650.3691072471521,8,4,Low,837.9250069123215,184.5711933509533,389.22413822093387
Mine_F_Gumgaon,12,2021,956.1719399005652,1048.1387243167858,3.7108336361787284,0.9869416731870827,22,5,1104.472703610109,7,3,Low,584.9366496230488,837.9250069123215,184.5711933509533
Mine_F_Gumgaon,1,2022,559.209685790008,397.7814340525426,36.03757581040469,0.953338407032806,18,3,704.7288111697759,8,2,High,1048.1387243167858,584.9366496230488,837.9250069123215
Mine_F_Gumgaon,2,2022,716.6974647603625,742.2362255991262,26.621458485085768,0.8708935540747442,24,3,813.3184002424847,8,4,Low,397.7814340525426,1048.1387243167858,584.9366496230488
Mine_F_Gumgaon,3,2022,963.5815963552277,853.5584716098896,19.024387894352333,0.9641960759833382,21,3,1100.4947007019296,6,4,High,742.2362255991262,397.7814340525426,1048.1387243167858
Mine_F_Gumgaon,4,2022,1395.8869270062664,1009.7612402318023,37.35516167644954,0.9393329760684969,18,3,1673.5647518159612,7,3,High,853.5584716098896,742.2362255991262,397.7814340525426
Mine_F_Gumgaon,5,2022,848.1457571149405,569.5982463978149,26.883869545412114,0.9567236107373738,15,4,1084.5198913082893,6,3,High,1009.7612402318023,853.5584716098896,742.2362255991262
Mine_F_Gumgaon,6,2022,1033.1048850524037,356.13948944304184,234.65689962167073,0.7533561232899953,5,2,1195.1024276087803,8,4,High,569.5982463978149,1009.7612402318023,853.5584716098896
Mine_F_Gumgaon,7,2022,1071.6139178599708,405.09252580171204,314.8377969060181,0.7324386247256107,11,2,1331.1035245434703,8,4,High,356.13948944304184,569.5982463978149,1009.7612402318023
Mine_F_Gumgaon,8,2022,1488.816881207566,446.6450643622698,466.81842421211053,0.6433271105589252,14,2,1771.073712254751,5,4,High,405.09252580171204,356.13948944304184,569.5982463978149
Mine_F_Gumgaon,9,2022,1410.3388659298053,423.10165977894155,307.5116814655065,0.654531351489819,12,2,1632.6163649408138,6,4,High,446.6450643622698,405.09252580171204,356.13948944304184
Mine_F_Gumgaon,10,2022,927.9164202041173,723.04561526814,12.856915269034157,0.8902603099703094,15,5,1159.825907394321,6,4,High,423.10165977894155,446.6450643622698,405.09252580171204
Mine_F_Gumgaon,11,2022,1199.2628797967366,818.675073106442,9.42584022435154,0.8257420815517373,18,3,1488.7355000294838,7,3,High,723.04561526814,423.10165977894155,446.6450643622698
Mine_F_Gumgaon,12,2022,1358.7484918284508,764.9977457146504,6.146405628299728,0.9946401457983647,16,3,1715.550416909697,5,3,High,818.675073106442,723.04561526814,423.10165977894155
Mine_F_Gumgaon,1,2023,712.3082775607171,679.6582227444657,22.55956327737992,0.940184686855811,20,4,828.9464848214817,8,3,Low,764.9977457146504,818.675073106442,723.04561526814
Mine_F_Gumgaon,2,2023,1261.2563289309123,882.3993437651542,14.865273084708551,0.8485587259284733,19,4,1603.0397329080604,8,2,High,679.6582227444657,764.9977457146504,818.675073106442
Mine_F_Gumgaon,3,2023,502.18679613291516,545.8257017772867,30.930729055658396,0.861003494247861,23,5,556.02587074036,7,4,Low,882.3993437651542,679.6582227444657,764.9977457146504
Mine_F_Gumgaon,4,2023,876.2974708009059,472.85103611077244,16.545948275667893,0.8357032592741338,15,4,1005.7876636783923,6,2,High,545.8257017772867,882.3993437651542,679.6582227444657
Mine_F_Gumgaon,5,2023,1220.2714712717338,789.9917744105699,0.1477431237815241,0.9464657616559711,25,4,1470.6980773793325,5,2,High,472.85103611077244,545.8257017772867,882.3993437651542
Mine_F_Gumgaon,6,2023,693.5555482847543,208.0666644854263,280.48370265512915,0.6189170582909767,6,1,812.5564302913211,8,2,High,789.9917744105699,472.85103611077244,545.8257017772867
Mine_F_Gumgaon,7,2023,944.3482307769088,283.30446923307267,204.0694314614201,0.6756193877342511,13,1,1093.8374973128668,8,2,High,208.0666644854263,789.9917744105699,472.85103611077244
Mine_F_Gumgaon,8,2023,813.2313115408624,243.96939346225872,278.64804485539355,0.6969307577411341,13,1,940.4906061492137,5,3,High,283.30446923307267,208.0666644854263,789.9917744105699
Mine_F_Gumgaon,9,2023,1273.404928641742,382.02147859252256,292.27224320514284,0.6789068509214699,10,1,1422.4518814708265,7,2,High,243.96939346225872,283.30446923307267,208.0666644854263
Mine_F_Gumgaon,10,2023,1084.2470986880148,853.5794804365951,6.845936213336773,0.8096764348606211,19,5,1226.6729769189178,5,4,High,382.02147859252256,243.96939346225872,283.30446923307267
Mine_F_Gumgaon,11,2023,1316.853871637682,792.733719616117,20.496081688991495,0.8533845641998239,18,5,1505.3719714351264,6,2,High,853.5794804365951,382.02147859252256,243.96939346225872
Mine_F_Gumgaon,12,2023,1265.656814565879,1166.6047349583173,25.570849719798115,0.9258826145825614,21,5,1629.8702766857775,5,4,Medium,792.733719616117,853.5794804365951,382.02147859252256
Mine_F_Gumgaon,1,2024,504.025983606737,301.57033419345595,14.71554707858363,0.8569456006949796,23,3,631.0182204308675,6,2,High,1166.6047349583173,792.733719616117,853.5794804365951
Mine_F_Gumgaon,2,2024,1247.7996105527036,571.4609873585256,35.64169963737612,0.9118297823336062,16,3,1549.2992538674985,5,2,High,301.57033419345595,1166.6047349583173,792.733719616117
Mine_F_Gumgaon,3,2024,601.682002826878,608.1384931306806,13.530567199869747,0.8110465687475268,25,5,679.2367658696102,6,4,Low,571.4609873585256,301.57033419345595,1166.6047349583173
Mine_F_Gumgaon,4,2024,967.7834447901366,720.4473619994423,12.192492686918122,0.8632654871412421,24,4,1175.732204496848,7,2,High,608.1384931306806,571.4609873585256,301.57033419345595
Mine_F_Gumgaon,5,2024,809.4164514744948,614.2303064736714,5.556089871603776,0.9273252818274194,18,5,918.8871368308849,7,2,High,720.4473619994423,608.1384931306806,571.4609873585256
Mine_F_Gumgaon,6,2024,1477.8298643799458,443.3489593139837,228.23767780709426,0.6143488030891456,10,1,1800.513256098269,6,3,High,614.2303064736714,720.4473619994423,608.1384931306806
Mine_F_Gumgaon,7,2024,658.3897960167975,197.51693880503925,400.56193206642365,0.7406670925450871,10,1,846.9086775426396,8,2,High,443.3489593139837,614.2303064736714,720.4473619994423
Mine_F_Gumgaon,8,2024,778.1370534138141,233.4411160241442,258.97657340792637,0.7614763997537112,6,1,944.2123622115769,6,3,High,197.51693880503925,443.3489593139837,614.2303064736714
Mine_F_Gumgaon,9,2024,1483.0471706266026,452.31579352153324,206.1585281202275,0.7692648394734349,14,2,1737.8263480753324,7,2,High,233.4411160241442,197.51693880503925,443.3489593139837
Mine_F_Gumgaon,10,2024,524.6238124449317,344.2066695460789,0.8107639787038434,0.9227020351421866,22,3,665.1869532136386,5,3,High,452.31579352153324,233.4411160241442,197.51693880503925
Mine_F_Gumgaon,11,2024,1013.6416578064529,750.5204434689924,1.7412970763420466,0.8912715776273336,21,3,1189.8916856195253,5,4,High,344.2066695460789,452.31579352153324,233.4411160241442
Mine_F_Gumgaon,12,2024,794.5221651866796,690.7060560755291,40.769723274344074,0.989521080010937,20,3,885.5718076735697,6,4,High,750.5204434689924,344.2066695460789,452.31579352153324
Mine_F_Gumgaon,1,2025,712.56427758,562.636148414235,20.13222286950553,0.8242160833327219,22,3,852.7170089600246,6,4,High,690.7060560755291,750.5204434689924,344.2066695460789
Mine_F_Gumgaon,2,2025,1227.4167916545566,1049.4395072372756,1.3090390951930542,0.8938604975889671,25,3,1427.8316415848876,7,3,High,562.636148414235,690.7060560755291,750.5204434689924
Mine_F_Gumgaon,3,2025,1159.6580855597886,673.5037353661544,20.495955846538415,0.9168657821204148,17,3,1344.659437861476,7,2,High,1049.4395072372756,562.636148414235,690.7060560755291
Mine_F_Gumgaon,4,2025,888.2457696740446,621.0697921368067,37.72517066936055,0.9464154539456013,22,4,1035.688113262875,6,2,High,673.5037353661544,1049.4395072372756,562.636148414235
Mine_F_Gumgaon,5,2025,1063.1762198250997,809.743047375511,46.00992087692659,0.9115559749661272,18,4,1327.2812965596313,7,3,High,621.0697921368067,673.5037353661544,1049.4395072372756
Mine_F_Gumgaon,6,2025,688.8097945447679,206.64293836343037,487.91988147405834,0.751842338108391,10,1,780.280436738807,8,4,High,809.743047375511,621.0697921368067,673.5037353661544
Mine_F_Gumgaon,7,2025,1308.837739351379,392.6513218054137,448.9759411775175,0.7450118969057321,11,1,1588.2397106429733,5,3,High,206.64293836343037,809.743047375511,621.0697921368067
Mine_F_Gumgaon,8,2025,1451.3903055787732,435.41709167363194,477.89009558288575,0.7617224851739125,9,2,1651.746056985839,7,2,High,392.6513218054137,206.64293836343037,809.743047375511
Mine_F_Gumgaon,9,2025,820.8018988917123,246.24056966751368,426.46437053258956,0.6883397923248135,12,1,1015.061611016677,7,3,High,435.41709167363194,392.6513218054137,206.64293836343037
Mine_F_Gumgaon,10,2025,575.4423550694215,373.5197032991767,22.56601411449389,0.8499090041043239,16,4,716.4637399581954,8,2,High,246.24056966751368,435.41709167363194,392.6513218054137
Mine_F_Gumgaon,11,2025,964.7935820925188,523.3650618196866,16.439159919706224,0.9492656870985478,17,4,1194.7504317947376,5,2,High,373.5197032991767,246.24056966751368,435.41709167363194
Mine_F_Gumgaon,12,2025,734.2194404859907,413.0356187865453,4.112287842288204,0.8548100578691029,24,3,839.1369972834251,5,2,High,523.3650618196866,373.5197032991767,246.24056966751368
Mine_G_Joda_East,1,2016,856.6759962906606,840.3363352396718,47.271112390976,0.9397100553611266,24,5,1018.4732525036752,6,3,Low,840.3363352396718,840.3363352396718,840.3363352396718
Mine_G_Joda_East,2,2016,1646.8160931552638,1120.4722216691248,35.38313747657255,0.9494524816069494,19,3,2034.8840407474067,8,2,High,840.3363352396718,840.3363352396718,840.3363352396718
Mine_G_Joda_East,3,2016,1818.203603186675,1278.9023520908725,25.384215224272328,0.8454493245561461,16,5,2314.288576945358,5,4,High,1120.4722216691248,840.3363352396718,840.3363352396718
Mine_G_Joda_East,4,2016,987.3207551218886,718.049247501792,29.26367856639565,0.8856559108290192,18,3,1138.223867294599,7,3,High,1278.9023520908725,1120.4722216691248,840.3363352396718
Mine_G_Joda_East,5,2016,1678.6893257620686,863.6225042067301,5.821984912611066,0.9163171415183691,16,3,2082.7912043104056,5,2,High,718.049247501792,1278.9023520908725,1120.4722216691248
Mine_G_Joda_East,6,2016,1907.8387309440327,572.3516192832097,559.210098545738,0.7747172121391481,10,2,2452.4010783761046,5,2,High,863.6225042067301,718.049247501792,1278.9023520908725
Mine_G_Joda_East,7,2016,1863.7852223350494,559.1355667005148,311.8674477496171,0.6177849134486414,5,1,2358.8122087548104,5,4,High,572.3516192832097,863.6225042067301,718.049247501792
Mine_G_Joda_East,8,2016,847.2129620087005,254.16388860261014,487.8505166071059,0.7522572575067449,14,1,1065.0906036511215,5,2,High,559.1355667005148,572.3516192832097,863.6225042067301
Mine_G_Joda_East,9,2016,1566.1980912504246,469.8594273751273,578.5733557237002,0.7904976566808797,7,2,1940.4133031063163,5,3,High,254.16388860261014,559.1355667005148,572.3516192832097
Mine_G_Joda_East,10,2016,1172.904796740319,351.8714390220957,556.3088115126773,0.6663172714581451,10,1,1479.6743921673326,7,4,High,469.8594273751273,254.16388860261014,559.1355667005148
Mine_G_Joda_East,11,2016,1417.2104688760446,862.2655904616292,23.239669278045806,0.9670864032904094,15,4,1673.490273186518,5,3,High,351.8714390220957,469.8594273751273,254.16388860261014
Mine_G_Joda_East,12,2016,1361.6227377421317,952.038797085201,18.164336255480418,0.807766581493124,16,4,1698.0211659014187,6,4,High,862.2655904616292,351.8714390220957,469.8594273751273
Mine_G_Joda_East,1,2017,968.6210355081445,891.2828690391884,41.2761001240056,0.9067528712924544,24,5,1128.3771043663705,8,2,Medium,952.038797085201,862.2655904616292,351.8714390220957
Mine_G_Joda_East,2,2017,1466.930386325146,955.6886970913035,46.79525594332011,0.9587838373795184,15,4,1717.4238694195928,7,2,High,891.2828690391884,952.038797085201,862.2655904616292
Mine_G_Joda_East,3,2017,1077.8196765536063,560.3112887987662,32.249574141583935,0.8106810237301747,20,3,1250.4370696728574,6,2,High,955.6886970913035,891.2828690391884,952.038797085201
Mine_G_Joda_East,4,2017,1683.1521429767904,1779.3387159345677,1.4680606639770555,0.9975589558041751,21,5,1855.9545624770012,7,3,Low,560.3112887987662,955.6886970913035,891.2828690391884
Mine_G_Joda_East,5,2017,1516.9735197991272,1155.9072209311266,3.833804102995769,0.9169001422907261,24,4,1832.9898498457264,7,2,High,1779.3387159345677,560.3112887987662,955.6886970913035
Mine_G_Joda_East,6,2017,1631.1399709400955,489.34199128202863,594.122119628501,0.7815055278369885,14,1,1911.1154378340852,8,3,High,1155.9072209311266,1779.3387159345677,560.3112887987662
Mine_G_Joda_East,7,2017,1655.29469039997,496.58840711999096,429.58982730901533,0.6338508804308681,10,2,1947.465035153267,5,2,High,489.34199128202863,1155.9072209311266,1779.3387159345677
Mine_G_Joda_East,8,2017,1672.1883904080755,501.65651712242266,589.7256011422805,0.7229272228445743,13,2,1922.7209661006054,5,4,High,496.58840711999096,489.34199128202863,1155.9072209311266
Mine_G_Joda_East,9,2017,1980.357086591139,594.1071259773416,505.24546530513146,0.7687282573238474,5,1,2291.366490832895,5,3,High,501.65651712242266,496.58840711999096,489.34199128202863
Mine_G_Joda_East,10,2017,1746.8377008954392,524.0513102686317,573.5835269911869,0.6745231147975196,8,1,1927.887229718793,6,2,High,594.1071259773416,501.65651712242266,496.58840711999096
Mine_G_Joda_East,11,2017,1420.9389657397776,1135.0685984184024,32.44282685409381,0.8970973395858315,23,4,1584.9545925914938,6,3,High,524.0513102686317,594.1071259773416,501.65651712242266
Mine_G_Joda_East,12,2017,1590.9567671860764,1514.72025308153,2.0823685421379468,0.9607954475642905,21,5,2003.6434976639653,5,4,Low,1135.0685984184024,524.0513102686317,594.1071259773416
Mine_G_Joda_East,1,2018,848.4776669601998,783.4968956442757,11.143123042262465,0.8601186578128356,24,4,1087.3144127460278,8,3,Medium,1514.72025308153,1135.0685984184024,524.0513102686317
Mine_G_Joda_East,2,2018,1976.7339668476172,1257.5494168716962,8.566470497132633,0.8353339219983371,17,4,2523.8974137115265,6,3,High,783.4968956442757,1514.72025308153,1135.0685984184024
Mine_G_Joda_East,3,2018,811.8130978880284,895.4086452041273,49.87679915408448,0.9933524939065381,22,5,1017.1780511468694,8,3,Low,1257.5494168716962,783.4968956442757,1514.72025308153
Mine_G_Joda_East,4,2018,1430.2245177155494,876.7922529415716,49.865956503281254,0.8356475137957811,17,5,1672.325804144802,5,3,High,895.4086452041273,1257.5494168716962,783.4968956442757
Mine_G_Joda_East,5,2018,1086.2335703441506,641.2096706019356,38.148405748002254,0.983407312391501,23,3,1350.1503848628943,5,2,High,876.7922529415716,895.4086452041273,1257.5494168716962
Mine_G_Joda_East,6,2018,1341.4646269076295,402.43938807228886,407.7024516445806,0.687021598738294,11,2,1541.0988565447035,5,3,High,641.2096706019356,876.7922529415716,895.4086452041273
Mine_G_Joda_East,7,2018,1336.9365694628127,401.0809708388438,361.04001109786054,0.6669620957671659,9,1,1559.851524992989,8,4,High,402.43938807228886,641.2096706019356,876.7922529415716
Mine_G_Joda_East,8,2018,1360.5341204665824,408.1602361399747,591.1400418164395,0.6601933631898501,12,2,1759.4810190085632,5,3,High,401.0809708388438,402.43938807228886,641.2096706019356
Mine_G_Joda_East,9,2018,1546.2874329748379,463.88622989245135,352.4762050991249,0.7877296500248214,8,1,1844.1580203734018,7,2,High,408.1602361399747,401.0809708388438,402.43938807228886
Mine_G_Joda_East,10,2018,1481.0696407897954,444.3208922369386,360.8322236328522,0.6972988261954515,12,1,1921.2397803039796,5,2,High,463.88622989245135,408.1602361399747,401.0809708388438
Mine_G_Joda_East,11,2018,1604.1559238028415,1576.8904863333064,34.161681949657165,0.9768190509890595,23,5,1915.814653793283,5,4,Low,444.3208922369386,463.88622989245135,408.1602361399747
Mine_G_Joda_East,12,2018,1238.9907502373244,1301.3613781031781,0.9890450851079091,0.8859470702812206,21,4,1473.8745568060506,8,4,Low,1576.8904863333064,444.3208922369386,463.88622989245135
Mine_G_Joda_East,1,2019,1963.9993919757392,1966.6802132300727,31.683115482950257,0.948120412469885,20,5,2392.4343442539443,8,3,Low,1301.3613781031781,1576.8904863333064,444.3208922369386
Mine_G_Joda_East,2,2019,1931.9369912069085,1306.6076630037992,10.69050519089783,0.8937226620289186,19,3,2503.488769191495,5,4,High,1966.6802132300727,1301.3613781031781,1576.8904863333064
Mine_G_Joda_East,3,2019,1973.367108511526,1874.028192129392,9.168209145092366,0.8660429973224175,19,5,2367.2986559969972,8,3,Medium,1306.6076630037992,1966.6802132300727,1301.3613781031781
Mine_G_Joda_East,4,2019,1088.8429875867937,593.8236616422647,6.486600484748495,0.8417619224690499,15,4,1389.1319406351063,5,2,High,1874.028192129392,1306.6076630037992,1966.6802132300727
Mine_G_Joda_East,5,2019,1943.5844745634568,1774.5554704772528,15.525837763790934,0.9200748388982748,18,5,2262.734433081122,6,4,Medium,593.8236616422647,1874.028192129392,1306.6076630037992
Mine_G_Joda_East,6,2019,1426.0006910738662,427.80020732215985,400.69342374014116,0.7730162339510942,6,2,1649.893699263077,8,3,High,1774.5554704772528,593.8236616422647,1874.028192129392
Mine_G_Joda_East,7,2019,1433.3691075293573,430.0107322588072,512.7664947166387,0.6261580702541549,13,2,1593.9765114980837,6,3,High,427.80020732215985,1774.5554704772528,593.8236616422647
Mine_G_Joda_East,8,2019,1109.9635457163859,332.98906371491574,322.95120526628034,0.778498784469919,9,1,1317.4126496175127,5,4,High,430.0107322588072,427.80020732215985,1774.5554704772528
Mine_G_Joda_East,9,2019,1277.5647309016913,383.2694192705074,349.5409714215986,0.6848806089491152,8,1,1632.8245871375243,8,3,High,332.98906371491574,430.0107322588072,427.80020732215985
Mine_G_Joda_East,10,2019,1011.5337552781909,303.4601265834573,477.57449336489356,0.7427230305143808,11,2,1142.4225178613722,6,2,High,383.2694192705074,332.98906371491574,430.0107322588072
Mine_G_Joda_East,11,2019,1332.8790056815828,863.4674538248935,7.786378662300514,0.9157266862333878,21,3,1474.199548193496,6,3,High,303.4601265834573,383.2694192705074,332.98906371491574
Mine_G_Joda_East,12,2019,1211.0411415954536,813.8536647574997,9.038509939195633,0.890140012275097,22,4,1336.6880913503662,6,2,High,863.4674538248935,303.4601265834573,383.2694192705074
Mine_G_Joda_East,1,2020,1182.7006253440031,1068.6174355070443,35.4045600356086,0.9664412829608003,20,3,1415.1900431128795,8,3,Medium,813.8536647574997,863.4674538248935,303.4601265834573
Mine_G_Joda_East,2,2020,1827.3183602223398,1301.6190959798869,11.289095953023832,0.9198182094249981,21,3,2321.906877464708,6,3,High,1068.6174355070443,813.8536647574997,863.4674538248935
Mine_G_Joda_East,3,2020,1322.6489360805251,725.9363442110767,4.885422725176536,0.8213420758006766,22,4,1504.3755257088264,5,2,High,1301.6190959798869,1068.6174355070443,813.8536647574997
Mine_G_Joda_East,4,2020,1956.5644895732755,1460.7279136160987,37.04250204337286,0.960381920069744,18,5,2392.028304151343,6,2,High,725.9363442110767,1301.6190959798869,1068.6174355070443
Mine_G_Joda_East,5,2020,1254.1399793813346,1403.7211951136192,32.2063215114551,0.8417356544360026,24,5,1561.7782672224282,8,4,Low,1460.7279136160987,725.9363442110767,1301.6190959798869
Mine_G_Joda_East,6,2020,1874.1925727154544,674.4229396808912,303.6935356352816,0.7663590199409932,12,2,2376.5855541097085,8,4,High,1403.7211951136192,1460.7279136160987,725.9363442110767
Mine_G_Joda_East,7,2020,1725.0778392098132,517.5233517629439,344.39167332108593,0.6075284799726892,5,2,2189.997820475446,5,3,High,674.4229396808912,1403.7211951136192,1460.7279136160987
Mine_G_Joda_East,8,2020,1820.4610455656848,546.1383136697054,592.8009919791396,0.6499386498070476,12,2,2343.775397835096,8,3,High,517.5233517629439,674.4229396808912,1403.7211951136192
Mine_G_Joda_East,9,2020,1188.5587125051559,356.56761375154673,565.2901747592019,0.6724820350417705,13,1,1419.1017064248647,8,3,High,546.1383136697054,517.5233517629439,674.4229396808912
Mine_G_Joda_East,10,2020,1493.7672103522268,448.13016310566803,318.281169745325,0.6805798382676155,5,1,1798.8924139825199,8,2,High,356.56761375154673,546.1383136697054,517.5233517629439
Mine_G_Joda_East,11,2020,1139.2028363018499,1111.4578296449818,17.980413408749463,0.9880326804749064,25,3,1372.4717626065067,8,3,Low,448.13016310566803,356.56761375154673,546.1383136697054
Mine_G_Joda_East,12,2020,918.8973885381167,742.2544103738835,48.75355557493256,0.9718175926976185,17,5,1099.1834013716098,6,3,High,1111.4578296449818,448.13016310566803,356.56761375154673
Mine_G_Joda_East,1,2021,874.4115432398089,706.0980246512858,37.10678316456092,0.9063678839634896,23,4,1103.959467213297,6,3,High,742.2544103738835,1111.4578296449818,448.13016310566803
Mine_G_Joda_East,2,2021,971.0982214504528,934.5114059212126,26.522956618879245,0.8266847307541844,25,4,1258.1850213213477,7,4,Low,706.0980246512858,742.2544103738835,1111.4578296449818
Mine_G_Joda_East,3,2021,1035.187267721919,869.1647980469269,3.957746678385743,0.9893526838669613,19,4,1310.6250178589548,7,3,High,934.5114059212126,706.0980246512858,742.2544103738835
Mine_G_Joda_East,4,2021,857.381105962779,653.8148828460573,39.55736129459953,0.9123438250528012,24,5,967.3540337024342,6,2,High,869.1647980469269,934.5114059212126,706.0980246512858
Mine_G_Joda_East,5,2021,1868.0782355471808,1916.1719330511628,16.459905845594864,0.8239642729374063,24,4,2082.175059704762,8,4,Low,653.8148828460573,869.1647980469269,934.5114059212126
Mine_G_Joda_East,6,2021,1692.47174602745,507.741523808235,378.43131364862813,0.6706867821446292,6,1,2062.425683529559,7,3,High,1916.1719330511628,653.8148828460573,869.1647980469269
Mine_G_Joda_East,7,2021,1447.8123056653071,434.3436916995921,521.5880520358796,0.6473189717097124,12,2,1675.1521599985756,8,4,High,507.741523808235,1916.1719330511628,653.8148828460573
Mine_G_Joda_East,8,2021,1834.1465851631801,550.243975548954,374.18557533893977,0.6060456954095519,14,2,2197.2422434807963,6,2,High,434.3436916995921,507.741523808235,1916.1719330511628
Mine_G_Joda_East,9,2021,1616.9220988949205,485.07662966847613,576.9967802109254,0.7974543882291237,10,2,2056.6819425698295,8,3,High,550.243975548954,434.3436916995921,507.741523808235
Mine_G_Joda_East,10,2021,1050.3401540986304,315.1020462295891,401.3478522197402,0.6424914717037887,10,2,1278.0162723363712,5,4,High,485.07662966847613,550.243975548954,434.3436916995921
Mine_G_Joda_East,11,2021,1227.8949610907607,791.909753993824,45.35912268510105,0.8027038738748825,18,3,1401.1841688862423,5,4,High,315.1020462295891,485.07662966847613,550.243975548954
Mine_G_Joda_East,12,2021,1114.230873003891,1057.066429073719,0.5290946298997123,0.8199395886032786,19,4,1388.1163236326688,8,4,Medium,791.909753993824,315.1020462295891,485.07662966847613
Mine_G_Joda_East,1,2022,1568.6218307672425,1413.1035795109383,20.662716196875664,0.9290468597296095,22,4,1874.7777024146149,5,4,Medium,1057.066429073719,791.909753993824,315.1020462295891
Mine_G_Joda_East,2,2022,1079.4742380211974,869.5964638847851,45.06621857583226,0.9834038001589276,17,5,1398.2618708885782,6,3,High,1413.1035795109383,1057.066429073719,791.909753993824
Mine_G_Joda_East,3,2022,1058.7924997682849,609.88424322528,33.891157130866496,0.8560457954441463,16,5,1278.300341651979,6,2,High,869.5964638847851,1413.1035795109383,1057.066429073719
Mine_G_Joda_East,4,2022,1084.6963244892963,1218.9330655767617,41.09990701895978,0.969707274522372,19,4,1390.9949140786412,8,4,Low,609.88424322528,869.5964638847851,1413.1035795109383
Mine_G_Joda_East,5,2022,1004.160068002184,907.9793269535625,19.466253437954546,0.9070136300524909,19,3,1215.517529888383,8,4,Medium,1218.9330655767617,609.88424322528,869.5964638847851
Mine_G_Joda_East,6,2022,824.942661184127,247.4827983552381,425.55184970153465,0.6329017575051628,10,2,914.1751428987419,6,4,High,907.9793269535625,1218.9330655767617,609.88424322528
Mine_G_Joda_East,7,2022,1491.785081149928,447.53552434497834,443.4016546557835,0.7722358393534732,13,1,1685.951122029535,8,4,High,247.4827983552381,907.9793269535625,1218.9330655767617
Mine_G_Joda_East,8,2022,1615.1221309608895,484.5366392882668,439.5899458365225,0.6195119139847134,10,1,1850.7218933540537,7,2,High,447.53552434497834,247.4827983552381,907.9793269535625
Mine_G_Joda_East,9,2022,1783.8625702864142,535.1587710859243,359.8809900797273,0.654985995883659,7,2,1964.102079557923,8,3,High,484.5366392882668,447.53552434497834,247.4827983552381
Mine_G_Joda_East,10,2022,1996.4761933516063,598.9428580054819,584.6426178118558,0.6741636789805352,10,2,2473.8453332366043,8,2,High,535.1587710859243,484.5366392882668,447.53552434497834
Mine_G_Joda_East,11,2022,1679.1093278343099,1264.685270632173,38.73118889432897,0.8276654307842172,16,5,2172.8456124734134,6,4,High,598.9428580054819,535.1587710859243,484.5366392882668
Mine_G_Joda_East,12,2022,1367.7762648221099,1321.7492812899634,21.16659196538551,0.980210180937509,25,4,1563.6149260404952,8,2,Low,1264.685270632173,598.9428580054819,535.1587710859243
Mine_G_Joda_East,1,2023,1684.2797040397293,1337.598787474254,2.489774028167613,0.8181518404032809,24,3,2091.688697399215,6,4,High,1321.7492812899634,1264.685270632173,598.9428580054819
Mine_G_Joda_East,2,2023,1404.2696953116183,1137.496861886455,18.356546748977117,0.8717297369592454,19,4,1681.5709383251212,8,3,High,1337.598787474254,1321.7492812899634,1264.685270632173
Mine_G_Joda_East,3,2023,1486.4214677962273,957.5606069249889,26.08757025422409,0.8489349574388354,23,3,1930.9702805783127,8,2,High,1137.496861886455,1337.598787474254,1321.7492812899634
Mine_G_Joda_East,4,2023,993.8672385494617,678.0194847128435,21.244543657317482,0.948540285945964,17,3,1246.510263324162,6,4,High,957.5606069249889,1137.496861886455,1337.598787474254
Mine_G_Joda_East,5,2023,1648.1224518045026,1216.3254555925676,34.54468549101968,0.8297155771392941,24,4,2050.525639425864,7,2,High,678.0194847128435,957.5606069249889,1137.496861886455
Mine_G_Joda_East,6,2023,1980.9384353011465,594.2815305903439,421.21923126213136,0.7091888285932044,13,1,2427.2740868747424,7,2,High,1216.3254555925676,678.0194847128435,957.5606069249889
Mine_G_Joda_East,7,2023,1568.4879598609846,470.5463879582953,567.636340393259,0.7833867046050874,10,1,1815.8217978375296,5,3,High,594.2815305903439,1216.3254555925676,678.0194847128435
Mine_G_Joda_East,8,2023,1337.3187690127484,401.1956307038245,576.0944650630809,0.7176821991119042,6,1,1482.7436597754129,6,3,High,470.5463879582953,594.2815305903439,1216.3254555925676
Mine_G_Joda_East,9,2023,812.748503249911,243.82455097497328,564.8663713921362,0.7049602551207416,6,2,1005.171754255338,5,2,High,401.1956307038245,470.5463879582953,594.2815305903439
Mine_G_Joda_East,10,2023,1254.9163148250022,376.4748944475007,475.7796567397289,0.7035475457450056,14,2,1585.870767477111,7,2,High,243.82455097497328,401.1956307038245,470.5463879582953
Mine_G_Joda_East,11,2023,957.9983691837342,700.0458977805326,29.982913330979503,0.9192327688315799,16,4,1085.4416889220925,5,4,High,376.4748944475007,243.82455097497328,401.1956307038245
Mine_G_Joda_East,12,2023,959.615680579251,741.1594193253048,44.79420811181891,0.8832091698522953,19,5,1064.6653506771609,7,2,High,700.0458977805326,376.4748944475007,243.82455097497328
Mine_G_Joda_East,1,2024,1040.7311636990082,759.9894988341523,47.11800623975662,0.8052017519621784,22,3,1349.2157929185103,6,4,High,741.1594193253048,700.0458977805326,376.4748944475007
Mine_G_Joda_East,2,2024,1764.1433612559474,1810.8607422960968,11.999722849422328,0.9047528264092078,19,4,2147.734933011651,8,4,Low,759.9894988341523,741.1594193253048,700.0458977805326
Mine_G_Joda_East,3,2024,1967.1051881718665,1878.8897204018765,25.270451427178823,0.9290225064234579,23,5,2424.6101944949855,7,3,Low,1810.8607422960968,759.9894988341523,741.1594193253048
Mine_G_Joda_East,4,2024,1087.303906956018,815.5581090734089,20.83808228892589,0.8847290845710439,22,3,1408.5087428139684,7,3,High,1878.8897204018765,1810.8607422960968,759.9894988341523
Mine_G_Joda_East,5,2024,975.2064563345665,630.0470180121811,18.538587746901964,0.8855111162128312,19,4,1116.9672006057208,7,2,High,815.5581090734089,1878.8897204018765,1810.8607422960968
Mine_G_Joda_East,6,2024,1847.7010196026235,554.310305880787,316.59389488167574,0.7558120637133099,8,1,2078.272424115559,8,3,High,630.0470180121811,815.5581090734089,1878.8897204018765
Mine_G_Joda_East,7,2024,1693.8279901544315,508.1483970463294,391.46302848754976,0.6621981060462869,13,1,2155.0011024795335,6,2,High,554.310305880787,630.0470180121811,815.5581090734089
Mine_G_Joda_East,8,2024,1264.814471404598,379.44434142137936,527.6562020186826,0.6122982446242217,6,1,1601.4773120526795,7,3,High,508.1483970463294,554.310305880787,630.0470180121811
Mine_G_Joda_East,9,2024,1761.585138583428,528.4755415750284,407.7648675756862,0.7090722349444277,7,2,2207.9864881785215,5,4,High,379.44434142137936,508.1483970463294,554.310305880787
Mine_G_Joda_East,10,2024,978.7559821262872,293.6267946378862,455.2839432023537,0.7542423250457431,11,2,1212.490302939257,8,2,High,528.4755415750284,379.44434142137936,508.1483970463294
Mine_G_Joda_East,11,2024,1965.0389572996855,1830.2639760246313,7.316516523856525,0.8211086171235913,16,5,2405.270978564753,8,4,Medium,293.6267946378862,528.4755415750284,379.44434142137936
Mine_G_Joda_East,12,2024,1460.460642964871,962.4693165900082,9.977748823533105,0.9196583117364232,22,3,1704.3519856834482,7,2,High,1830.2639760246313,293.6267946378862,528.4755415750284
Mine_G_Joda_East,1,2025,1994.1658429983734,1598.02912772514,1.0106494320176462,0.9875558217711259,25,4,2325.6551884143055,5,3,High,962.4693165900082,1830.2639760246313,293.6267946378862
Mine_G_Joda_East,2,2025,1042.191236696589,643.5334546277085,44.340791409264604,0.9516735416117069,15,3,1204.6557204328992,7,2,High,1598.02912772514,962.4693165900082,1830.2639760246313
Mine_G_Joda_East,3,2025,1136.361344699239,929.5126505822057,31.45873576426062,0.9311201206430512,20,3,1357.0171522804371,6,4,High,643.5334546277085,1598.02912772514,962.4693165900082
Mine_G_Joda_East,4,2025,1450.5167304918764,1000.2501808923496,3.558406896200811,0.9275383417302772,15,4,1878.7866357537507,6,3,High,929.5126505822057,643.5334546277085,1598.02912772514
Mine_G_Joda_East,5,2025,1061.4443497747382,1320.9263575812922,20.6947037397744,0.9550393643916866,21,5,1172.201108738361,8,4,Low,1000.2501808923496,929.5126505822057,643.5334546277085
Mine_G_Joda_East,6,2025,1886.7033826961647,566.0110148088494,570.8733915537031,0.7159752729544074,12,2,2410.0454095624104,5,3,High,1320.9263575812922,1000.2501808923496,929.5126505822057
Mine_G_Joda_East,7,2025,1506.155509140418,451.8466527421254,368.70691404414447,0.7655284689397287,14,1,1711.7510066702164,6,2,High,566.0110148088494,1320.9263575812922,1000.2501808923496
Mine_G_Joda_East,8,2025,946.3887908398505,283.91663725195514,391.0305697113209,0.6144438828022648,9,2,1186.4582018156495,5,2,High,451.8466527421254,566.0110148088494,1320.9263575812922
Mine_G_Joda_East,9,2025,1791.487580680258,537.4462742040773,373.03334629737424,0.7001646662508575,11,1,2301.4330389364045,5,3,High,283.91663725195514,451.8466527421254,566.0110148088494
Mine_G_Joda_East,10,2025,1109.284327343441,332.78529820303226,591.4383167525925,0.7771486785336226,12,1,1244.3537405653797,5,3,High,537.4462742040773,283.91663725195514,451.8466527421254
Mine_G_Joda_East,11,2025,1467.9864932274986,1051.7353604001762,47.848420507289475,0.9576673896440073,16,4,1831.4536600965196,5,4,High,332.78529820303226,537.4462742040773,283.91663725195514
Mine_G_Joda_East,12,2025,1533.0050892422198,1193.9361583759821,14.385184823617204,0.9127070008435689,17,4,1741.465304241437,7,3,High,1051.7353604001762,332.78529820303226,537.4462742040773
Mine_H_Bamebari,1,2016,1893.6290689903979,1264.0059649057853,6.8475959358324126,0.8591457476690847,15,3,2188.711169719655,8,3,High,1264.0059649057853,1264.0059649057853,1264.0059649057853
Mine_H_Bamebari,2,2016,1733.1386027513322,1511.300244308167,43.49242980555741,0.9840178599704463,22,5,2006.6927626090767,5,3,High,1264.0059649057853,1264.0059649057853,1264.0059649057853
Mine_H_Bamebari,3,2016,1318.9629399502307,1144.7966703202314,14.315506852715332,0.8466627078221006,21,3,1484.9566798057529,7,4,High,1511.300244308167,1264.0059649057853,1264.0059649057853
Mine_H_Bamebari,4,2016,1005.4609238189385,607.7186472418317,39.87284525430781,0.8589618956029593,20,3,1239.7124470840683,6,2,High,1144.7966703202314,1511.300244308167,1264.0059649057853
Mine_H_Bamebari,5,2016,1253.367636555901,1304.5016475294174,30.22851577319256,0.9595802735723936,25,4,1607.3675382356043,6,4,Low,607.7186472418317,1144.7966703202314,1511.300244308167
Mine_H_Bamebari,6,2016,1757.1213293233022,527.1363987969906,502.25522774406454,0.7070594734267521,14,1,2248.500625338952,5,4,High,1304.5016475294174,607.7186472418317,1144.7966703202314
Mine_H_Bamebari,7,2016,1747.0306879284358,524.1092063785308,316.71745984792415,0.7643269366877493,6,1,2027.748293734555,8,2,High,527.1363987969906,1304.5016475294174,607.7186472418317
Mine_H_Bamebari,8,2016,1381.7717833302436,414.5315349990731,514.2657393239091,0.7305568556583788,10,2,1632.4210622101862,5,4,High,524.1092063785308,527.1363987969906,1304.5016475294174
Mine_H_Bamebari,9,2016,973.457948267903,292.0373844803709,378.2678473936987,0.675898460223698,14,1,1249.7795257742073,5,2,High,414.5315349990731,524.1092063785308,527.1363987969906
Mine_H_Bamebari,10,2016,1344.2750105296266,403.28250315888795,386.36559815196586,0.7436209211133937,14,1,1582.7031945516983,5,3,High,292.0373844803709,414.5315349990731,524.1092063785308
Mine_H_Bamebari,11,2016,1675.1556938117556,1154.461592742343,31.148591886334703,0.9591787497185149,21,3,1892.6128787302998,5,3,High,403.28250315888795,292.0373844803709,414.5315349990731
Mine_H_Bamebari,12,2016,1165.7383380249134,880.5648520758525,44.98500435227902,0.8675915640729865,21,4,1496.4636754301944,8,2,High,1154.461592742343,403.28250315888795,292.0373844803709
Mine_H_Bamebari,1,2017,1860.703665047372,1660.8048409771789,16.237388074240283,0.941969766051358,25,4,2211.6921254994254,6,3,High,880.5648520758525,1154.461592742343,403.28250315888795
Mine_H_Bamebari,2,2017,1031.0412111975347,1035.386929008204,22.928154385036542,0.892767653964307,24,4,1286.993377149878,8,3,Low,1660.8048409771789,880.5648520758525,1154.461592742343
Mine_H_Bamebari,3,2017,1962.4372040909316,1912.5629121752502,14.54681556620992,0.9098519962667929,20,4,2296.4146387610517,7,4,Low,1035.386929008204,1660.8048409771789,880.5648520758525
Mine_H_Bamebari,4,2017,1674.2589052539906,1095.9906488387578,25.57918627946169,0.9917279396327868,17,5,1861.387995394443,5,2,High,1912.5629121752502,1035.386929008204,1660.8048409771789
Mine_H_Bamebari,5,2017,933.9219517087823,692.6938216231182,37.30254462749538,0.8808956071929074,25,4,1063.2388642525757,5,3,High,1095.9906488387578,1912.5629121752502,1035.386929008204
Mine_H_Bamebari,6,2017,1173.8799137374162,352.16397412122484,415.55109766587236,0.6562341742495764,14,2,1462.075456918723,8,2,High,692.6938216231182,1095.9906488387578,1912.5629121752502
Mine_H_Bamebari,7,2017,1351.2552849843646,405.37658549530937,503.9268032224926,0.7817946816175299,9,2,1627.5176859562712,6,3,High,352.16397412122484,692.6938216231182,1095.9906488387578
Mine_H_Bamebari,8,2017,1350.6542132784116,484.8839194653936,416.3045715043147,0.7549119639054225,13,1,1522.341077785889,8,4,High,405.37658549530937,352.16397412122484,692.6938216231182
Mine_H_Bamebari,9,2017,1835.4600129650512,550.6380038895153,335.4614592223107,0.6487285395783531,7,2,2195.9505613811048,6,4,High,484.8839194653936,405.37658549530937,352.16397412122484
Mine_H_Bamebari,10,2017,897.5795686363306,269.27387059089915,428.27490366305904,0.6866128235182613,10,2,1023.1336770784065,6,2,High,550.6380038895153,484.8839194653936,405.37658549530937
Mine_H_Bamebari,11,2017,1462.032731756863,1095.4332845127005,47.88082411098612,0.9407432158710096,20,4,1807.0282162688677,8,2,High,269.27387059089915,550.6380038895153,484.8839194653936
Mine_H_Bamebari,12,2017,1939.9934523691993,1843.2262511812603,35.26750662847882,0.9421063765842779,18,5,2361.70378400406,6,4,Low,1095.4332845127005,269.27387059089915,550.6380038895153
Mine_H_Bamebari,1,2018,1876.854849091763,999.7886366484964,21.86146769091436,0.9007612021085181,23,3,2120.4691715513623,5,2,High,1843.2262511812603,1095.4332845127005,269.27387059089915
Mine_H_Bamebari,2,2018,1006.7730635205176,552.7461770326754,19.393860590679886,0.9219422076968771,15,4,1196.2638496766072,5,3,High,999.7886366484964,1843.2262511812603,1095.4332845127005
Mine_H_Bamebari,3,2018,1526.4371538674957,1351.4050926690045,19.662582429936627,0.9872805599142909,21,3,1707.5370648601795,8,3,High,552.7461770326754,999.7886366484964,1843.2262511812603
Mine_H_Bamebari,4,2018,1202.2727088155862,973.7474817418592,34.661182481822294,0.8747661836444054,17,5,1400.3721368214733,7,3,High,1351.4050926690045,552.7461770326754,999.7886366484964
Mine_H_Bamebari,5,2018,1733.418219069631,1252.47112409091,18.276756859203747,0.8616763043378015,21,3,1929.4598828636813,6,4,High,973.7474817418592,1351.4050926690045,552.7461770326754
Mine_H_Bamebari,6,2018,802.5759109529031,240.77277328587093,404.2536298831435,0.6323344121121625,6,1,947.4083172268764,5,4,High,1252.47112409091,973.7474817418592,1351.4050926690045
Mine_H_Bamebari,7,2018,1774.3056509675723,532.2916952902717,493.34191890627443,0.6832040628109131,8,1,2254.687888323111,7,2,High,240.77277328587093,1252.47112409091,973.7474817418592
Mine_H_Bamebari,8,2018,1177.6052490478062,353.28157471434184,363.99291189745196,0.7723688276213396,5,1,1406.0105797606814,6,2,High,532.2916952902717,240.77277328587093,1252.47112409091
Mine_H_Bamebari,9,2018,948.9517399449019,284.68552198347055,434.31346896821674,0.7989109738461336,12,2,1213.6251884007627,6,3,High,353.28157471434184,532.2916952902717,240.77277328587093
Mine_H_Bamebari,10,2018,1926.0051782903047,577.8015534870914,356.97410872429765,0.7148487285429537,14,2,2269.0559728067283,6,2,High,284.68552198347055,353.28157471434184,532.2916952902717
Mine_H_Bamebari,11,2018,1572.128865867564,1348.8003372733394,46.94127436057339,0.9428589044873712,23,3,1750.3246443154867,7,3,High,577.8015534870914,284.68552198347055,353.28157471434184
Mine_H_Bamebari,12,2018,1132.996773770909,860.6543436305114,9.838974901778098,0.8451807922991504,24,3,1395.357691666292,5,4,High,1348.8003372733394,577.8015534870914,284.68552198347055
Mine_H_Bamebari,1,2019,1232.6214738540612,1297.9732998802508,39.117458446354156,0.8921047029719823,23,5,1542.2710540738892,6,4,Low,860.6543436305114,1348.8003372733394,577.8015534870914
Mine_H_Bamebari,2,2019,1238.4627669571735,778.0285340886462,22.591522713256083,0.8520756509564293,19,3,1604.2639645720435,8,2,High,1297.9732998802508,860.6543436305114,1348.8003372733394
Mine_H_Bamebari,3,2019,1681.369798172118,1931.0657253723623,8.33826415180568,0.9792294305126336,25,3,2042.586443705784,8,4,Low,778.0285340886462,1297.9732998802508,860.6543436305114
Mine_H_Bamebari,4,2019,1002.937956355841,734.6482837974513,41.95988525565232,0.8572499504901553,23,3,1119.9558098065684,5,4,High,1931.0657253723623,778.0285340886462,1297.9732998802508
Mine_H_Bamebari,5,2019,1538.9202617243186,905.3016066252911,6.328389220382608,0.884755463957539,16,4,1963.0245492545323,5,3,High,734.6482837974513,1931.0657253723623,778.0285340886462
Mine_H_Bamebari,6,2019,1107.8428261708384,332.3528478512515,582.1658581552458,0.7479027439440998,8,1,1302.287813592833,7,4,High,905.3016066252911,734.6482837974513,1931.0657253723623
Mine_H_Bamebari,7,2019,1390.3841127096764,417.1152338129029,335.0257753200189,0.7684726135791525,12,2,1637.762675799285,6,3,High,332.3528478512515,905.3016066252911,734.6482837974513
Mine_H_Bamebari,8,2019,1642.525204865774,492.7575614597322,590.7560561854802,0.6838674232515682,14,2,2028.258259565442,5,4,High,417.1152338129029,332.3528478512515,905.3016066252911
Mine_H_Bamebari,9,2019,1828.9802491803273,548.6940747540982,568.72582283534,0.7129435396217877,10,1,2099.971908100752,7,2,High,492.7575614597322,417.1152338129029,332.3528478512515
Mine_H_Bamebari,10,2019,1054.01092400353,316.20327720105894,313.0737267033779,0.7893441556105889,14,1,1254.5710481948495,5,2,High,548.6940747540982,492.7575614597322,417.1152338129029
Mine_H_Bamebari,11,2019,1996.8769309889647,1614.0397787851973,29.276750319662593,0.9740095960656849,22,3,2471.257184376207,8,2,High,316.20327720105894,548.6940747540982,492.7575614597322
Mine_H_Bamebari,12,2019,1565.565145904166,1396.8153890926305,35.34336967193285,0.9452817232828158,17,4,1920.9298947396649,8,3,High,1614.0397787851973,316.20327720105894,548.6940747540982
Mine_H_Bamebari,1,2020,1878.2451406286548,1619.0728918830673,15.653705186005883,0.9346445686725995,22,5,2086.4139383664656,7,2,High,1396.8153890926305,1614.0397787851973,316.20327720105894
Mine_H_Bamebari,2,2020,1670.887646016663,1324.66252860221,14.438540846508863,0.958093253028799,19,5,2144.348074317887,5,3,High,1619.0728918830673,1396.8153890926305,1614.0397787851973
Mine_H_Bamebari,3,2020,1696.346049571829,1419.8050304836854,43.53827444563626,0.996001221959294,16,3,2099.4482455298817,7,4,High,1324.66252860221,1619.0728918830673,1396.8153890926305
Mine_H_Bamebari,4,2020,976.9265764848811,736.6562473518941,45.22696347850741,0.9126620467510833,19,4,1269.1202257389382,6,3,High,1419.8050304836854,1324.66252860221,1619.0728918830673
Mine_H_Bamebari,5,2020,1808.1419005865646,1466.9587281412707,30.1985888576258,0.9173891112206802,24,5,2334.2884370191346,6,2,High,736.6562473518941,1419.8050304836854,1324.66252860221
Mine_H_Bamebari,6,2020,896.8973753723004,269.0692126116901,591.1445367990802,0.625328503876751,10,1,1079.1366549674058,7,3,High,1466.9587281412707,736.6562473518941,1419.8050304836854
Mine_H_Bamebari,7,2020,1592.3147022722583,477.6944106816775,396.2774079073564,0.7341721883704122,12,2,1949.3111644929227,6,4,High,269.0692126116901,1466.9587281412707,736.6562473518941
Mine_H_Bamebari,8,2020,941.5429096579705,282.46287289739115,461.156059261633,0.6234891570352256,11,2,1218.6996231524138,8,2,High,477.6944106816775,269.0692126116901,1466.9587281412707
Mine_H_Bamebari,9,2020,1900.9731805993176,570.2919541797953,553.3503705949001,0.7980670832521546,8,1,2377.523585819161,7,3,High,282.46287289739115,477.6944106816775,269.0692126116901
Mine_H_Bamebari,10,2020,884.099439895396,265.2298319686188,506.62825869743216,0.6652866309851388,14,2,1029.169114617656,8,2,High,570.2919541797953,282.46287289739115,477.6944106816775
Mine_H_Bamebari,11,2020,1362.574084477463,1044.220490643421,25.968586518839366,0.8217526334913537,22,4,1726.5037812084167,5,4,High,265.2298319686188,570.2919541797953,282.46287289739115
Mine_H_Bamebari,12,2020,950.1752082284634,694.4263547723172,7.6502097499448585,0.8502238309029075,21,3,1120.0599925360468,8,3,High,1044.220490643421,265.2298319686188,570.2919541797953
Mine_H_Bamebari,1,2021,1321.0939063887904,1048.887428170357,13.759872319704941,0.8403103981415683,16,5,1481.7384158432803,8,3,High,694.4263547723172,1044.220490643421,265.2298319686188
Mine_H_Bamebari,2,2021,1086.8885127105407,1334.6067881617557,15.536317559807088,0.8785407973951715,23,5,1251.6306257256997,8,4,Low,1048.887428170357,694.4263547723172,1044.220490643421
Mine_H_Bamebari,3,2021,1259.5699923910804,1064.2855089793181,27.14360813038202,0.9836748509439504,18,4,1523.2572356078679,7,3,High,1334.6067881617557,1048.887428170357,694.4263547723172
Mine_H_Bamebari,4,2021,1703.3300883113466,1333.4323948304443,49.69052161482485,0.9367974211660126,16,4,2049.1908218468484,6,4,High,1064.2855089793181,1334.6067881617557,1048.887428170357
Mine_H_Bamebari,5,2021,1634.6627343346956,1136.333363462559,12.332845172269636,0.9297360544375017,20,4,2019.8385464492503,5,3,High,1333.4323948304443,1064.2855089793181,1334.6067881617557
Mine_H_Bamebari,6,2021,1634.1929597583453,490.2578879275036,595.3840970335449,0.7552540402640562,5,1,2034.014860568144,6,2,High,1136.333363462559,1333.4323948304443,1064.2855089793181
Mine_H_Bamebari,7,2021,1216.4370439969384,364.9311131990815,495.92107618828095,0.7727236100005492,13,1,1451.5711946284048,6,3,High,490.2578879275036,1136.333363462559,1333.4323948304443
Mine_H_Bamebari,8,2021,846.46261560436,253.938784681308,369.9308093996636,0.722778305015859,8,1,1092.1902652242047,5,3,High,364.9311131990815,490.2578879275036,1136.333363462559
Mine_H_Bamebari,9,2021,1158.9265238219182,347.67795714657547,428.58872604078397,0.7285570419270584,6,2,1293.9653901727404,7,4,High,253.938784681308,364.9311131990815,490.2578879275036
Mine_H_Bamebari,10,2021,1617.8845864152504,488.24474004302596,307.60650925072474,0.7504412209672472,13,1,1842.5653400860867,7,4,High,347.67795714657547,253.938784681308,364.9311131990815
Mine_H_Bamebari,11,2021,1929.562967138569,1449.5201800484908,14.1846971167846,0.842688849548747,20,4,2442.197733854313,6,3,High,488.24474004302596,347.67795714657547,253.938784681308
Mine_H_Bamebari,12,2021,1014.0048471189521,798.3347808289412,42.134071646810625,0.8971064635079375,17,3,1301.986762400282,7,4,High,1449.5201800484908,488.24474004302596,347.67795714657547
Mine_H_Bamebari,1,2022,958.3721799177056,787.0998913467394,23.775753770415186,0.9951264585798975,18,4,1163.5360586097077,8,2,High,798.3347808289412,1449.5201800484908,488.24474004302596
Mine_H_Bamebari,2,2022,1690.8529034790658,669.6780329897688,49.683658018172245,0.8077241619639581,15,3,2129.1053614944813,5,2,High,787.0998913467394,798.3347808289412,1449.5201800484908
Mine_H_Bamebari,3,2022,1189.97638255627,804.6929569032563,34.10938075666008,0.8212470944045739,20,3,1422.1419223636528,6,4,High,669.6780329897688,787.0998913467394,798.3347808289412
Mine_H_Bamebari,4,2022,868.2265887579891,467.34052420707343,35.84817923656866,0.8646355064556632,23,3,1005.6369566135231,5,2,High,804.6929569032563,669.6780329897688,787.0998913467394
Mine_H_Bamebari,5,2022,885.5808658774889,679.7862877057032,13.984968466044545,0.93247052235075,22,4,1021.2176425079625,6,3,High,467.34052420707343,804.6929569032563,669.6780329897688
Mine_H_Bamebari,6,2022,984.4497208533173,295.3349162559952,461.7743481753116,0.670495394931473,9,1,1239.450739483767,8,2,High,679.7862877057032,467.34052420707343,804.6929569032563
Mine_H_Bamebari,7,2022,1623.7385131061005,487.12155393183014,550.1172606229653,0.6910524746189588,13,1,1878.8138682700394,6,3,High,295.3349162559952,679.7862877057032,467.34052420707343
Mine_H_Bamebari,8,2022,1028.1481161142633,308.444434834279,312.33009371082596,0.7616858188075057,9,1,1249.902345404621,8,2,High,487.12155393183014,295.3349162559952,679.7862877057032
Mine_H_Bamebari,9,2022,1652.9541369611802,495.88624108835404,459.41577636468935,0.6408524406462519,6,2,1922.636493318953,5,3,High,308.444434834279,487.12155393183014,295.3349162559952
Mine_H_Bamebari,10,2022,1843.9229111341099,553.176873340233,410.93084007030217,0.7029989603903607,7,1,2126.2637185202525,8,3,High,495.88624108835404,308.444434834279,487.12155393183014
Mine_H_Bamebari,11,2022,841.6720513273023,646.7243529266503,44.82530485209915,0.8154812482053488,15,5,1074.6229693832263,7,4,High,553.176873340233,495.88624108835404,308.444434834279
Mine_H_Bamebari,12,2022,1431.8693899503846,1082.2883525880927,18.307768294378963,0.8060043369254944,23,4,1716.5594165528005,6,3,High,646.7243529266503,553.176873340233,495.88624108835404
Mine_H_Bamebari,1,2023,1143.4496702498407,956.5205275684756,3.976746317278695,0.8949651317506586,25,3,1415.3591756616995,7,3,High,1082.2883525880927,646.7243529266503,553.176873340233
Mine_H_Bamebari,2,2023,911.9951825463577,1006.0654708616329,21.66955149306525,0.9963208293812679,23,5,1134.5434558335298,7,3,Low,956.5205275684756,1082.2883525880927,646.7243529266503
Mine_H_Bamebari,3,2023,1080.568034242549,702.635978254699,12.226404621009229,0.8032828931811288,24,4,1312.0623644695759,5,3,High,1006.0654708616329,956.5205275684756,1082.2883525880927
Mine_H_Bamebari,4,2023,1596.6004908850587,823.046009000828,6.7746372421231,0.8594062916095321,19,3,2007.7090316237307,6,2,High,702.635978254699,1006.0654708616329,956.5205275684756
Mine_H_Bamebari,5,2023,915.7364599901869,1144.6705749877335,27.632270433616103,0.9918833962498134,25,5,1024.515180924781,7,4,Low,823.046009000828,702.635978254699,1006.0654708616329
Mine_H_Bamebari,6,2023,1740.5100656637096,522.1530196991129,566.8546669302218,0.6830671141404845,12,1,1978.2536181032183,8,3,High,1144.6705749877335,823.046009000828,702.635978254699
Mine_H_Bamebari,7,2023,970.186232045305,291.0558696135915,582.9547591018311,0.6714893662706517,13,1,1074.332532996328,8,4,High,522.1530196991129,1144.6705749877335,823.046009000828
Mine_H_Bamebari,8,2023,1094.3128436711484,328.2938531013445,488.8265596418336,0.770022910416671,14,1,1289.9616867107177,6,2,High,291.0558696135915,522.1530196991129,1144.6705749877335
Mine_H_Bamebari,9,2023,1177.020541490843,353.10616244725287,360.502274452067,0.7259772571362486,8,2,1314.7876006457413,7,2,High,328.2938531013445,291.0558696135915,522.1530196991129
Mine_H_Bamebari,10,2023,842.2372315544942,252.67116946634826,359.7631121658024,0.6136666641876513,7,1,1009.0391181652134,6,4,High,353.10616244725287,328.2938531013445,291.0558696135915
Mine_H_Bamebari,11,2023,1356.1095432690613,1199.91546136764,6.425199068624715,0.8074933557350686,20,5,1752.6676276733137,8,3,High,252.67116946634826,353.10616244725287,328.2938531013445
Mine_H_Bamebari,12,2023,1434.3417675430023,1092.5511288282987,25.305707994224434,0.8337575455328361,17,3,1588.7502941556816,7,4,High,1199.91546136764,252.67116946634826,353.10616244725287
Mine_H_Bamebari,1,2024,1778.1269168023043,1155.3333033470763,5.935137837755134,0.8232118885972871,17,3,2305.9565480221013,7,3,High,1092.5511288282987,1199.91546136764,252.67116946634826
Mine_H_Bamebari,2,2024,1274.6737681650388,1022.687965096618,6.788669121096441,0.8096857687409227,25,4,1482.5841606661684,8,2,High,1155.3333033470763,1092.5511288282987,1199.91546136764
Mine_H_Bamebari,3,2024,1358.8182564372885,1003.9741700549833,8.142540907797036,0.9003221388986583,16,4,1552.6478796053314,8,2,High,1022.687965096618,1155.3333033470763,1092.5511288282987
Mine_H_Bamebari,4,2024,883.4597151798619,541.9687970763408,12.458922433699826,0.8293691401922093,17,3,1070.229325284455,6,4,High,1003.9741700549833,1022.687965096618,1155.3333033470763
Mine_H_Bamebari,5,2024,1094.930970870029,1150.8258965855928,9.339493810897231,0.8878714583114653,23,4,1356.038564796281,7,4,Low,541.9687970763408,1003.9741700549833,1022.687965096618
Mine_H_Bamebari,6,2024,988.7031557733944,296.6109467320183,582.345716135879,0.663485526619666,9,2,1132.8455472573582,5,2,High,1150.8258965855928,541.9687970763408,1003.9741700549833
Mine_H_Bamebari,7,2024,1610.0248628003435,483.007458840103,519.0235853955617,0.6109659341227724,9,1,1826.7332977910405,7,3,High,296.6109467320183,1150.8258965855928,541.9687970763408
Mine_H_Bamebari,8,2024,1513.9056839115703,454.1717051734711,588.7103617217595,0.7161944098512851,8,1,1896.0396542732578,8,4,High,483.007458840103,296.6109467320183,1150.8258965855928
Mine_H_Bamebari,9,2024,803.4470760524727,241.0341228157418,319.4918931938749,0.6852128981520293,14,2,1015.4923349836324,7,2,High,454.1717051734711,483.007458840103,296.6109467320183
Mine_H_Bamebari,10,2024,1345.0376626781713,403.5112988034514,470.9363230398122,0.7708318889141792,8,2,1578.0269411171319,6,2,High,241.0341228157418,454.1717051734711,483.007458840103
Mine_H_Bamebari,11,2024,1719.6916045861171,1488.7855303039385,21.598261216147286,0.9141532131965496,18,4,2226.776032915685,6,4,High,403.5112988034514,241.0341228157418,454.1717051734711
Mine_H_Bamebari,12,2024,1589.3301834051308,1563.9253704039659,13.25400274377394,0.8095188650669306,25,4,1885.7574183219274,7,4,Low,1488.7855303039385,403.5112988034514,241.0341228157418
Mine_H_Bamebari,1,2025,841.5005181463546,671.5216209453281,31.12864205678284,0.9251322575753381,20,4,944.8082187852463,5,4,High,1563.9253704039659,1488.7855303039385,403.5112988034514
Mine_H_Bamebari,2,2025,1046.7215918580207,929.6962008635057,47.5096013972036,0.8707067447707288,23,3,1327.487020048859,7,4,High,671.5216209453281,1563.9253704039659,1488.7855303039385
Mine_H_Bamebari,3,2025,1762.182441920795,1077.4607512071177,13.119773314853406,0.9554301875886914,20,3,2047.6391616439382,5,3,High,929.6962008635057,671.5216209453281,1563.9253704039659
Mine_H_Bamebari,4,2025,1261.5707394835813,1001.1178952250688,10.086915877387758,0.9920546075996066,15,5,1546.2888435888083,5,4,High,1077.4607512071177,929.6962008635057,671.5216209453281
Mine_H_Bamebari,5,2025,1932.03193034406,1744.5786237002565,42.47108696899146,0.8705689943650016,16,5,2434.0387597335293,8,3,Medium,1001.1178952250688,1077.4607512071177,929.6962008635057
Mine_H_Bamebari,6,2025,913.5795566657376,274.0738669997213,304.0508861912298,0.7187626838246325,10,2,1079.9791852644928,8,2,High,1744.5786237002565,1001.1178952250688,1077.4607512071177
Mine_H_Bamebari,7,2025,912.0071446453192,273.6021433935957,586.2173559843266,0.628683705251497,7,1,1176.3333924654746,6,3,High,274.0738669997213,1744.5786237002565,1001.1178952250688
Mine_H_Bamebari,8,2025,861.8954814103797,258.5686444231139,547.7102681819679,0.7254382782866384,6,2,1056.7647693672236,6,4,High,273.6021433935957,274.0738669997213,1744.5786237002565
Mine_H_Bamebari,9,2025,1488.850121589117,446.65503647673506,373.08466409051573,0.6630432834227078,11,1,1890.965287654496,6,3,High,258.5686444231139,273.6021433935957,274.0738669997213
Mine_H_Bamebari,10,2025,1990.742418016176,597.2227254048528,368.17967171070785,0.693120641988844,12,1,2507.281019321578,6,4,High,446.65503647673506,258.5686444231139,273.6021433935957
Mine_H_Bamebari,11,2025,1560.5015065262492,901.3287222725344,0.5320420512911928,0.8388651009419814,19,5,1984.9005430178627,6,2,High,597.2227254048528,446.65503647673506,258.5686444231139
Mine_H_Bamebari,12,2025,1416.0727739673393,930.0033008351965,1.593886227930752,0.92259308892731,23,4,1818.646896747115,5,2,High,901.3287222725344,597.2227254048528,446.65503647673506
Mine_I_Sandur,1,2016,555.4226830974476,448.23916323568454,37.87240065973687,0.8663575085833777,24,3,650.0203249887038,7,3,High,448.23916323568454,448.23916323568454,448.23916323568454
Mine_I_Sandur,2,2016,559.4798980897499,496.2646956604859,6.046172137387695,0.9650480908963113,23,4,696.8586857465976,8,2,High,448.23916323568454,448.23916323568454,448.23916323568454
Mine_I_Sandur,3,2016,664.7379794414684,634.0331247125177,41.41377818450114,0.8314384447576998,21,5,827.0464146899928,8,3,Low,496.2646956604859,448.23916323568454,448.23916323568454
Mine_I_Sandur,4,2016,1102.7517462066567,985.5419216772988,22.725248780180664,0.8354230429272863,23,4,1374.5548387759266,8,3,High,634.0331247125177,496.2646956604859,448.23916323568454
Mine_I_Sandur,5,2016,1362.6071065461024,724.4301340572321,1.972148673772267,0.8419982649506844,24,3,1670.6908474548134,5,2,High,985.5419216772988,634.0331247125177,496.2646956604859
Mine_I_Sandur,6,2016,1264.6763189409035,990.0948204602674,36.59738533133925,0.9200995185277726,24,3,1538.9829446795147,8,2,High,724.4301340572321,985.5419216772988,634.0331247125177
Mine_I_Sandur,7,2016,1489.2039358511165,562.7358780850317,244.62816335694134,0.6607705017070782,14,1,1639.9075031176899,8,3,High,990.0948204602674,724.4301340572321,985.5419216772988
Mine_I_Sandur,8,2016,812.3930025576364,243.7179007672909,217.34082230055594,0.6198259640766102,9,2,999.0562815765942,8,3,High,562.7358780850317,990.0948204602674,724.4301340572321
Mine_I_Sandur,9,2016,1124.5234472937104,337.3570341881131,124.5972405993387,0.7305399337650558,5,1,1276.746917114647,7,3,High,243.7179007672909,562.7358780850317,990.0948204602674
Mine_I_Sandur,10,2016,1420.5088715039935,630.7411951298179,44.85520041375059,0.8150283716779233,15,3,1576.2489756684831,6,2,High,337.3570341881131,243.7179007672909,562.7358780850317
Mine_I_Sandur,11,2016,721.6989894404505,625.1159114618602,8.227567994960673,0.8833027263143948,16,5,886.4033879650646,8,3,High,630.7411951298179,337.3570341881131,243.7179007672909
Mine_I_Sandur,12,2016,1142.3067054443018,857.0570035194141,46.31878491581214,0.8803194942822327,18,3,1275.4314305745727,6,4,High,625.1159114618602,630.7411951298179,337.3570341881131
Mine_I_Sandur,1,2017,1220.5443304579062,1013.3134448932296,37.4879785256623,0.865053491717723,22,4,1423.1766498744869,6,4,High,857.0570035194141,625.1159114618602,630.7411951298179
Mine_I_Sandur,2,2017,751.6739636305934,921.0652616831995,20.274280226034573,0.9785193889746754,22,4,842.3698907979898,8,4,Low,1013.3134448932296,857.0570035194141,625.1159114618602
Mine_I_Sandur,3,2017,634.3556924978463,402.1333075349684,32.27210843480326,0.8105395501194849,24,3,767.6026647951958,8,2,High,921.0652616831995,1013.3134448932296,857.0570035194141
Mine_I_Sandur,4,2017,871.2645347234233,730.9389150119509,18.540286818652962,0.9118197881750211,16,5,1090.5017185356483,6,4,High,402.1333075349684,921.0652616831995,1013.3134448932296
Mine_I_Sandur,5,2017,827.9215716412248,413.6251445243964,15.939996051380206,0.9419130013908882,16,3,1042.3044534929168,5,3,High,730.9389150119509,402.1333075349684,921.0652616831995
Mine_I_Sandur,6,2017,1427.2804654911151,1197.6867660486953,39.568788798125915,0.9943278737226692,19,5,1643.8832636968084,7,2,High,413.6251445243964,730.9389150119509,402.1333075349684
Mine_I_Sandur,7,2017,1483.203134258916,444.96094027767475,211.89857195735823,0.7486448778910172,5,2,1756.047841999287,7,2,High,1197.6867660486953,413.6251445243964,730.9389150119509
Mine_I_Sandur,8,2017,599.8541127615796,179.95623382847387,161.84436384797863,0.63308844041432,7,2,666.2801017563455,6,2,High,444.96094027767475,1197.6867660486953,413.6251445243964
Mine_I_Sandur,9,2017,1088.964553014076,326.6893659042228,194.88196060291563,0.6006974993025513,10,2,1343.6322725623531,5,3,High,179.95623382847387,444.96094027767475,1197.6867660486953
Mine_I_Sandur,10,2017,1147.0612018689108,675.0351837342394,20.547603677682748,0.8306324640215491,16,4,1299.9600874130358,5,3,High,326.6893659042228,179.95623382847387,444.96094027767475
Mine_I_Sandur,11,2017,1021.5211773858025,447.8995807657494,19.96512445502972,0.9540710501656664,15,3,1181.8039778945563,5,2,High,675.0351837342394,326.6893659042228,179.95623382847387
Mine_I_Sandur,12,2017,627.8595090376006,535.7708916293312,15.830773874174199,0.9416290204775699,21,5,772.8964461037704,6,3,High,447.8995807657494,675.0351837342394,326.6893659042228
Mine_I_Sandur,1,2018,877.9564913479592,661.4419765923041,49.78614408922969,0.9007342651784752,25,3,1018.1292632318365,8,2,High,535.7708916293312,447.8995807657494,675.0351837342394
Mine_I_Sandur,2,2018,817.3299954635717,665.5368215653269,34.68065652289036,0.8019285191208997,23,4,1022.2392791073815,5,4,High,661.4419765923041,535.7708916293312,447.8995807657494
Mine_I_Sandur,3,2018,1060.9908774392966,848.3480438544672,16.725873685891653,0.9490689892134856,25,3,1214.4326382299787,5,4,High,665.5368215653269,661.4419765923041,535.7708916293312
Mine_I_Sandur,4,2018,1352.273929420469,1313.9635185866157,15.044997539800665,0.938233709671164,23,5,1540.2736525244748,6,3,Low,848.3480438544672,665.5368215653269,661.4419765923041
Mine_I_Sandur,5,2018,1443.6898398976605,1154.584602403005,33.009051757307134,0.8966066404544558,21,4,1715.6001860376498,6,3,High,1313.9635185866157,848.3480438544672,665.5368215653269
Mine_I_Sandur,6,2018,527.224058092676,430.3363569824398,35.144330628857276,0.8003286970700086,24,4,635.1335280976189,6,4,High,1154.584602403005,1313.9635185866157,848.3480438544672
Mine_I_Sandur,7,2018,1438.9448726964542,491.43986163075584,120.37500732982623,0.7524851501773044,10,2,1698.9582513819998,7,2,High,430.3363569824398,1154.584602403005,1313.9635185866157
Mine_I_Sandur,8,2018,806.3777023678076,320.7984064676759,137.3976209698036,0.7969291785811167,10,1,942.3386351862654,7,4,High,491.43986163075584,430.3363569824398,1154.584602403005
Mine_I_Sandur,9,2018,877.8708013849555,265.2851266989221,179.80155100434447,0.6064824073906312,14,2,1117.3175222932675,7,2,High,320.7984064676759,491.43986163075584,430.3363569824398
Mine_I_Sandur,10,2018,1299.872233328346,1180.694954326737,27.915128155860312,0.8928150012045555,17,5,1650.3236627447989,8,3,Medium,265.2851266989221,320.7984064676759,491.43986163075584
Mine_I_Sandur,11,2018,1403.8912336977448,1187.739091743192,11.956037634418859,0.8028245230126532,20,5,1690.4747100318436,6,4,High,1180.694954326737,265.2851266989221,320.7984064676759
Mine_I_Sandur,12,2018,965.1266191305881,915.4324404381797,45.647641633503426,0.8956143861578842,25,3,1219.6929915079002,7,4,Medium,1187.739091743192,1180.694954326737,265.2851266989221
Mine_I_Sandur,1,2019,1196.5714161611563,1308.774264036394,3.7105288199691944,0.9948777685307427,23,4,1445.609894505556,8,3,Low,915.4324404381797,1187.739091743192,1180.694954326737
Mine_I_Sandur,2,2019,1000.165261804784,720.2097955575471,7.768469929141491,0.828681140928601,21,4,1265.3874292053704,6,3,High,1308.774264036394,915.4324404381797,1187.739091743192
Mine_I_Sandur,3,2019,1453.3391080817285,1050.670738942148,28.697929497767245,0.8191099106074966,17,5,1676.1401049728845,5,4,High,720.2097955575471,1308.774264036394,915.4324404381797
Mine_I_Sandur,4,2019,677.9820821484477,696.5999026017407,39.27234882870294,0.9858318970719924,19,4,833.8711524835569,7,4,Low,1050.670738942148,720.2097955575471,1308.774264036394
Mine_I_Sandur,5,2019,762.0927480006256,716.0894418576221,45.11114058517802,0.9880067006808232,25,3,938.9773127427211,6,4,Medium,696.5999026017407,1050.670738942148,720.2097955575471
Mine_I_Sandur,6,2019,842.4372616729399,561.6021858431207,37.143240369495665,0.894464681915344,17,4,1015.4292128957374,7,2,High,716.0894418576221,696.5999026017407,1050.670738942148
Mine_I_Sandur,7,2019,1133.2317675754882,390.4282208876357,109.22135686709925,0.710804703411701,12,2,1249.6297373109776,6,3,High,561.6021858431207,716.0894418576221,696.5999026017407
Mine_I_Sandur,8,2019,1061.3252926567302,318.39758779701907,154.69147823043951,0.6074931262996975,7,2,1326.9332441771883,8,3,High,390.4282208876357,561.6021858431207,716.0894418576221
Mine_I_Sandur,9,2019,762.111768862931,228.63353065887927,224.26218285175017,0.6566304794437197,7,1,913.5662003530579,5,4,High,318.39758779701907,390.4282208876357,561.6021858431207
Mine_I_Sandur,10,2019,607.301975094964,470.0346484118036,20.189381200162366,0.8491608137107137,23,4,775.6610101855705,5,4,High,228.63353065887927,318.39758779701907,390.4282208876357
Mine_I_Sandur,11,2019,1230.2528753471001,1190.6580173819593,32.1014129656878,0.8640191357058408,20,5,1397.7082012910973,8,3,Low,470.0346484118036,228.63353065887927,318.39758779701907
Mine_I_Sandur,12,2019,1144.2556817781838,1368.0246583510275,22.564987289851196,0.8199431293724184,23,5,1365.8240767308744,8,4,Low,1190.6580173819593,470.0346484118036,228.63353065887927
Mine_I_Sandur,1,2020,1387.1381956706614,1537.2654833027084,4.455201899070499,0.916429786766293,25,4,1789.4775110815724,7,4,Low,1368.0246583510275,1190.6580173819593,470.0346484118036
Mine_I_Sandur,2,2020,1172.5396172775872,1220.4950176541342,40.53903662893898,0.8254660609084948,21,5,1359.2431995715692,7,4,Low,1537.2654833027084,1368.0246583510275,1190.6580173819593
Mine_I_Sandur,3,2020,760.2270360680573,834.3978511885967,34.48419239439759,0.954504774380121,17,5,960.4159019445335,8,4,Low,1220.4950176541342,1537.2654833027084,1368.0246583510275
Mine_I_Sandur,4,2020,1003.708654213272,704.9246799529296,22.124011897148694,0.8207114462976488,22,5,1190.3402636891085,5,3,High,834.3978511885967,1220.4950176541342,1537.2654833027084
Mine_I_Sandur,5,2020,886.9689781464151,717.4974058448514,4.838003586715795,0.8548163737733034,22,5,1091.9705582878594,6,3,High,704.9246799529296,834.3978511885967,1220.4950176541342
Mine_I_Sandur,6,2020,1112.2855789278674,500.0866200514028,28.17358813653696,0.9832619588088437,16,3,1285.621926008826,5,2,High,717.4974058448514,704.9246799529296,834.3978511885967
Mine_I_Sandur,7,2020,977.5170510249809,293.25511530749424,121.99713338926215,0.7716611318704517,12,2,1153.451708546822,7,2,High,500.0866200514028,717.4974058448514,704.9246799529296
Mine_I_Sandur,8,2020,949.5654511890291,299.9419220099823,209.02683617111904,0.6631307263887884,11,1,1082.9307375136298,8,2,High,293.25511530749424,500.0866200514028,717.4974058448514
Mine_I_Sandur,9,2020,521.3796772653324,156.4139031795997,136.36058651909235,0.6407557321697027,9,1,579.9729390891234,5,4,High,299.9419220099823,293.25511530749424,500.0866200514028
Mine_I_Sandur,10,2020,672.7521445584499,554.448702728585,10.44286211412057,0.9722700733932514,21,4,778.7995932962216,8,2,High,156.4139031795997,299.9419220099823,293.25511530749424
Mine_I_Sandur,11,2020,614.5453823266955,507.7512495973984,26.17892851883145,0.8427795114402863,18,5,774.0060899820371,7,3,High,554.448702728585,156.4139031795997,299.9419220099823
Mine_I_Sandur,12,2020,1480.7777006174447,1012.7580126234462,0.7134604743605277,0.8026987965334226,17,5,1900.308293146339,7,2,High,507.7512495973984,554.448702728585,156.4139031795997
Mine_I_Sandur,1,2021,1083.2996696032042,624.8717138830842,8.411227814963611,0.8626998611354485,18,3,1195.4546194101085,7,2,High,1012.7580126234462,507.7512495973984,554.448702728585
Mine_I_Sandur,2,2021,617.0916134278411,572.8381366872071,37.114757604273485,0.9869948053863683,17,5,767.7000600484406,7,3,Medium,624.8717138830842,1012.7580126234462,507.7512495973984
Mine_I_Sandur,3,2021,866.5485417410443,571.2229004814916,47.76169661220116,0.9024063434534922,20,3,1059.6246819912797,7,2,High,572.8381366872071,624.8717138830842,1012.7580126234462
Mine_I_Sandur,4,2021,1096.799991331748,790.8518222329517,42.098533209654995,0.807399077241342,24,5,1338.371390102476,5,3,High,571.2229004814916,572.8381366872071,624.8717138830842
Mine_I_Sandur,5,2021,526.1576884577153,421.9868443111634,19.53259633811415,0.8643779772431088,20,5,664.5519155926916,8,2,High,790.8518222329517,571.2229004814916,572.8381366872071
Mine_I_Sandur,6,2021,801.8226490851766,649.5916067588823,31.53433782554349,0.9299897532989058,22,5,945.8505539435811,7,2,High,421.9868443111634,790.8518222329517,571.2229004814916
Mine_I_Sandur,7,2021,918.0987629194227,275.4296288758268,173.90199448347303,0.7021591172503479,6,1,1192.1010266946928,6,2,High,649.5916067588823,421.9868443111634,790.8518222329517
Mine_I_Sandur,8,2021,1323.1052404496531,396.93157213489593,221.1612369417649,0.7379227830230115,5,1,1570.2535733582677,7,4,High,275.4296288758268,649.5916067588823,421.9868443111634
Mine_I_Sandur,9,2021,1400.8708094813292,420.26124284439874,190.8389678787596,0.7101694324322179,7,1,1707.9757168247843,6,3,High,396.93157213489593,275.4296288758268,649.5916067588823
Mine_I_Sandur,10,2021,697.5502946651242,668.1418938569402,4.366224752086984,0.9163852168511594,23,5,888.336929322163,6,3,Low,420.26124284439874,396.93157213489593,275.4296288758268
Mine_I_Sandur,11,2021,597.0290682287452,254.89744619649554,43.63122101757457,0.8248699593843994,16,3,772.5680388949804,5,2,High,668.1418938569402,420.26124284439874,396.93157213489593
Mine_I_Sandur,12,2021,1039.7960161011756,1042.3122580917857,20.211993930815474,0.8479330056005167,21,5,1275.1696185015303,7,4,Low,254.89744619649554,668.1418938569402,420.26124284439874
Mine_I_Sandur,1,2022,1086.8475054816472,1165.9548149894915,12.38537344332204,0.8727970295290358,25,5,1249.8341491957774,6,4,Low,1042.3122580917857,254.89744619649554,668.1418938569402
Mine_I_Sandur,2,2022,721.1530514772115,605.814484173507,33.79343982243934,0.933849302217621,25,5,919.6343588363885,6,2,High,1165.9548149894915,1042.3122580917857,254.89744619649554
Mine_I_Sandur,3,2022,971.1591383207899,970.0005119210788,7.218629697987755,0.9548083596707544,20,4,1230.8511777041563,7,4,Low,605.814484173507,1165.9548149894915,1042.3122580917857
Mine_I_Sandur,4,2022,1498.580275799458,780.2890069720264,23.34187534923763,0.866437501625316,21,3,1917.3416468157384,5,2,High,970.0005119210788,605.814484173507,1165.9548149894915
Mine_I_Sandur,5,2022,767.677656995605,516.536883369616,4.298896715928385,0.9488216441989816,18,3,911.0419332085208,8,2,High,780.2890069720264,970.0005119210788,605.814484173507
Mine_I_Sandur,6,2022,576.9802666736991,696.8584820736469,1.172408960633159,0.92613087832932,24,4,742.9608433266584,8,4,Low,516.536883369616,780.2890069720264,970.0005119210788
Mine_I_Sandur,7,2022,1329.6174042819584,398.88522128458754,207.17841019200785,0.6678947081306803,6,2,1551.157248072367,7,2,High,696.8584820736469,516.536883369616,780.2890069720264
Mine_I_Sandur,8,2022,1041.2113405137598,312.3634021541279,100.10011213409092,0.6434835709454454,6,1,1256.9566109622892,5,2,High,398.88522128458754,696.8584820736469,516.536883369616
Mine_I_Sandur,9,2022,1092.5247127296102,327.75741381888304,217.16515142158607,0.7760919756787824,6,1,1267.981871345689,5,3,High,312.3634021541279,398.88522128458754,696.8584820736469
Mine_I_Sandur,10,2022,576.9004517825559,409.48473839741894,9.081320788043957,0.9426980472472472,19,4,688.0703609750825,5,3,High,327.75741381888304,312.3634021541279,398.88522128458754
Mine_I_Sandur,11,2022,942.3983466995846,660.3404639429219,12.796188084092341,0.8667921034323924,19,4,1115.1232783213197,7,3,High,409.48473839741894,327.75741381888304,312.3634021541279
Mine_I_Sandur,12,2022,1419.8816210635962,1001.9082084294664,34.593933617200676,0.8810303680209011,24,5,1729.680268443904,5,2,High,660.3404639429219,409.48473839741894,327.75741381888304
Mine_I_Sandur,1,2023,1094.0086396214447,641.148218211239,8.877216872423254,0.8151488116111378,15,4,1389.1753043542094,8,2,High,1001.9082084294664,660.3404639429219,409.48473839741894
Mine_I_Sandur,2,2023,1364.0739009566314,1354.0544527758086,43.79811846550611,0.9794609592351022,18,3,1693.3037754194656,8,4,Low,641.148218211239,1001.9082084294664,660.3404639429219
Mine_I_Sandur,3,2023,877.4565829245457,466.01843492847854,7.252431567849254,0.9279685727002926,16,5,1000.7064310637683,5,2,High,1354.0544527758086,641.148218211239,1001.9082084294664
Mine_I_Sandur,4,2023,1425.2298690503299,969.0185261741326,42.76090359418091,0.8713905626614569,21,3,1783.5824317197673,7,2,High,466.01843492847854,1354.0544527758086,641.148218211239
Mine_I_Sandur,5,2023,997.5206965426064,894.6033008526709,11.102036770483375,0.856978498103234,20,4,1258.149279118877,7,4,High,969.0185261741326,466.01843492847854,1354.0544527758086
Mine_I_Sandur,6,2023,510.13686540628,307.59011574405497,12.69144561318774,0.9510121150123051,17,5,636.1569443713829,5,2,High,894.6033008526709,969.0185261741326,466.01843492847854
Mine_I_Sandur,7,2023,1406.980313701082,439.3793407946111,232.4617934814363,0.7786769815736649,10,1,1704.6103506211098,7,3,High,307.59011574405497,894.6033008526709,969.0185261741326
Mine_I_Sandur,8,2023,1118.3837219871616,359.4844554442673,128.89662809257706,0.784493371362216,7,2,1449.9776799214137,7,2,High,439.3793407946111,307.59011574405497,894.6033008526709
Mine_I_Sandur,9,2023,983.3741336339747,295.0122400901924,227.46518841757018,0.7701190749652317,9,1,1215.5067609419427,6,2,High,359.4844554442673,439.3793407946111,307.59011574405497
Mine_I_Sandur,10,2023,1075.5289754275318,1083.2216926731264,27.61747372121162,0.806630297705515,20,5,1257.041339276706,8,4,Low,295.0122400901924,359.4844554442673,439.3793407946111
Mine_I_Sandur,11,2023,860.2319207673291,795.2446318011233,32.228905986858734,0.9537737522483429,20,5,1066.9700910697354,6,3,Medium,1083.2216926731264,295.0122400901924,359.4844554442673
Mine_I_Sandur,12,2023,871.2903464562156,491.65794344521174,39.74075963987764,0.9182775331140505,15,3,1064.1942634095692,5,3,High,795.2446318011233,1083.2216926731264,295.0122400901924
Mine_I_Sandur,1,2024,1249.5660635123063,769.4054281909376,1.2178066948758892,0.9727410013183254,16,5,1543.0865425304592,5,2,High,491.65794344521174,795.2446318011233,1083.2216926731264
Mine_I_Sandur,2,2024,1310.7317201521078,1043.9858931425952,40.354624585026805,0.9468801900176048,21,5,1648.8409174846581,5,3,High,769.4054281909376,491.65794344521174,795.2446318011233
Mine_I_Sandur,3,2024,894.3724769451038,504.67268139379564,32.55761928333974,0.8134485396529824,15,3,1130.0181941808662,6,3,High,1043.9858931425952,769.4054281909376,491.65794344521174
Mine_I_Sandur,4,2024,1469.0787554223834,1044.1608824796467,20.499051128555156,0.8273003224291491,22,5,1618.0704117615367,7,2,High,504.67268139379564,1043.9858931425952,769.4054281909376
Mine_I_Sandur,5,2024,1351.2838884253906,863.8280526387915,36.65629624044237,0.9700326575899413,16,5,1745.936957609089,5,2,High,1044.1608824796467,504.67268139379564,1043.9858931425952
Mine_I_Sandur,6,2024,746.2663247333124,676.2162746555215,32.420248524583734,0.9934291071971841,23,3,948.2516490627692,7,3,Medium,863.8280526387915,1044.1608824796467,504.67268139379564
Mine_I_Sandur,7,2024,1289.1721416798584,386.7516425039575,117.42203514211292,0.6200362195606848,13,1,1422.3917776244803,6,2,High,676.2162746555215,863.8280526387915,1044.1608824796467
Mine_I_Sandur,8,2024,1239.6384484187236,371.89153452561703,213.53990617752578,0.6364520597780523,10,2,1418.1341039660626,5,3,High,386.7516425039575,676.2162746555215,863.8280526387915
Mine_I_Sandur,9,2024,600.3484996074167,198.1962381790188,174.5512646507674,0.7724060053755999,11,1,710.0099209631614,7,3,High,371.89153452561703,386.7516425039575,676.2162746555215
Mine_I_Sandur,10,2024,754.8033687985767,591.5840909012386,45.72558615594761,0.8815892594802365,24,5,935.6463863507066,5,3,High,198.1962381790188,371.89153452561703,386.7516425039575
Mine_I_Sandur,11,2024,994.5325812526644,864.3532476175083,41.38381774808222,0.8816619857642981,25,4,1143.6350091198738,5,4,High,591.5840909012386,198.1962381790188,371.89153452561703
Mine_I_Sandur,12,2024,604.9324072785753,536.4420026324069,13.60916435485292,0.8401469491750293,23,4,707.7937468476102,6,4,High,864.3532476175083,591.5840909012386,198.1962381790188
Mine_I_Sandur,1,2025,1341.5342829944339,1232.4607957569735,34.79852955551305,0.9856396903813853,25,3,1711.472535846753,6,4,Medium,536.4420026324069,864.3532476175083,591.5840909012386
Mine_I_Sandur,2,2025,782.1628911911607,510.05679845153946,3.5802035398146526,0.874136145445414,20,3,869.7397610302379,8,2,High,1232.4607957569735,536.4420026324069,864.3532476175083
Mine_I_Sandur,3,2025,919.1560348018529,663.6838130466405,44.24038573046214,0.9795234333876955,18,3,1174.6301996054583,6,3,High,510.05679845153946,1232.4607957569735,536.4420026324069
Mine_I_Sandur,4,2025,1169.7936091105216,1154.6000527645263,47.51823206454127,0.9376894089649338,22,5,1435.5321131230426,7,3,Low,663.6838130466405,510.05679845153946,1232.4607957569735
Mine_I_Sandur,5,2025,911.9122539551892,720.0609904399463,33.770318184369025,0.8546825961742004,22,4,1163.94717018786,5,4,High,1154.6000527645263,663.6838130466405,510.05679845153946
Mine_I_Sandur,6,2025,1174.1366387676753,1382.2854636446682,20.90619994253163,0.9611156766525015,24,4,1312.8592349407668,7,4,Low,720.0609904399463,1154.6000527645263,663.6838130466405
Mine_I_Sandur,7,2025,820.5974257275152,246.17922771825454,109.00605569126584,0.6747357311528948,13,2,1052.5916364514148,6,2,High,1382.2854636446682,720.0609904399463,1154.6000527645263
Mine_I_Sandur,8,2025,908.3147234591622,287.0363311397981,243.75701887910537,0.6560978535708972,12,1,1061.156069442749,8,3,High,246.17922771825454,1382.2854636446682,720.0609904399463
Mine_I_Sandur,9,2025,694.8097069279382,208.44291207838145,192.22166554433625,0.6408167238084214,12,2,885.0038242328137,6,2,High,287.0363311397981,246.17922771825454,1382.2854636446682
Mine_I_Sandur,10,2025,810.3585171738837,637.388487101331,11.837275569166955,0.9087613382483033,23,3,1010.4751120923434,5,4,High,208.44291207838145,287.0363311397981,246.17922771825454
Mine_I_Sandur,11,2025,632.9047715692604,441.3000589250395,29.40714641191388,0.8948451812645971,16,3,704.4695202984468,7,3,High,637.388487101331,208.44291207838145,287.0363311397981
Mine_I_Sandur,12,2025,1293.2634860568905,1048.3824694527982,29.345414837879847,0.8825944308865623,22,4,1608.629404465975,5,4,High,441.3000589250395,637.388487101331,208.44291207838145
Mine_J_Hospet,1,2016,733.7784108090028,459.8321646669275,6.511342236837859,0.8930817576440362,20,4,934.4335629018403,7,2,High,459.8321646669275,459.8321646669275,459.8321646669275
Mine_J_Hospet,2,2016,1184.1801880257894,1480.225235032237,44.94137206035891,0.990616472060305,21,5,1527.8578952862447,8,4,Low,459.8321646669275,459.8321646669275,459.8321646669275
Mine_J_Hospet,3,2016,722.7115132269173,452.00011680315265,2.6903806907325634,0.9206324782646406,24,3,875.8048435971092,6,2,High,1480.225235032237,459.8321646669275,459.8321646669275
Mine_J_Hospet,4,2016,999.8516929409018,831.8338820621042,27.36713358817648,0.9201898336308388,25,3,1297.9755983358402,5,4,High,452.00011680315265,1480.225235032237,459.8321646669275
Mine_J_Hospet,5,2016,1361.1907969249232,1668.6571157453925,36.152779849427915,0.966734549895715,25,5,1740.0112631650402,8,3,Low,831.8338820621042,452.00011680315265,1480.225235032237
Mine_J_Hospet,6,2016,546.4557104299656,336.1762721162402,48.87029364015927,0.8068308224643617,18,3,644.9917469596018,8,2,High,1668.6571157453925,831.8338820621042,452.00011680315265
Mine_J_Hospet,7,2016,1404.2417881502793,421.27253644508374,143.14301376002535,0.6793309588882063,14,1,1783.9340744118142,5,3,High,336.1762721162402,1668.6571157453925,831.8338820621042
Mine_J_Hospet,8,2016,1129.5903518945302,457.0369555091281,103.52194804716255,0.7723221030185935,14,2,1402.0115986197193,5,4,High,421.27253644508374,336.1762721162402,1668.6571157453925
Mine_J_Hospet,9,2016,721.3458810854518,216.40376432563554,232.67419469232848,0.6979347525769382,7,1,838.3170968735844,6,4,High,457.0369555091281,421.27253644508374,336.1762721162402
Mine_J_Hospet,10,2016,1138.4761871576711,1058.1530342066587,36.61862143215264,0.9347101562650466,19,5,1478.505477003976,7,3,Medium,216.40376432563554,457.0369555091281,421.27253644508374
Mine_J_Hospet,11,2016,1083.7665432962945,931.8917506260256,40.90372484070294,0.9824471250728949,21,4,1205.290751784716,6,3,High,1058.1530342066587,216.40376432563554,457.0369555091281
Mine_J_Hospet,12,2016,1111.7631673184974,1038.2940388027434,27.741569242146646,0.874130691965332,17,5,1269.2897127871006,7,4,Medium,931.8917506260256,1058.1530342066587,216.40376432563554
Mine_J_Hospet,1,2017,1053.6132014200361,612.8838858089975,17.809279318145766,0.9238463315935677,16,3,1264.6947481939562,7,2,High,1038.2940388027434,931.8917506260256,1058.1530342066587
Mine_J_Hospet,2,2017,585.8265155557859,387.37435082080157,31.494716899616794,0.8279771576208712,17,3,729.7594487069392,7,3,High,612.8838858089975,1038.2940388027434,931.8917506260256
Mine_J_Hospet,3,2017,1348.7931141212482,880.2026834188275,9.61296360889034,0.9585715627782602,15,3,1505.2812048933113,8,2,High,387.37435082080157,612.8838858089975,1038.2940388027434
Mine_J_Hospet,4,2017,1362.9613223033914,864.6514268148899,2.4412566596168137,0.8924278008825649,16,4,1525.890509504358,5,4,High,880.2026834188275,387.37435082080157,612.8838858089975
Mine_J_Hospet,5,2017,1026.4305520592686,507.6896771602673,24.57766916094372,0.8155385469884823,19,3,1209.0017817764176,6,2,High,864.6514268148899,880.2026834188275,387.37435082080157
Mine_J_Hospet,6,2017,903.9722633042527,642.5646633775392,11.370594546419827,0.9269165125941136,23,5,1067.1206287864431,5,2,High,507.6896771602673,864.6514268148899,880.2026834188275
Mine_J_Hospet,7,2017,596.3270342483014,180.96538204370046,199.66273784804616,0.6131666130759572,14,2,677.1556553082829,6,3,High,642.5646633775392,507.6896771602673,864.6514268148899
Mine_J_Hospet,8,2017,908.7564808322297,272.6269442496689,208.1712509404315,0.6722432265375854,8,1,1093.02356836119,8,3,High,180.96538204370046,642.5646633775392,507.6896771602673
Mine_J_Hospet,9,2017,1085.640584941013,366.4648390813635,222.21991179348686,0.7385503924021949,12,1,1295.7019817793334,5,4,High,272.6269442496689,180.96538204370046,642.5646633775392
Mine_J_Hospet,10,2017,950.5525828271127,870.4880850442823,8.998323128986735,0.9745460759333845,21,5,1173.3586348290987,8,2,Medium,366.4648390813635,272.6269442496689,180.96538204370046
Mine_J_Hospet,11,2017,1441.8914097647285,943.5584893616874,48.81891928885925,0.8661286291072948,20,4,1741.856276646365,7,2,High,870.4880850442823,366.4648390813635,272.6269442496689
Mine_J_Hospet,12,2017,1393.3490549623646,716.6427295908827,47.91059406682109,0.8399494814717865,15,5,1603.580280048078,5,2,High,943.5584893616874,870.4880850442823,366.4648390813635
Mine_J_Hospet,1,2018,1191.4194745659222,1336.3057103009776,21.310773226816465,0.8228380150020163,22,5,1397.6832285265684,8,4,Low,716.6427295908827,943.5584893616874,870.4880850442823
Mine_J_Hospet,2,2018,1433.9650949710744,1354.9712780342077,31.69818612856951,0.9553663017312728,25,3,1674.4624247109432,8,3,Medium,1336.3057103009776,716.6427295908827,943.5584893616874
Mine_J_Hospet,3,2018,1291.707709674541,1190.1974645577147,9.658121944882625,0.9297212197463187,20,5,1479.0971839049218,7,3,Medium,1354.9712780342077,1336.3057103009776,716.6427295908827
Mine_J_Hospet,4,2018,819.7477017632682,712.331057699086,0.8665089755166167,0.9147563182873466,25,3,1027.6896623621283,7,3,High,1190.1974645577147,1354.9712780342077,1336.3057103009776
Mine_J_Hospet,5,2018,1108.4138678121699,816.9634553958803,8.613973970600098,0.9206858255375094,19,5,1362.3998282880875,5,3,High,712.331057699086,1190.1974645577147,1354.9712780342077
Mine_J_Hospet,6,2018,1212.9875324463042,883.3611853729511,7.620519922496971,0.9014847782621934,16,5,1566.9109139570405,6,3,High,816.9634553958803,712.331057699086,1190.1974645577147
Mine_J_Hospet,7,2018,1178.0320186789995,420.7956955486016,161.91662746398225,0.7332155258414959,11,1,1517.3228556345905,8,3,High,883.3611853729511,816.9634553958803,712.331057699086
Mine_J_Hospet,8,2018,1456.7344882768439,437.0203464830532,130.06505179183085,0.6941073716700197,13,1,1804.498109763922,6,3,High,420.7956955486016,883.3611853729511,816.9634553958803
Mine_J_Hospet,9,2018,1365.0287198320748,468.8765367935549,175.9664369783898,0.7906908893844251,10,2,1612.4701360511838,8,3,High,437.0203464830532,420.7956955486016,883.3611853729511
Mine_J_Hospet,10,2018,1384.5406406048937,892.60213986131,36.85812867894557,0.8551104680801289,21,3,1585.364239386738,7,2,High,468.8765367935549,437.0203464830532,420.7956955486016
Mine_J_Hospet,11,2018,697.8842720510775,558.8868838699874,9.12774491513198,0.900375423131873,15,3,784.9639248583355,8,4,High,892.60213986131,468.8765367935549,437.0203464830532
Mine_J_Hospet,12,2018,636.8732796362083,445.0943300445096,44.77843068763674,0.9529098007744484,22,4,794.940577772242,5,2,High,558.8868838699874,892.60213986131,468.8765367935549
Mine_J_Hospet,1,2019,567.5732392082193,571.578570726693,25.39667153228616,0.9979898168859612,21,4,708.2470795012999,8,3,Low,445.0943300445096,558.8868838699874,892.60213986131
Mine_J_Hospet,2,2019,1299.6853021356108,1410.705038214886,19.810267237243373,0.9537967770553019,24,4,1537.5332726498461,7,4,Low,571.578570726693,445.0943300445096,558.8868838699874
Mine_J_Hospet,3,2019,1186.9446732836675,1322.4783174653453,42.060795419431294,0.9886526176944326,24,5,1513.619021433578,7,3,Low,1410.705038214886,571.578570726693,445.0943300445096
Mine_J_Hospet,4,2019,831.5444230793988,636.8488456181416,35.55458421505542,0.9736499614293685,22,3,957.4982465094571,6,3,High,1322.4783174653453,1410.705038214886,571.578570726693
Mine_J_Hospet,5,2019,981.9086771173002,539.1809161638793,11.332112517659365,0.8783004840633145,18,3,1238.8292858722375,6,3,High,636.8488456181416,1322.4783174653453,1410.705038214886
Mine_J_Hospet,6,2019,1454.754426151294,1363.482012514171,26.572765243826034,0.9925724789176074,19,3,1839.4668518068484,7,4,Medium,539.1809161638793,636.8488456181416,1322.4783174653453
Mine_J_Hospet,7,2019,903.6564939152013,308.8591475959304,133.85847636986693,0.7612824338994892,8,2,1096.4723364035285,8,2,High,1363.482012514171,539.1809161638793,636.8488456181416
Mine_J_Hospet,8,2019,779.1638371021882,233.74915113065643,217.8311855912499,0.7673825350870555,7,2,932.9549045056885,5,3,High,308.8591475959304,1363.482012514171,539.1809161638793
Mine_J_Hospet,9,2019,1173.7604417791963,352.1281325337589,216.18643494621602,0.6622781858015564,10,2,1411.6254729931372,6,2,High,233.74915113065643,308.8591475959304,1363.482012514171
Mine_J_Hospet,10,2019,962.1435233478569,1102.357309014418,33.105706304038804,0.8559293232950951,24,5,1199.5327657680664,7,4,Low,352.1281325337589,233.74915113065643,308.8591475959304
Mine_J_Hospet,11,2019,1429.5009032476667,1295.4054854658189,19.8689374588164,0.8899092930532922,19,3,1733.4050355010884,8,4,Medium,1102.357309014418,352.1281325337589,233.74915113065643
Mine_J_Hospet,12,2019,1241.9911001216951,641.9755514700404,37.181638279318506,0.8514012351476106,19,3,1472.7007854220567,6,2,High,1295.4054854658189,1102.357309014418,352.1281325337589
Mine_J_Hospet,1,2020,610.2511658709914,374.63516769567906,16.944825320773504,0.8207105331786698,23,3,706.4151125110532,6,2,High,641.9755514700404,1295.4054854658189,1102.357309014418
Mine_J_Hospet,2,2020,1141.7894922856071,792.4191592865258,42.866227548481426,0.8986306135333176,22,4,1282.8167133412803,5,3,High,374.63516769567906,641.9755514700404,1295.4054854658189
Mine_J_Hospet,3,2020,1134.463480194092,786.0757611876188,47.4167205070872,0.8125702022032717,23,4,1267.0685384187489,7,2,High,792.4191592865258,374.63516769567906,641.9755514700404
Mine_J_Hospet,4,2020,1269.834718965888,885.213052853217,26.02902560465336,0.8460276394566295,16,4,1439.475726442181,7,3,High,786.0757611876188,792.4191592865258,374.63516769567906
Mine_J_Hospet,5,2020,572.2401151301266,560.9240965541212,17.879687879806706,0.9076958516606911,23,3,679.6489428581499,8,4,Low,885.213052853217,786.0757611876188,792.4191592865258
Mine_J_Hospet,6,2020,1261.8601655387833,1158.605967225338,41.697991909601875,0.8458036305021437,24,4,1411.387426893081,6,4,Medium,560.9240965541212,885.213052853217,786.0757611876188
Mine_J_Hospet,7,2020,900.5837921205288,270.17513763615864,177.47207636456716,0.6813852680864709,6,1,1029.5028842513461,5,3,High,1158.605967225338,560.9240965541212,885.213052853217
Mine_J_Hospet,8,2020,540.0885509934124,162.0265652980237,175.82387551118916,0.6481954566027999,5,2,693.7073798706235,6,2,High,270.17513763615864,1158.605967225338,560.9240965541212
Mine_J_Hospet,9,2020,1237.1083722663225,371.1325116798967,247.31906651213816,0.6921416631913332,8,2,1431.4514327371453,8,3,High,162.0265652980237,270.17513763615864,1158.605967225338
Mine_J_Hospet,10,2020,1448.0593487627273,1112.2520084868027,24.78511554395459,0.890776085226764,22,4,1722.4596262348095,8,2,High,371.1325116798967,162.0265652980237,270.17513763615864
Mine_J_Hospet,11,2020,1498.0659227232802,1016.7301378548063,10.539366545452344,0.8232872036360218,21,4,1923.8458111459304,6,3,High,1112.2520084868027,371.1325116798967,162.0265652980237
Mine_J_Hospet,12,2020,692.2925524018615,825.399953933386,39.090205375334364,0.8941464772170999,22,5,772.9501273223021,8,4,Low,1016.7301378548063,1112.2520084868027,371.1325116798967
Mine_J_Hospet,1,2021,912.5165453502495,887.1452367175598,16.198406931866426,0.8904088177221653,23,4,1143.3083782377048,8,3,Low,825.399953933386,1016.7301378548063,1112.2520084868027
Mine_J_Hospet,2,2021,1287.9582873690956,1148.131637368673,37.31755725717857,0.993911942907735,23,5,1597.2824793030923,7,2,High,887.1452367175598,825.399953933386,1016.7301378548063
Mine_J_Hospet,3,2021,1265.4013841245783,1101.8834555116532,25.001198470591067,0.9312166492958698,20,4,1619.7798231184,6,4,High,1148.131637368673,887.1452367175598,825.399953933386
Mine_J_Hospet,4,2021,551.0953576529428,244.44929488801736,16.070157698392475,0.8117554938891922,15,3,671.5278080729424,6,2,High,1101.8834555116532,1148.131637368673,887.1452367175598
Mine_J_Hospet,5,2021,505.90027659076054,332.1129895964061,33.05925205928651,0.9810256821192851,15,5,634.0194505599183,6,2,High,244.44929488801736,1101.8834555116532,1148.131637368673
Mine_J_Hospet,6,2021,641.1785565521986,383.9275053320317,0.2669362015805532,0.8177424824836528,21,3,727.1842399321266,5,3,High,332.1129895964061,244.44929488801736,1101.8834555116532
Mine_J_Hospet,7,2021,1106.6710407276237,379.245774693327,184.72142387447985,0.7349632368199108,9,2,1321.7636237263569,6,3,High,383.9275053320317,332.1129895964061,244.44929488801736
Mine_J_Hospet,8,2021,602.0510855081376,180.61532565244127,112.94118832545489,0.6329954832085174,10,2,698.0993643362792,7,3,High,379.245774693327,383.9275053320317,332.1129895964061
Mine_J_Hospet,9,2021,976.5576241734105,327.94290742232783,122.04962264731975,0.7581604984426532,10,2,1243.8723748108264,6,3,High,180.61532565244127,379.245774693327,383.9275053320317
Mine_J_Hospet,10,2021,1401.4435983120675,1195.3678808368159,0.2249098454297105,0.9610976732506553,18,5,1653.8862359607467,8,2,High,327.94290742232783,180.61532565244127,379.245774693327
Mine_J_Hospet,11,2021,583.6581170328532,440.4269430714453,35.9214682166855,0.8472950508929966,24,3,643.7315587540276,7,3,High,1195.3678808368159,327.94290742232783,180.61532565244127
Mine_J_Hospet,12,2021,767.9879688130733,522.6822221982981,26.971555026147986,0.8243450284160648,25,3,943.5279253457976,8,2,High,440.4269430714453,1195.3678808368159,327.94290742232783
Mine_J_Hospet,1,2022,1114.5241791223793,606.2633822941117,18.120568888764282,0.8716649348819767,23,3,1296.1898185643838,5,2,High,522.6822221982981,440.4269430714453,1195.3678808368159
Mine_J_Hospet,2,2022,1470.775097333399,1264.7134365014242,28.7988719159597,0.844862092308638,21,5,1817.2645531479495,7,3,High,606.2633822941117,522.6822221982981,440.4269430714453
Mine_J_Hospet,3,2022,851.5649503049751,697.3512947249253,39.076287432682214,0.9890940550758736,23,4,997.0114892295205,5,3,High,1264.7134365014242,606.2633822941117,522.6822221982981
Mine_J_Hospet,4,2022,949.3408862609717,698.5979752517245,43.50925059317816,0.8564320578704887,23,5,1176.3939596493867,6,2,High,697.3512947249253,1264.7134365014242,606.2633822941117
Mine_J_Hospet,5,2022,649.097680523369,477.85309299806846,38.470483176931445,0.8642965805693494,23,5,777.1524666300936,6,2,High,698.5979752517245,697.3512947249253,1264.7134365014242
Mine_J_Hospet,6,2022,1211.962652461007,1053.4868557381358,4.3916073222671494,0.9540129839283508,17,3,1478.38389718043,8,4,High,477.85309299806846,698.5979752517245,697.3512947249253
Mine_J_Hospet,7,2022,658.861934771356,197.6585804314068,157.34971549234186,0.7990949455294983,7,2,771.5555990895726,6,2,High,1053.4868557381358,477.85309299806846,698.5979752517245
Mine_J_Hospet,8,2022,1212.7980885465254,363.8394265639576,229.3010997441779,0.7546058241549984,7,2,1347.5542823801293,5,4,High,197.6585804314068,1053.4868557381358,477.85309299806846
Mine_J_Hospet,9,2022,695.2854079329222,228.75792439920153,165.14044518225006,0.6936977820619424,14,2,817.0362789262495,8,2,High,363.8394265639576,197.6585804314068,1053.4868557381358
Mine_J_Hospet,10,2022,742.3225525136268,439.58895548841963,35.76546690798281,0.9569696743110889,16,3,819.4651000512083,7,2,High,228.75792439920153,363.8394265639576,197.6585804314068
Mine_J_Hospet,11,2022,529.9663030826721,388.9066070194157,17.246664989748922,0.8498417344359548,15,5,585.9590973762881,6,3,High,439.58895548841963,228.75792439920153,363.8394265639576
Mine_J_Hospet,12,2022,1343.4273653698956,1015.9991489404307,12.437414982921064,0.9214612856954361,21,5,1649.1768770107947,5,3,High,388.9066070194157,439.58895548841963,228.75792439920153
Mine_J_Hospet,1,2023,1321.3986431777698,1091.2125659120754,31.17548887802614,0.9978105939512474,21,5,1546.6643660792506,5,3,High,1015.9991489404307,388.9066070194157,439.58895548841963
Mine_J_Hospet,2,2023,570.7257679113167,298.0101910578264,12.222562635091455,0.8461766031821111,15,4,665.9093361535475,7,2,High,1091.2125659120754,1015.9991489404307,388.9066070194157
Mine_J_Hospet,3,2023,1059.6132346652519,1158.6144645207671,27.66542729754409,0.900246946406533,24,4,1330.0547315176007,8,4,Low,298.0101910578264,1091.2125659120754,1015.9991489404307
Mine_J_Hospet,4,2023,675.2741912888787,725.9522820128504,14.283715289151273,0.8780065546264227,23,5,769.5742617278358,7,4,Low,1158.6144645207671,298.0101910578264,1091.2125659120754
Mine_J_Hospet,5,2023,645.8157912573181,660.4938457629268,5.452340073654166,0.9669250081737742,24,3,805.4729504966964,7,4,Low,725.9522820128504,1158.6144645207671,298.0101910578264
Mine_J_Hospet,6,2023,1428.2650217444732,1161.29759049595,9.231109954033911,0.8707381298749797,19,5,1784.5595805091843,5,4,High,660.4938457629268,725.9522820128504,1158.6144645207671
Mine_J_Hospet,7,2023,1492.0532906094193,522.8816143516603,227.0789559556232,0.7619359032296398,13,1,1653.2895495976015,8,3,High,1161.29759049595,660.4938457629268,725.9522820128504
Mine_J_Hospet,8,2023,1458.4892450045638,437.54677350136916,183.31061737762647,0.7164872373799869,13,1,1875.310560163641,8,2,High,522.8816143516603,1161.29759049595,660.4938457629268
Mine_J_Hospet,9,2023,1395.3773705378262,418.61321116134786,175.51105478105953,0.6350432557990177,9,1,1627.7136479291798,5,3,High,437.54677350136916,522.8816143516603,1161.29759049595
Mine_J_Hospet,10,2023,898.4716555201313,447.3329446296446,48.63063097025982,0.98645177478023,18,3,1086.1833145423213,5,2,High,418.61321116134786,437.54677350136916,522.8816143516603
Mine_J_Hospet,11,2023,1116.5616118056023,1223.0539698104717,11.53790502842542,0.9332660033288842,19,4,1372.2182607578216,8,4,Low,447.3329446296446,418.61321116134786,437.54677350136916
Mine_J_Hospet,12,2023,939.304346338914,724.6037166710087,48.452075363648426,0.9004876419855739,23,5,1180.3306334720805,6,2,High,1223.0539698104717,447.3329446296446,418.61321116134786
Mine_J_Hospet,1,2024,904.4571072069593,591.8134062372145,16.04570632716824,0.9871229505278507,16,4,1017.2288737793203,5,3,High,724.6037166710087,1223.0539698104717,447.3329446296446
Mine_J_Hospet,2,2024,1417.2495516453346,1729.2855568248028,39.23284528365729,0.9376468014572964,21,5,1594.7152587845792,8,4,Low,591.8134062372145,724.6037166710087,1223.0539698104717
Mine_J_Hospet,3,2024,1253.2072872558788,1305.6591696296468,10.555994474143965,0.9131317240666592,25,5,1551.0958878003646,5,4,Low,1729.2855568248028,591.8134062372145,724.6037166710087
Mine_J_Hospet,4,2024,1469.525266023907,1177.2821388909986,26.204512370791715,0.8226579544124089,19,4,1908.2577471298232,7,4,High,1305.6591696296468,1729.2855568248028,591.8134062372145
Mine_J_Hospet,5,2024,762.895844152136,461.37965644904165,15.989651514564923,0.8508106174237235,16,4,905.9708988426819,5,3,High,1177.2821388909986,1305.6591696296468,1729.2855568248028
Mine_J_Hospet,6,2024,600.7041174672145,459.3786800608476,0.7267814700751329,0.9888723198663311,24,4,669.1434933916188,6,2,High,461.37965644904165,1177.2821388909986,1305.6591696296468
Mine_J_Hospet,7,2024,816.3251275505497,283.6677136587491,209.8937632185628,0.7613753227849341,11,1,997.3484247395505,7,4,High,459.3786800608476,461.37965644904165,1177.2821388909986
Mine_J_Hospet,8,2024,594.8575461139799,187.5245526056533,182.8903241166574,0.6629726750810777,7,2,668.6928559148704,8,4,High,283.6677136587491,459.3786800608476,461.37965644904165
Mine_J_Hospet,9,2024,588.9435619406481,176.68306858219444,160.07033341109275,0.6072300083901735,11,1,676.2974809071275,7,2,High,187.5245526056533,283.6677136587491,459.3786800608476
Mine_J_Hospet,10,2024,1346.5259477920226,1206.2052240828243,41.75851109475586,0.9475142033321111,24,5,1521.6815877473705,7,2,High,176.68306858219444,187.5245526056533,283.6677136587491
Mine_J_Hospet,11,2024,1086.1980648526112,822.3593694710861,20.100704193461212,0.9560901019657622,17,3,1272.155686057843,7,3,High,1206.2052240828243,176.68306858219444,187.5245526056533
Mine_J_Hospet,12,2024,924.1476130501633,704.0047316886598,17.462110807389596,0.8718455205413803,17,5,1086.1019381309852,5,4,High,822.3593694710861,1206.2052240828243,176.68306858219444
Mine_J_Hospet,1,2025,763.1995630782321,426.21699839124415,19.618216784334702,0.9335828624158127,22,3,978.4532834130695,5,2,High,704.0047316886598,822.3593694710861,1206.2052240828243
Mine_J_Hospet,2,2025,1113.8160659076111,837.0475795588102,38.404744230737435,0.8935574225574802,16,5,1234.2445037455527,7,3,High,426.21699839124415,704.0047316886598,822.3593694710861
Mine_J_Hospet,3,2025,986.9526492092452,669.7571018930406,26.519745322168504,0.9855027513324134,16,3,1115.7094946390039,8,2,High,837.0475795588102,426.21699839124415,704.0047316886598
Mine_J_Hospet,4,2025,891.1549228629711,649.2089949921599,33.71535060930263,0.9109347910353484,20,4,1014.9681814480888,7,2,High,669.7571018930406,837.0475795588102,426.21699839124415
Mine_J_Hospet,5,2025,1003.2008640063159,618.6763036279232,19.596178019176193,0.8688365580082262,15,4,1242.3946667602524,6,3,High,649.2089949921599,669.7571018930406,837.0475795588102
Mine_J_Hospet,6,2025,875.668273735826,835.3578949307218,11.13119793423566,0.8077297428824515,21,5,1096.3663442713894,8,3,Low,618.6763036279232,649.2089949921599,669.7571018930406
Mine_J_Hospet,7,2025,1048.250008489444,314.4750025468332,208.47779555522206,0.7659955211260303,5,1,1175.3878161205762,8,3,High,835.3578949307218,618.6763036279232,649.2089949921599
Mine_J_Hospet,8,2025,1165.562527427574,349.66875822827217,200.05642630692557,0.7612148348485015,7,1,1492.770167895511,5,4,High,314.4750025468332,835.3578949307218,618.6763036279232
Mine_J_Hospet,9,2025,1403.0075324105126,420.90225972315375,141.15903524249333,0.7461716032091944,5,2,1653.0056311540511,7,3,High,349.66875822827217,314.4750025468332,835.3578949307218
Mine_J_Hospet,10,2025,502.24551136861396,501.10802868870115,35.995926235376785,0.8256626292117251,18,5,561.9884157588228,8,4,Low,420.90225972315375,349.66875822827217,314.4750025468332
Mine_J_Hospet,11,2025,972.0188535785844,980.4056717775851,36.020490349500484,0.9433372675822065,19,3,1079.330210504324,8,4,Low,501.10802868870115,420.90225972315375,349.66875822827217
Mine_J_Hospet,12,2025,1360.8768247944083,890.8552187480101,38.115234845934204,0.8887888392195721,17,3,1586.2178422232193,8,2,High,980.4056717775851,501.10802868870115,420.90225972315375
