# DATA SOURCE: SYNTHETIC (Planetary Computer tile coverage partial - see README)
# WARNING: This is SYNTHETIC data with realistic distributions.
latitude,longitude,B02,B04,B08,B11,B12,ndvi,iron_oxide_index,clay_index

21.0,79.0,0.08490142459033699,0.12282451988878124,0.20762403179772967,0.3507985654970339,0.1160752634756389,0.25661940852969417,1.4466720710136736,3.0221647118504342

21.0,79.01,0.0657320709648644,0.13854738642131437,0.20555858916161504,0.23822911248927162,0.13454502684731726,0.19474001463446539,2.1077593353873763,1.7706274092356689

21.0,79.02000000000001,0.08919065614302064,0.08638766467266691,0.07223568273699942,0.28213922313947615,0.11977094694774267,-0.08921752161865762,0.9685730356920311,2.3556566103381553

21.0,79.03000000000002,0.11533089569224059,0.07497053061968972,0.21969098082985763,0.23608784205698327,0.15498090234730572,0.49114134197276443,0.6500472410683704,1.5233350582485756

21.0,79.04000000000002,0.06249539875829968,0.05587397893768772,0.32688290818217636,0.18208666331484577,0.20913892657309527,0.7080445533271753,0.894049481376618,0.8706493153207444

21.0,79.05000000000003,0.06237589129152428,0.06608357880084134,0.12707678809232278,0.0715658845843753,0.11054789214293931,0.3157646169394572,1.059441032851049,0.6473744829716209

21.0,79.06000000000003,0.11665638446522138,0.2,0.36024826510506197,0.24258189809254027,0.19896102488842016,0.28603081001314284,1.7144368115418671,1.2192433071083089

21.0,79.07000000000004,0.09218304187458683,0.14852718322947084,0.30507748210843705,0.17360753767783155,0.10965639638265495,0.3451249751318877,1.6112202423349955,1.5831957208742689

21.0,79.08000000000004,0.05495576842195095,0.05787213295718194,0.1837766678028999,0.205891825882113,0.10617863937515505,0.5210228000205079,1.0530674852461777,1.9391077800567413

21.0,79.09000000000005,0.0851968013075784,0.04548168173025637,0.24394703626621939,0.19237089208146077,0.18930973091715986,0.6857141055014735,0.5338425971260783,1.0161701199819646

21.0,79.10000000000005,0.05489746921562552,0.15271703520936036,0.41883218076410794,0.4189683581563716,0.19429681890037992,0.46560320278794765,2.781859293573891,2.156331536007043

21.0,79.11000000000006,0.05470810739289163,0.11991059189511766,0.33325478135059167,0.39503862795777644,0.1905904968381317,0.470786609048169,2.1918248937910705,2.072708945640723

21.0,79.12000000000006,0.0758188681469803,0.11979535341269348,0.2616783654898203,0.2416045556269862,0.08205012958909183,0.3719339105407465,1.5800203324383528,2.9445968768420654

21.0,79.13000000000007,0.011041592660265272,0.08746176825785089,0.23793166830390755,0.19356629432617706,0.12436245109639625,0.4624245085879462,5.0,1.5564689539649905

21.0,79.14000000000007,0.016572465024608164,0.09246182959988271,0.2702609070451724,0.1433941507784131,0.18862942960016477,0.49017902500624977,5.0,0.7601897063800954

21.0,79.15000000000008,0.051331374122769904,0.1435397352562848,0.21232364420577654,0.309957373569867,0.14937709202819333,0.1932874043801297,2.79633532960457,2.074999380118244

21.0,79.16000000000008,0.03769506638996631,0.10055572025173175,0.0539250494281059,0.35000339200455766,0.0934353576901253,-0.3018542106573056,2.667609573748801,3.745941582315509

21.0,79.17000000000009,0.07738741997785717,0.02,0.4695177910534809,0.20758617290823642,0.1698558969562705,0.9182869329309858,0.2584399373939408,1.222131091742234

21.0,79.18000000000009,0.040599277734362574,0.0875680147769906,0.2817324999199484,0.05807027714727152,0.11101963705042481,0.5257628336903882,2.1568860198511817,0.5230631142181618

21.0,79.1900000000001,0.025350888959940095,0.06252374262958571,0.3069147265122625,0.27120347702708375,0.23630624241960885,0.6615201291414222,2.4663333298391805,1.1476780051825297

21.0,79.2000000000001,0.11156946306764538,0.10340845675633865,0.26220922501231836,0.2929779798015004,0.22364207312091106,0.43433558093896196,0.9268526872891383,1.3100306913721915

21.0,79.21000000000011,0.060706710985402645,0.26,0.19538831992755087,0.13522896620758493,0.17642487131777645,-0.14188260267312114,4.282887268167602,0.766496045148651

21.0,79.22000000000011,0.06938584614063636,0.11073926661897016,0.25120755190513305,0.23575389285640333,0.21409033523848667,0.38809095164901847,1.5959921600569145,1.1011888625596553

21.0,79.23000000000012,0.02449755441359489,0.08331881255310197,0.11076052378057945,0.25468582112952337,0.14909956750616693,0.14139429643430662,3.401107343464193,1.708159354306466

21.0,79.24000000000012,0.05078851826424305,0.13255206007908787,0.4993086498053415,0.2176824888593706,0.18395187471874858,0.5804389858886644,2.6098823976012917,1.1833665140616667

21.0,79.25000000000013,0.07032767769129444,0.11480751548836621,0.1490488001577719,0.16714603566402142,0.21938601476510144,0.12977246564129988,1.6324656108946305,0.7618809966843058

21.0,79.26000000000013,0.032350192677329324,0.11212377961807127,0.17020337161529403,0.2933156056494449,0.15759493408971323,0.20571734501243114,3.4659385305625268,1.8611994551573006

21.0,79.27000000000014,0.07803094055036851,0.15523823084721167,0.23027407956137239,0.23239610133862568,0.13238064142428332,0.194639306369154,1.9894445658778375,1.7555142403203714

21.0,79.28000000000014,0.04862083930243413,0.2303882653711328,0.40400757248525065,0.14116436233320054,0.05972890209114161,0.2736766175411994,4.73846745968764,2.363417996223219

21.0,79.29000000000015,0.057769187506199915,0.049544462586960714,0.27755089992627874,0.07783678600311789,0.1406233237139226,0.6970641085147847,0.8576278227191738,0.5535126314189107

21.0,79.30000000000015,0.04834880163311626,0.14760886799419207,0.15338642039696757,0.37111135967993647,0.1857711592281128,0.019194826708874506,3.0529995098738536,1.9976801620991773

21.0,79.31000000000016,0.12184834553526624,0.05736475480073561,0.40333383607574824,0.2638664783529735,0.19170167137837862,0.7509662240158066,0.47078813012733,1.3764432845998116

21.0,79.32000000000016,0.06575508325786003,0.11646050585368699,0.3519000626785629,0.22655814829903692,0.16945825328591752,0.5026886817402848,1.7711255146597864,1.3369555260497248

21.0,79.33000000000017,0.034308672131320966,0.05731253954055319,0.3335434957216605,0.1892807754204387,0.11699504525188496,0.7067332500702433,1.6704971604302308,1.6178529171995326

21.0,79.34000000000017,0.09059634736309358,0.07718532745579351,0.35217342411709973,0.1827701110057759,0.04503892155261733,0.6404623070797582,0.8519695287631399,4.058048112596289

21.0,79.35000000000018,0.029174690500867184,0.08189640343048053,0.5,0.14419843460908183,0.11893924509976002,0.7185189563516844,2.807104436886342,1.2123705204863093

21.0,79.36000000000018,0.07194590785014046,0.13255266877378505,0.5,0.18899810488080254,0.1283027564472991,0.5808960254336272,1.8423934390493195,1.4730634786566565

21.0,79.37000000000019,0.01,0.13007817775769315,0.21462846569968752,0.07049389494158209,0.12769355164049587,0.24528186364333862,5.0,0.5520552446128424

21.0,79.3800000000002,0.02559441853304476,0.04333130494214113,0.4465884992811327,0.16707554425719814,0.1740878178488927,0.8231085797725827,1.6929982104065615,0.9597199058824829

21.0,79.3900000000002,0.07122583707607132,0.09517736443999036,0.32341681897590796,0.19653437385541744,0.2422638205507384,0.5452523315514464,1.3362758264913128,0.8112411227046271

21.0,79.4000000000002,0.08735399739985986,0.08374184755303826,0.33590958161379336,0.31282992396398784,0.14897646009205098,0.600898070337362,0.9586492885248052,2.099861438248079

21.0,79.41000000000021,0.0702210484356966,0.042279803572982846,0.117672916835686,0.21490514756385823,0.13178341054217313,0.4713462392070857,0.6020958737391977,1.6307450726661084

21.0,79.42000000000021,0.06149055152835021,0.08375931798302132,0.27076142346119975,0.2730446179712827,0.1294789093497915,0.527478602982818,1.362149399622626,2.1087960898926337

21.0,79.43000000000022,0.0558068891323187,0.07992068846176326,0.2074176409663633,0.3115394573579335,0.14847923834538174,0.4437171772870623,1.4320935920484859,2.098202150144605

21.0,79.44000000000023,0.020364340288974478,0.18914865945381687,0.37240588148935116,0.29087190656768036,0.10066531198257599,0.3263391329631272,5.0,2.889494906935544

21.0,79.45000000000023,0.04300467374815598,0.10921839301442371,0.39760805004030125,0.24943568931649207,0.14790992793729862,0.5690106759836866,2.539686579185786,1.6864026142558297

21.0,79.46000000000024,0.050660836871203554,0.03661529996982628,0.08395136489839003,0.2170303875426478,0.16426061681658574,0.39261320648657283,0.7227535540054147,1.32125637670568

21.0,79.47000000000024,0.09607366678656458,0.06894903983315799,0.2900965135995946,0.14724483941104363,0.15202430317872007,0.6159315206399382,0.7176684524237741,0.9685611855170695

21.0,79.48000000000025,0.07454854868705091,0.171879931362323,0.4053861504794473,0.3208753003158537,0.16423709670023465,0.40450361873275353,2.3056106947608157,1.9537321748090912

21.0,79.49000000000025,0.011228795339114975,0.22713302418923023,0.27543210376867805,0.39945878010659946,0.16286738046742225,0.09610511530334936,5.0,2.4526628887558943

21.01,79.0,0.07964251908184383,0.03644066751048165,0.32350636450023657,0.25374742277552925,0.06128516588767778,0.797522055693613,0.4575529238003946,4.1404378806210405

21.01,79.01,0.058247531587510434,0.02450302459443809,0.286616546762709,0.3637081403898284,0.18154350791977006,0.8424848393196435,0.42067060842840975,2.0034213525840903

21.01,79.02000000000001,0.04937233999082111,0.17435860701487108,0.28656602319526364,0.12240998043572378,0.1159692577168771,0.24343983549955533,3.531503807478762,1.0555381895175788

21.01,79.03000000000002,0.08791028866522584,0.11492456709483587,0.22616850219317172,0.1481085630654316,0.09454804184980181,0.3261395351653752,1.3072937048558066,1.5664900087943288

21.01,79.04000000000002,0.10036998567487826,0.06442829072494496,0.13254191958643097,0.2884641055423777,0.09393740860724979,0.34580675280403783,0.6419079391866449,3.0708118257909214

21.01,79.05000000000003,0.09725840357348564,0.15647471247836603,0.14294698525749966,0.2961603776528721,0.170657080523626,-0.04517951544140224,1.6088554466067575,1.7354121878249877

21.01,79.06000000000003,0.04402347430332047,0.02,0.32693525144553454,0.3199647523600256,0.1376712536387568,0.8847047109747217,0.45430307968812883,2.324121729632728

21.01,79.07000000000004,0.059803628724463126,0.1283815263430515,0.2588458255518916,0.2719403821789525,0.0645215608007288,0.3369191213810327,2.146717997997741,4.214721069711146

21.01,79.08000000000004,0.07889790294210641,0.11155284691372266,0.2439487755392813,0.1666417204230155,0.17234189075961343,0.37242004037778725,1.4138886156985553,0.9669252181917791

21.01,79.09000000000005,0.09810635381367022,0.13523080558151235,0.21631099576776897,0.2121484730456456,0.07627959346005778,0.2306416757608681,1.3784102679069106,2.7811956402024243

21.01,79.10000000000005,0.05434477286464068,0.05752416190829755,0.22908111545192952,0.11951212203533704,0.15507106792590958,0.5985826746244732,1.0585040431712822,0.7706925834506325

21.01,79.11000000000006,0.0630302307000848,0.10132748645613333,0.3651911794488191,0.14749865288320585,0.15982494628365168,0.5656015765720395,1.6076013869839267,0.9228762857153902

21.01,79.12000000000006,0.035289950779818405,0.06070301495761539,0.22787559181320294,0.2942710798542588,0.19199885408475112,0.5792964997243266,1.7201218319725742,1.5326710208962817

21.01,79.13000000000007,0.03247380127757907,0.14008195529506293,0.1281935286698492,0.3443941428154448,0.23662423932334137,-0.044314249088586825,4.313691325087056,1.4554474370619894

21.01,79.14000000000007,0.09261577467182507,0.06154614710547773,0.3375651775540239,0.2510102999364232,0.0791261837049716,0.6915840601989207,0.6645320114970401,3.17227860445169

21.01,79.15000000000008,0.10880720085712375,0.08085596643358978,0.24361233361353526,0.10482457353276478,0.14455630719684612,0.5016094549333361,0.7431122731063695,0.7251470066782192

21.01,79.16000000000008,0.06583969635258899,0.05716738420838935,0.26813958655328507,0.1999117497140953,0.13318323524778763,0.6485326821803777,0.8682814060291948,1.5010278823160914

21.01,79.17000000000009,0.09798598693675967,0.1228654496729447,0.426657830639959,0.1389500077937938,0.16850748429804652,0.5528289551968557,1.253908373927503,0.8245924997940602

21.01,79.18000000000009,0.07860908075142792,0.13097804466626495,0.2647439442649577,0.3067573277651408,0.15742343854667926,0.3380299889985101,1.6661948371310307,1.9486128012590687

21.01,79.1900000000001,0.0482864073618451,0.08707517720170169,0.29661836731188135,0.18323945065061495,0.12883268786316723,0.5461212289125431,1.8033061844683032,1.4223055774711646

21.01,79.2000000000001,0.07836186816525118,0.09780951979839927,0.15070765087017676,0.14779766024528843,0.12423489056945536,0.21285503495867994,1.248177486878168,1.1896630604241862

21.01,79.21000000000011,0.11354109699397777,0.03815634341465629,0.24753305476491375,0.22558573155849643,0.09027745724079567,0.7328823281897409,0.3360575544119884,2.4988046651216

21.01,79.22000000000011,0.0662052188267001,0.08393293407972648,0.3313526045208704,0.17838918802157377,0.19531307912032342,0.5957820520678495,1.2677691493272432,0.9133499340325355

21.01,79.23000000000012,0.11409930967441877,0.09373181531832808,0.11576262661588645,0.3267620737142559,0.16870020907997435,0.1051617937146051,0.8214932719894761,1.936939351187505

21.01,79.24000000000012,0.01,0.26,0.2922845093115821,0.20539588460712352,0.19144840988975464,0.05845630062298659,5.0,1.0728523920262136

21.01,79.25000000000013,0.09157707513125517,0.050901318969031134,0.28317910726449225,0.12435402185427193,0.129860193176222,0.695275059495915,0.5558303630083457,0.9575992358933422

21.01,79.26000000000013,0.06941141204714353,0.15376708955009508,0.278128745558756,0.07129605389696986,0.11235822656527605,0.287943633326595,2.2152998302948808,0.6345423562919552

21.01,79.27000000000014,0.05770977948602231,0.1348943509386298,0.37861588986583683,0.21954494483105674,0.09110424666853609,0.474618653170247,2.33746085856308,2.409821195150687

21.01,79.28000000000014,0.06931282329606334,0.10606545617960286,0.3092438514848651,0.1820648920299408,0.16278587918703036,0.48922186791077094,1.5302429043112233,1.1184317265560666

21.01,79.29000000000015,0.01,0.16500481936780265,0.4245071898356579,0.12107667754417464,0.09267033877358556,0.4401986157575839,5.0,1.3065310758099098

21.01,79.30000000000015,0.05972984336487279,0.14217348457555326,0.17824104844061028,0.36485502274548043,0.23691315344832475,0.11256531816545612,2.3802755260720834,1.540037002086752

21.01,79.31000000000016,0.07691337714535049,0.10986636782671429,0.29209245672184914,0.26720716032004216,0.0789178709453251,0.4533451630386693,1.428442902412738,3.3858891120691337

21.01,79.32000000000016,0.11041682134224351,0.09199517387929522,0.28784667863900953,0.21822474847438894,0.15780300596062213,0.5156132832906157,0.833162671028488,1.3828934817030987

21.01,79.33000000000017,0.05041189345178854,0.18574758188576468,0.17337455062450727,0.37848340451034673,0.22228273536068624,-0.03445354696276803,3.6845983913487537,1.7027116556125284

21.01,79.34000000000017,0.04158519191320227,0.1376187693524322,0.3768295002091504,0.2659775223378976,0.17371448796318728,0.4649850042533474,3.3093214841653644,1.5311188220590466

21.01,79.35000000000018,0.050667288692461745,0.08911878105019275,0.5,0.1940401042724452,0.15236368562458574,0.6974505517335648,1.7589017130013043,1.2735324913522648

21.01,79.36000000000018,0.09306206353106,0.040630112216045976,0.28129939255163355,0.1462545885206408,0.09497581765190188,0.747583793024837,0.4365915672912871,1.539913969497905

21.01,79.37000000000019,0.07534253328978825,0.08510077450417029,0.33440210882739385,0.2759587081117646,0.07413154057161138,0.5942779994357141,1.1295183567016165,3.7225546051202305

21.01,79.3800000000002,0.04946719388698649,0.06103845742409063,0.2932518475815503,0.2461456869527087,0.18154250544587577,0.6554325275376055,1.233917926295723,1.355857055142977

21.01,79.3900000000002,0.08063802299339827,0.0903190170153822,0.21434153300930048,0.2299823437579403,0.2181673620387437,0.40708426457958513,1.1200549511335491,1.0541555872673698

21.01,79.4000000000002,0.06803232648043875,0.14217752538736186,0.10452397221981688,0.1585451537991703,0.12073750047608772,-0.15262798774021916,2.0898524647581582,1.3131392735702405

21.01,79.41000000000021,0.09405934971598415,0.07420793379652461,0.21692265169048244,0.2600563296903965,0.08554692461917864,0.4902086038339185,0.7889479774387507,3.03992610539856

21.01,79.42000000000021,0.04381840718367684,0.09060706474753313,0.14920416190484628,0.16431507818061708,0.03,0.24434676370601463,2.0677854437052057,5.0

21.01,79.43000000000022,0.054930135602064306,0.1227991822100314,0.45971020780593164,0.2517131210141231,0.09310175781686914,0.5783787030949488,2.2355521361913646,2.703634460252389

21.01,79.44000000000023,0.05287675540603256,0.12589723528820732,0.27868903060769645,0.3178860902470818,0.1362771578750439,0.3776494858108606,2.3809561324889543,2.3326439659483906

21.01,79.45000000000023,0.020614551556033672,0.02,0.2565080670953037,0.17004160349328284,0.22173616204183252,0.8553387591699192,0.9701884539480732,0.7668645558342283

21.01,79.46000000000024,0.07328360831193445,0.06733198820938388,0.38091538247880186,0.10589075200489263,0.17525668461164415,0.6995766505401283,0.9187864744719458,0.6042037836052777

21.01,79.47000000000024,0.07211165816539379,0.09987134769117456,0.18072488971443293,0.14202169656908503,0.1566742702353333,0.28814905980926625,1.3849542514140545,0.9064774724344523

21.01,79.48000000000025,0.06431340369927087,0.13924315825707,0.21711359619956694,0.2850009178681262,0.12123401693493902,0.2185182038695459,2.165072131645575,2.3508329166886424

21.01,79.49000000000025,0.05700238599874257,0.07138390209974727,0.3015072269248848,0.23293117961660711,0.11190171413719766,0.6171327415735411,1.252296736773304,2.0815693593653424

21.020000000000003,79.0,0.027378877738487552,0.02469789175832501,0.35407689914234824,0.2205785834917872,0.22004237987539815,0.8695906253788622,0.9020783066428757,1.0024368192911246

21.020000000000003,79.01,0.05710064031703915,0.16167899519023893,0.3022685045168795,0.2323961203538279,0.15961692703791935,0.3030289189727054,2.8314742883688044,1.4559616233748354

21.020000000000003,79.02000000000001,0.05931856450419677,0.0739855044469746,0.27783251425158934,0.26297519352872295,0.04426996540394866,0.5794103738652706,1.24725716039562,5.0

21.020000000000003,79.03000000000002,0.045411681923351224,0.05163333363638524,0.2617117735236032,0.16926266043068383,0.11554301760513755,0.6704379134055279,1.1370055310841551,1.4649319689973588

21.020000000000003,79.04000000000002,0.06452142865001946,0.07406618441147064,0.2948235855526795,0.24979658980498104,0.10612919841141824,0.5984373085293719,1.1479315608219278,2.3537027821623084

21.020000000000003,79.05000000000003,0.08136152570443582,0.09147898569376552,0.27586529051292796,0.17691218018309218,0.12154679954112625,0.5019441344588135,1.1243518946983428,1.4555066912945083

21.020000000000003,79.06000000000003,0.12570557703631552,0.0744902134184709,0.15360277252230936,0.16496384303074524,0.17682553301425366,0.3468434539661561,0.5925768380005405,0.9329186804948347

21.020000000000003,79.07000000000004,0.07423733438495472,0.02,0.2621079221633185,0.18287587956224804,0.14312775591028684,0.858210291369754,0.26940622449278934,1.2777107994979284

21.020000000000003,79.08000000000004,0.07660651172168241,0.13420264787548453,0.15103113410822863,0.20092147874612137,0.14447672964981612,0.05899892400474891,1.7518438665875966,1.3906840159937734

21.020000000000003,79.09000000000005,0.06652662252701441,0.19387550214649246,0.2674082542900867,0.2681782937815672,0.213813658066261,0.15940893452588586,2.914254391560915,1.2542617533489484

21.020000000000003,79.10000000000005,0.011076863541028121,0.12402087965357927,0.21213520585118065,0.24308190565777643,0.11313694551066461,0.2621232515814186,5.0,2.1485634453513374

21.020000000000003,79.11000000000006,0.06772458373652279,0.05227257318300629,0.5,0.04,0.24098997629436644,0.8107000935343579,0.7718404487975093,0.16598200721237577

21.020000000000003,79.12000000000006,0.07020690629823004,0.08954033864209815,0.25801056162483454,0.16946446095772455,0.11403462043144455,0.4847353950309757,1.275377925559123,1.4860790536063166

21.020000000000003,79.13000000000007,0.14217726337455777,0.09715914739082045,0.12247604337384728,0.19829010158507518,0.15187990983062732,0.11526793991144299,0.6833662782390435,1.3055716300835718

21.020000000000003,79.14000000000007,0.06238917105656544,0.12119177558247508,0.2503819789323142,0.33075434270258086,0.13317982022986033,0.3476838763377426,1.9425129928132028,2.483516961378737

21.020000000000003,79.15000000000008,0.07708642027000744,0.12379361954872183,0.3166358745637959,0.14949981741324836,0.15323095667504663,0.43785045631395225,1.605906967200245,0.9756502247305299

21.020000000000003,79.16000000000008,0.0668786469088417,0.06751304804885866,0.43293639461525996,0.23619576326699135,0.16910959975365494,0.7301903356072665,1.0094858533835636,1.3967022775252962

21.020000000000003,79.17000000000009,0.032739658871412974,0.09997982225654081,0.20755476000613615,0.329152121681506,0.16839176200444222,0.34979785662846763,3.0537832524107653,1.9546806658947768

21.020000000000003,79.18000000000009,0.10196468443544948,0.11481121618460796,0.10915720259764446,0.13229220290368807,0.1088641334689693,-0.025244691261297896,1.1259900102441076,1.2152046644442016

21.020000000000003,79.1900000000001,0.09011799098060204,0.1545728928858689,0.34998370114310706,0.2514782658105052,0.09019426612761967,0.3872921502385256,1.7152279032454023,2.7881846189186743

21.020000000000003,79.2000000000001,0.09117095841129015,0.12434026159298704,0.13114012941004427,0.16744097162458044,0.27131858954528365,0.026616006761610703,1.363814350790108,0.6171378520118703

21.020000000000003,79.21000000000011,0.04003837635615652,0.16580494774352444,0.22648445584926136,0.22557076564770037,0.12178078301997036,0.15468046685568124,4.141150626451772,1.8522689694439147

21.020000000000003,79.22000000000011,0.10928382932808162,0.09915306511717238,0.24523795144891092,0.16678224162326455,0.18076062193359727,0.424183208220499,0.9072985970209237,0.922669106506313

21.020000000000003,79.23000000000012,0.02502446811623014,0.15203836580813798,0.26493665467,0.17146998841088437,0.065237934473838,0.2707555208111219,5.0,2.6283785581349175

21.020000000000003,79.24000000000012,0.08456571281400661,0.11183051183837764,0.3417164457074448,0.4,0.1314593640047639,0.5068624758554471,1.3224096147820112,3.042765364977941

21.020000000000003,79.25000000000013,0.1325536687742978,0.060816483593054846,0.20533657177137293,0.2812119110450127,0.1389000308008755,0.54299616409113,0.4588064903033942,2.0245633440189548

21.020000000000003,79.26000000000013,0.03700391024607773,0.1512147988050052,0.2472270747833361,0.2989216503250306,0.1687207534963892,0.24096934162454792,4.086454577118317,1.7716946134564195

21.020000000000003,79.27000000000014,0.04961106811191516,0.12281613090155859,0.27407296470507375,0.2559395440785505,0.03,0.3811060455924427,2.4755792472950957,5.0

21.020000000000003,79.28000000000014,0.0694695409526275,0.0769982391548581,0.29135979575189186,0.10876202481185857,0.1530270306539139,0.5819380500091594,1.1083740872352552,0.7107373401680984

21.020000000000003,79.29000000000015,0.051255730376512224,0.07536028130402755,0.2870827174708058,0.248547057922627,0.08705292723160263,0.5841537478280683,1.4702801150899831,2.855125790036443

21.020000000000003,79.30000000000015,0.01972009706801416,0.10622302180562768,0.321800577522272,0.29570507301550963,0.16057728555974338,0.5036581067137121,5.0,1.841512464235424

21.020000000000003,79.31000000000016,0.06817688924417889,0.11270739181070051,0.3634839509641882,0.16056203681725736,0.09236354015808895,0.526629815736434,1.6531612529535824,1.7383703176448542

21.020000000000003,79.32000000000016,0.034130888588214864,0.10189169062524528,0.31926341156511173,0.2875728667012739,0.10122586520371796,0.5161322271954901,2.985321933923968,2.84090302254706

21.020000000000003,79.33000000000017,0.0800877729190534,0.10627234693771233,0.3262585523509372,0.2690035346897804,0.1301386194803335,0.50860228881719,1.3269484583174693,2.0670538504039278

21.020000000000003,79.34000000000017,0.038177272972983796,0.16163829498305204,0.12357768332536806,0.34904280313695163,0.09102352651983706,-0.13344487875494274,4.233887912162999,3.834643812415016

21.020000000000003,79.35000000000018,0.11213803215052401,0.13632172608939216,0.2877227699165843,0.18985518912404126,0.119683277663229,0.3570404644265309,1.2156600517551452,1.5863134154767575

21.020000000000003,79.36000000000018,0.04202240122991066,0.10090542365059763,0.33155075480017765,0.14196723124069352,0.08361121157283087,0.5333380411455947,2.401229355229047,1.6979449095440535

21.020000000000003,79.37000000000019,0.055738154513827444,0.1307524232306959,0.3573941194570623,0.19318603234391607,0.051441477415060166,0.4642902824468188,2.345833372787319,3.755452636199229

21.020000000000003,79.3800000000002,0.08968551652108774,0.05161904385889489,0.21616492257663827,0.3186899695214478,0.19381785262146445,0.6144724826006686,0.5755560741984701,1.6442756177855142

21.020000000000003,79.3900000000002,0.028234070506978924,0.10865708199786872,0.22039607251115365,0.08991158834105652,0.07793756535879995,0.33957732648408145,3.848438417201194,1.1536360907832872

21.020000000000003,79.4000000000002,0.0718637980381214,0.16493225398932068,0.22978993247165877,0.07281369991982153,0.13362595561959711,0.16431221930393927,2.295067311531778,0.5449068598066006

21.020000000000003,79.41000000000021,0.1041342826284703,0.08365816418430125,0.34174138998915343,0.22355766952520656,0.18002455407468543,0.6066842882466952,0.8033681319190488,1.2418176539866839

21.020000000000003,79.42000000000021,0.016575502963160578,0.05829464285523271,0.39238810549244035,0.18601874950580255,0.11145279487419393,0.7413051948137701,3.516915452466347,1.66903620092142

21.020000000000003,79.43000000000022,0.07021901575596647,0.06593644445627359,0.2491539892708598,0.21724095252229128,0.1007617050127191,0.581476062567815,0.9390112301135449,2.155987260033664

21.020000000000003,79.44000000000023,0.07235648382744998,0.048254678506300386,0.3815962313627253,0.2825718239865037,0.153151904433367,0.7754817894428674,0.6669019262279816,1.845042834089864

21.020000000000003,79.45000000000023,0.08789468615331654,0.078350380777354,0.30404798091648033,0.212904174926008,0.1975566911363534,0.5902159179772024,0.8914120308882449,1.0776864787196356

21.020000000000003,79.46000000000024,0.0272114786736547,0.07665967605639458,0.2801714222837777,0.08468959183484945,0.08301423674567228,0.5703307450415641,2.8171815539335583,1.0201815381654564

21.020000000000003,79.47000000000024,0.024586301607468802,0.03507731923284996,0.2723615770182249,0.3586137090039888,0.13379260839912369,0.771809489956053,1.4267017321354274,2.680370111823761

21.020000000000003,79.48000000000025,0.07973824696850396,0.09174473335797967,0.36906113646023797,0.14539401987927825,0.05449527025162916,0.6018074447521156,1.1505737426000953,2.6680117181019107

21.020000000000003,79.49000000000025,0.07286954019699254,0.12703108695146134,0.32785778167872975,0.14076740145914557,0.12127994981588594,0.4414851813979758,1.7432673025481424,1.1606815599509666

21.030000000000005,79.0,0.07727478551037625,0.08232867863236007,0.47938254276476405,0.367992481152698,0.15135023422690372,0.7068647535189695,1.0654015793387746,2.4313968378659085

21.030000000000005,79.01,0.08003344628490917,0.2083007640293718,0.16747753570026833,0.2426229138325122,0.10672876791224656,-0.10863647088618682,2.6026714259883263,2.2732663212665636

21.030000000000005,79.02000000000001,0.04911925835264512,0.11971168354110356,0.3054101702029988,0.22436271035756283,0.12643040830873817,0.4368123750466925,2.437163900927274,1.7745945234331468

21.030000000000005,79.03000000000002,0.07636761091482988,0.18242019045245053,0.20157989901885037,0.314754370421066,0.07868866158462716,0.04989506275321396,2.388711497299899,3.9999964884719517

21.030000000000005,79.04000000000002,0.07807217419896016,0.0726066178459141,0.16847130130113774,0.304050817217699,0.15277393056907426,0.3976502027005776,0.9299935412056425,1.9902009190056626

21.030000000000005,79.05000000000003,0.047729457459208625,0.13292100908266413,0.25521328629650536,0.2045577514772751,0.20152471244415698,0.3150772262030229,2.784884134033473,1.0150504565659833

21.030000000000005,79.06000000000003,0.12501323533434228,0.05488264398418688,0.2709352479407066,0.3339966404139999,0.0937028065114762,0.663108470237149,0.4390146674750417,3.5644251489591334

21.030000000000005,79.07000000000004,0.08313498762735316,0.17418687004349756,0.5,0.09335281270627493,0.11724641167238015,0.48326828122172516,2.0952293950503154,0.7962104024770348

21.030000000000005,79.08000000000004,0.03306089508392002,0.10507357359174047,0.24058541843168377,0.2801851065867141,0.1733273123227083,0.3920391134842984,3.1781829562451045,1.6165086890830134

21.030000000000005,79.09000000000005,0.0883766082590143,0.12015004879939047,0.14688212705153608,0.1679330709387625,0.2086245359661359,0.10010807932396232,1.3595231931882044,0.8049535980059708

21.030000000000005,79.10000000000005,0.039319549893179706,0.06606108050750645,0.28810107174944344,0.38695079059506937,0.07318050938955245,0.6269444370728502,1.6801077458659948,5.0

21.030000000000005,79.11000000000006,0.09205253811227285,0.06185720630893475,0.05423599624536851,0.2360431135181364,0.13922076312920145,-0.06564734100979461,0.6719771937878806,1.6954591258024831

21.030000000000005,79.12000000000006,0.10307786737022134,0.12136912873013424,0.2534043217395792,0.17869662675933995,0.16163654111597509,0.35230668770354767,1.177450908801515,1.1055459700821584

21.030000000000005,79.13000000000007,0.04357953044944786,0.05936607983103072,0.26510252822952235,0.2718988765115122,0.14219718046855634,0.6340719663601153,1.3622468870716844,1.9121256513269884

21.030000000000005,79.14000000000007,0.09698128387732877,0.11564825168396359,0.3438600382945279,0.2877231843045054,0.03,0.49664345897128864,1.1924801048313465,5.0

21.030000000000005,79.15000000000008,0.08034342780809399,0.042254487741588735,0.3626622249427919,0.2698325886001023,0.17199450046543718,0.7912929426842927,0.5259233871614771,1.5688442811428236

21.030000000000005,79.16000000000008,0.09250180479983368,0.1306869685066652,0.2158430381092359,0.1525212632256832,0.2227268175545307,0.24573938173378734,1.4128045247136598,0.684790744248218

21.030000000000005,79.17000000000009,0.12462378947961734,0.04727906740925802,0.2520385985370148,0.19041880134645134,0.15241308755847355,0.6840876912895014,0.3793743359011984,1.249359909125001

21.030000000000005,79.18000000000009,0.060238356519912745,0.11849199750717923,0.19138791693894147,0.2237149014014967,0.09484469733528511,0.23523925240050636,1.9670522928577008,2.358749697674379

21.030000000000005,79.1900000000001,0.044867915069274115,0.12124523734583822,0.15609374451923963,0.22081182431449276,0.12056363768178403,0.12565311564383502,2.7022703615359394,1.8314960329428218

21.030000000000005,79.2000000000001,0.04067456711123304,0.0681691272628151,0.3007894779380729,0.2758821832806812,0.23453565338277774,0.6304781819238353,1.6759644155227527,1.1762910209340074

21.030000000000005,79.21000000000011,0.04276569145103553,0.11914106268338709,0.14334144514035002,0.08205691372453411,0.19135812704302596,0.09219807692478396,2.7859028665818966,0.42881331955764107

21.030000000000005,79.22000000000011,0.06480694871757549,0.1379269976933422,0.2301373099428241,0.2954434725824901,0.1776813309192144,0.2505277211382842,2.1282748256146378,1.6627716085182913

21.030000000000005,79.23000000000012,0.07723455924449787,0.0739463257522883,0.1729826040100871,0.20220130518943158,0.16332062917671664,0.4010719939255242,0.9574253595784408,1.2380634711297789

21.030000000000005,79.24000000000012,0.07518072397989907,0.05497781263694942,0.32836831862903726,0.16350495685311955,0.1122631443904491,0.7131688143503856,0.7312753808878084,1.456443765184485

21.030000000000005,79.25000000000013,0.09157549747107914,0.02,0.4544430099266606,0.1699259255561241,0.1351114409672092,0.9156906114018788,0.21839903173309416,1.2576723644861203

21.030000000000005,79.26000000000013,0.06703005675633558,0.1089460018919853,0.1450412017196791,0.20658236348373846,0.14106386321607176,0.14211424552187438,1.6253305905063975,1.4644598455443125

21.030000000000005,79.27000000000014,0.11012602231471783,0.03218788914551525,0.09079815171025578,0.04,0.17225871580321966,0.4765602836651869,0.2922823183815771,0.23220885973905234

21.030000000000005,79.28000000000014,0.05846029500285956,0.0984137679776497,0.26451131146500645,0.1719097300445871,0.22004594471334255,0.45766344860119973,1.6834292027519344,0.7812447086466976

21.030000000000005,79.29000000000015,0.14788507499768674,0.08388207135670732,0.27946977959578945,0.1593929622747549,0.20033690683965366,0.5382873588576373,0.5672112030324784,0.7956245542054212

21.030000000000005,79.30000000000015,0.08493002043294831,0.12140571101752501,0.3006659306757439,0.257694824652579,0.07327078221019515,0.42471514763842083,1.4294793555410255,3.5170202436438633

21.030000000000005,79.31000000000016,0.04032527330750958,0.08197818002040252,0.23506794847658005,0.1637131322242587,0.15525974844504953,0.4828627592257392,2.032923104871897,1.0544467175712084

21.030000000000005,79.32000000000016,0.033793225058164636,0.08070208854611335,0.2605360701174718,0.2047420339880607,0.18071816725839182,0.527004313418389,2.388114427326723,1.132935537034447

21.030000000000005,79.33000000000017,0.0802741724572935,0.12297482817152873,0.3182510410540757,0.32745936393628605,0.1746430165072287,0.44257652703142414,1.5319351698550217,1.8750212307242755

21.030000000000005,79.34000000000017,0.058976116440222354,0.10692232116336153,0.38644308926449983,0.28880460638707434,0.11205831183062584,0.5665593131104865,1.8129766325057932,2.5772707210320136

21.030000000000005,79.35000000000018,0.08698001482276058,0.10598623828730785,0.08779512296818812,0.28205899799603623,0.28904546078841475,-0.09387443246281955,1.218512532809118,0.9758291900834394

21.030000000000005,79.36000000000018,0.0796371287372041,0.11193070359233769,0.24730605609687065,0.18360892987123476,0.07930577188344068,0.3768415921131458,1.405509028598316,2.3152026047936705

21.030000000000005,79.37000000000019,0.06313513262029151,0.03155711507171231,0.30648087939412366,0.2563122595502699,0.08882057766669402,0.8132924959382559,0.4998344616066661,2.8857306042697464

21.030000000000005,79.3800000000002,0.03979618845794548,0.12307154719947572,0.19420238953894417,0.2016271539682425,0.15447975406307524,0.2241937773025892,3.092546086926808,1.3052011576571807

21.030000000000005,79.3900000000002,0.019634583259421634,0.11711875176054044,0.46001696317674823,0.20397347525260828,0.24846015274818906,0.5941379167533466,5.0,0.8209504538831929

21.030000000000005,79.4000000000002,0.05156455143798688,0.06730447731401729,0.22425901197714498,0.29529356887470265,0.1006302574647877,0.5383202642788965,1.3052470215790595,2.934441151406047

21.030000000000005,79.41000000000021,0.09053196382970162,0.08249678105302813,0.2845707312992909,0.17531044881052835,0.12896858171764655,0.5505089483300747,0.9112447965570167,1.3593267937024094

21.030000000000005,79.42000000000021,0.0711428123239035,0.11766002104335808,0.3452022096842487,0.3855722607732212,0.19594468365078072,0.4915980900710794,1.653856757057655,1.9677607648882434

21.030000000000005,79.43000000000022,0.02722783663863769,0.08652012862392668,0.23137152111983061,0.2052908902281377,0.1410068922556093,0.4556627787080848,3.1776350598264824,1.4558925936074723

21.030000000000005,79.44000000000023,0.06967542777553272,0.1050743986627373,0.10674269521957881,0.25948523963816966,0.12498980727348111,0.007876118614774299,1.5080553053860084,2.0760512004215173

21.030000000000005,79.45000000000023,0.0759195213918623,0.14879467127324314,0.24943454730836767,0.31779203354800384,0.16982164509433179,0.25271846292018907,1.9599000145067067,1.871328199561047

21.030000000000005,79.46000000000024,0.037724276913963156,0.13463066910690888,0.3961440555927255,0.2878157642202551,0.15498589951147537,0.49270128034927996,3.5688071386252695,1.8570448340253065

21.030000000000005,79.47000000000024,0.06873175317836291,0.03869123226273938,0.26041048732150807,0.11667566281165595,0.19270193928183518,0.7412837856393166,0.5629309659254621,0.6054721773218139

21.030000000000005,79.48000000000025,0.06574626155337701,0.11588279961223748,0.21035656985412451,0.24614271265068444,0.2055734444532637,0.28958421041415616,1.7625762544977377,1.1973468323478391

21.030000000000005,79.49000000000025,0.029590891065078263,0.1439773327814118,0.388467220950295,0.27425035761223765,0.15617015300026352,0.45918375239154136,4.865596374850883,1.756099691060461

21.040000000000006,79.0,0.08041362081044845,0.11499234082756803,0.2193225103976951,0.2916304115512523,0.1641066362689154,0.31207159704856097,1.4300107310878056,1.7770787215189798

21.040000000000006,79.01,0.08638353579104693,0.1429792170074385,0.2022839186349791,0.15096936161197552,0.16004554911430652,0.17176667731994608,1.655167452137802,0.9432899718430928

21.040000000000006,79.02000000000001,0.10193153729525814,0.17965081782803036,0.2691456089663323,0.18260753340878688,0.17361652783246412,0.1994106587648193,1.7624654981058663,1.051786575756314

21.040000000000006,79.03000000000002,0.10093406156104685,0.13992838184427892,0.3321750209618805,0.2979190765019129,0.15173853189357284,0.4072129917602282,1.3863345984647026,1.9633712847210871

21.040000000000006,79.04000000000002,0.027869918961286974,0.10877234382566872,0.49417135317325683,0.17467677405221405,0.1487695758838851,0.639195684774453,3.9028582604231588,1.1741431196331114

21.040000000000006,79.05000000000003,0.040945248802545964,0.1404235389633896,0.339623610765745,0.2067212760334971,0.20845135604136156,0.41495938862100856,3.4295441529153363,0.9917003173311513

21.040000000000006,79.06000000000003,0.08441105801625937,0.10423551332387503,0.37378399663883755,0.3377113066651368,0.22424580901775154,0.5638859453238629,1.234856139112857,1.5059871486285146

21.040000000000006,79.07000000000004,0.08425357852736579,0.09921612173139752,0.20810338010121807,0.2237540524730635,0.07288235276832822,0.35431288182191484,1.177589407450663,3.0700717480582074

21.040000000000006,79.08000000000004,0.0841714305891809,0.0840234305714499,0.15701318940305642,0.17592581035162963,0.14858105758702764,0.3028160567844206,0.9982416822843665,1.18403929202201

21.040000000000006,79.09000000000005,0.15,0.20856749465926847,0.2667331349619168,0.19808014202351415,0.11346527832773734,0.1223765269083879,1.3904499634681564,1.7457335386495836

21.040000000000006,79.10000000000005,0.08560671532079434,0.06498285336231896,0.2721169915259646,0.2494903530709615,0.13217142667569537,0.6144593100327439,0.7590859320194672,1.8876269944060222

21.040000000000006,79.11000000000006,0.10242696920541725,0.2064851216832606,0.15444872586354572,0.15909556728791227,0.167665810486765,-0.1441715598550219,2.015925327904238,0.9488849678484825

21.040000000000006,79.12000000000006,0.09686005290479528,0.15256093443449778,0.2456705470096046,0.2499437790326985,0.18083191857712225,0.23380776480574492,1.5750655683302683,1.382188392741529

21.040000000000006,79.13000000000007,0.0876617375391731,0.04120775300792107,0.30403176017191946,0.2486261374492994,0.14157367781943148,0.7612802041896095,0.47007684444423686,1.7561607574452551

21.040000000000006,79.14000000000007,0.058541922660788726,0.14521776323555216,0.3010393395018149,0.37912858492600127,0.05133298326385849,0.34917444512485435,2.480577275005712,5.0

21.040000000000006,79.15000000000008,0.09064907661479706,0.02,0.31632878533843456,0.2714283656258973,0.09856772097118954,0.8810687582156952,0.2206310392208916,2.7537246745297166

21.040000000000006,79.16000000000008,0.04457524356387182,0.15815841687521187,0.29589647301375205,0.20929853008949384,0.19146498351000674,0.3033511127738058,3.548122318025579,1.0931426005071094

21.040000000000006,79.17000000000009,0.06053544179779864,0.131869259319558,0.21699913407300264,0.30658935222945766,0.03,0.24401716045755795,2.178381047291131,5.0

21.040000000000006,79.18000000000009,0.05295909356512575,0.09436149030609096,0.21720993733512434,0.2434007368460084,0.20565135758409828,0.3942866260864867,1.781780687236897,1.1835600775361623

21.040000000000006,79.1900000000001,0.06985622418158846,0.13135448018968793,0.14960486020062153,0.16440094614784598,0.17216149953222526,0.06495737062553031,1.880354707695076,0.9549228282690524

21.040000000000006,79.2000000000001,0.13671975700020397,0.17408629735000955,0.44887750391851905,0.2111571048514137,0.2117288040764992,0.44110300785510725,1.2733075382983534,0.9972998509706363

21.040000000000006,79.21000000000011,0.011142044222246225,0.07551013182952053,0.2726450364619393,0.3235718440801958,0.13581154065594997,0.566227138155719,5.0,2.382506245633768

21.040000000000006,79.22000000000011,0.087627805711234,0.053203696517733885,0.24971469442052532,0.23416680350454125,0.042489728798852634,0.6487258737551254,0.6071554117461777,5.0

21.040000000000006,79.23000000000012,0.018538523864308994,0.15464653609850176,0.1802207918547651,0.22317653050308137,0.16689813207532272,0.0763713077203975,5.0,1.337202086052344

21.040000000000006,79.24000000000012,0.052642044026315477,0.17370348762122953,0.5,0.33660481512919593,0.20893265620191478,0.48433252658740583,3.2997101557155544,1.6110684709947425

21.040000000000006,79.25000000000013,0.0993485179090194,0.09516782687391152,0.16756719677772233,0.12150516070618614,0.19125609027566867,0.27556040633642614,0.9579189381090886,0.6353008705109652

21.040000000000006,79.26000000000013,0.06848840057286223,0.13529852141633178,0.232915207439405,0.1314080620163018,0.11170542582559576,0.265108762511155,1.9754954136334844,1.1763802960102359

21.040000000000006,79.27000000000014,0.03410765666211911,0.1928147476076025,0.31828368362861886,0.12958889643878096,0.14899805377312977,0.24548879105926621,5.0,0.8697354970094072

21.040000000000006,79.28000000000014,0.04486088872219919,0.06478063069846199,0.33762129657444107,0.24688537305359945,0.11783818656100115,0.6780302163491866,1.4440335980682935,2.0951219638489804

21.040000000000006,79.29000000000015,0.08658793246803845,0.09735409656086728,0.37429320552158213,0.27858542267766495,0.10333667679052864,0.587174161029305,1.1243379264699396,2.695900730123041

21.040000000000006,79.30000000000015,0.044169001048484015,0.1433549805261866,0.4601608507769405,0.3281915457095796,0.19188942855898972,0.5249338190751435,3.245601593847835,1.7103159251821782

21.040000000000006,79.31000000000016,0.07245375768745729,0.16134057114833744,0.33091576554608587,0.236943255399569,0.08406338443673896,0.3444855489357908,2.226807498675626,2.8186261676867845

21.040000000000006,79.32000000000016,0.0672071551971124,0.11627523440697118,0.17559692000334834,0.19130899883644376,0.09906917847091634,0.20324544386874613,1.730102009122934,1.9310647528938552

21.040000000000006,79.33000000000017,0.04617198957182342,0.058387425859914716,0.2564054874878374,0.2194256411014623,0.0883787183263776,0.629042310575358,1.2645637815245765,2.482788221060833

21.040000000000006,79.34000000000017,0.12991832267975764,0.17288244446797443,0.3137832372514045,0.22723951929226172,0.06888762383504446,0.2895227628475434,1.3307010186781056,3.298698754750643

21.040000000000006,79.35000000000018,0.08449757066953814,0.07198116408751813,0.4907226041505989,0.10167671086702279,0.15054071459212687,0.7441596513557871,0.8518725855899725,0.6754100448836275

21.040000000000006,79.36000000000018,0.01,0.07963448875313854,0.14501945215758724,0.4,0.20111515242409542,0.29104748000537856,5.0,1.9889103082477904

21.040000000000006,79.37000000000019,0.07083362944308051,0.10655351337958138,0.4059576505225402,0.254490971267128,0.13361616218773323,0.5841904687596607,1.5042786042013603,1.9046421249481718

21.040000000000006,79.3800000000002,0.045266406056945985,0.1548464168285874,0.3045914369546595,0.23250058156157527,0.06739260997178809,0.32593095858428234,3.4207799994483707,3.4499417861084556

21.040000000000006,79.3900000000002,0.09057300004388429,0.12665903906208528,0.3712830535229664,0.2605614788994945,0.1844972269870977,0.49127000519637887,1.3984193839320185,1.4122785638208442

21.040000000000006,79.4000000000002,0.04110437784701648,0.10891462001447268,0.2782005283364256,0.26685876864105607,0.2266050877017448,0.4373011725306461,2.6497085092703156,1.1776380275915468

21.040000000000006,79.41000000000021,0.06131790675599047,0.1106715412047204,0.20505673698738663,0.20706125601482336,0.1098278837926664,0.29894438437136905,1.8048812635538996,1.8853250074196284

21.040000000000006,79.42000000000021,0.07978961836941109,0.0937005867457347,0.3652872779401529,0.1724131204631444,0.11803228666411013,0.5917077814706718,1.1743455921105408,1.460728459897718

21.040000000000006,79.43000000000022,0.09049265582510096,0.11410558058073622,0.3565431027105823,0.25826154804251256,0.16756303150416568,0.5151135670516104,1.2609374696127742,1.541279992191858

21.040000000000006,79.44000000000023,0.028391107788323967,0.02,0.38920569657399284,0.2429997588371948,0.22269368738924844,0.9022496499312732,0.7044459159068298,1.0911838659500697

21.040000000000006,79.45000000000023,0.05424496292476874,0.07955570163720385,0.29156953646215755,0.1590076930637344,0.11542829271373448,0.5712730178459702,1.4666007164734907,1.3775452203934404

21.040000000000006,79.46000000000024,0.04991164066516845,0.10089287739666694,0.23381779766803662,0.3147324927957013,0.07461751095008544,0.3971337938533342,2.021429787719511,4.217944130895009

21.040000000000006,79.47000000000024,0.04444012302278571,0.045019436655215316,0.13882130049763786,0.2356346425426015,0.17263093031361593,0.5102343759283784,1.01303582194921,1.3649618986471979

21.040000000000006,79.48000000000025,0.11688362720842992,0.10633293271245792,0.37753732681396307,0.26588735535872665,0.18083340365711048,0.5604899013857401,0.9097333404264478,1.4703442496490187

21.040000000000006,79.49000000000025,0.0759494513288256,0.08252115116055056,0.3388889482444215,0.3119344621375867,0.14100657252175675,0.6083570312743445,1.0865272837142674,2.2121980297637305

21.050000000000008,79.0,0.031773481369948585,0.1696190279326195,0.15642173671360454,0.23053221748153827,0.12149333701712736,-0.04047742689257628,5.0,1.8974885615273738

21.050000000000008,79.01,0.09701585841164316,0.2107830257111723,0.2000426326703385,0.3010639685866653,0.19893893654960212,-0.026143432911499044,2.1726656749203084,1.513348636807783

21.050000000000008,79.02000000000001,0.1330246859103788,0.08040777723527322,0.20812411880485734,0.2851019066954277,0.17544180022739794,0.44264202078912074,0.6044575608244598,1.6250511916965584

21.050000000000008,79.03000000000002,0.10021395781653417,0.12067443899853138,0.10740155680176003,0.21283166896079486,0.11043822415482499,-0.058194998313517786,1.2041679772695761,1.9271558411669805

21.050000000000008,79.04000000000002,0.023538901021379295,0.09572209737566384,0.1748317603394889,0.2315836163992193,0.1511347365652831,0.29239894637863273,4.066549108731498,1.5322990697506271

21.050000000000008,79.05000000000003,0.0544729778140121,0.08043362095361455,0.14411696431936738,0.23628840106557944,0.08091462339876711,0.2836035508879829,1.4765783702991677,2.920218754638088

21.050000000000008,79.06000000000003,0.10688733447559826,0.10612099936112443,0.21715209881120956,0.1602759013821613,0.18261452282189536,0.3434591373159963,0.99283043947614,0.8776733570676175

21.050000000000008,79.07000000000004,0.047529916031436095,0.06780871724449566,0.1854302501670474,0.38913457520717026,0.13502832153085648,0.46446853767554686,1.4266534167024807,2.8818737469832088

21.050000000000008,79.08000000000004,0.08195458284438631,0.06855600258324757,0.09749950791332926,0.1537073507466365,0.1261744583807623,0.17430017965738231,0.8365121280620645,1.2182128823645564

21.050000000000008,79.09000000000005,0.09175902160287949,0.12268844895600983,0.46335902305695276,0.1354327267418974,0.14613627574237736,0.5813020110344875,1.3370723301004825,0.9267563851700668

21.050000000000008,79.10000000000005,0.040592085852656834,0.12278118336887142,0.38725407310292814,0.31799586029924887,0.14961538496651136,0.5185384467570152,3.024756685627661,2.1254221961055952

21.050000000000008,79.11000000000006,0.06649423931814527,0.0652473696135992,0.18499805784800696,0.2756286375557561,0.19216650307827693,0.478532972215555,0.981248453768977,1.4343219707757786

21.050000000000008,79.12000000000006,0.01,0.13305421723050279,0.29104213966536696,0.15358246277634355,0.17679452656625985,0.3725283649074184,5.0,0.8687059813014778

21.050000000000008,79.13000000000007,0.03730837075997045,0.07179689083338546,0.30644650898213593,0.26761023105711634,0.13923953606035858,0.6203667220661567,1.924417742679272,1.9219414143186784

21.050000000000008,79.14000000000007,0.06034295545820427,0.10700660952151787,0.38470858547735465,0.32754953114980945,0.18506340748594838,0.5647618351513367,1.773307398214922,1.769931373373673

21.050000000000008,79.15000000000008,0.030366504541053538,0.12951376050449678,0.1846394973339995,0.22238158596820853,0.16673686268457918,0.17547402561171282,4.265020358299736,1.3337277807338936

21.050000000000008,79.16000000000008,0.116652339117948,0.09517549741184991,0.37661067839825046,0.4,0.12519001818569656,0.5965312155310554,0.815890174598456,3.1951429153653343

21.050000000000008,79.17000000000009,0.024655758661179923,0.11452963648564372,0.21350946957931477,0.10321567323923475,0.14010409208817404,0.30173180951144835,4.645147512798053,0.7367070556412129

21.050000000000008,79.18000000000009,0.05423866539908932,0.07550281424449538,0.13561375958314742,0.27216764177013425,0.1387488555578422,0.284728689085558,1.3920477863852143,1.9615847675263411

21.050000000000008,79.1900000000001,0.07124221731858152,0.08812133666287428,0.34251365593145894,0.3049569835354672,0.17124306715870824,0.5907376864033748,1.2369257984366209,1.7808428009219694

21.050000000000008,79.2000000000001,0.11043819867198218,0.08756562276478445,0.40007584241225247,0.28539407311236403,0.12744886926391596,0.6408606361436592,0.792892529382683,2.2392828946756147

21.050000000000008,79.21000000000011,0.02400413546461547,0.06575686613838841,0.5,0.20839509913480123,0.1260995406789163,0.7675437273060652,2.7393973826460427,1.6526237752139747

21.050000000000008,79.22000000000011,0.10185491256464738,0.0883690334753666,0.15282747349098924,0.202069096259216,0.24387786547169582,0.2672445003438188,0.8675971650608312,0.8285667737231005

21.050000000000008,79.23000000000012,0.06714699183058614,0.03331526804544793,0.34359196850808993,0.25319016197610433,0.192246774087353,0.823217678751697,0.49615428908398335,1.3170060358430737

21.050000000000008,79.24000000000012,0.03727474046855994,0.07543385011431351,0.23361987562065822,0.27890281406564105,0.10704996677874075,0.511839891523627,2.023725691009626,2.6053517081566597

21.050000000000008,79.25000000000013,0.08046310422789653,0.08350498026521078,0.3538358710524151,0.26367314053976143,0.1734470496971075,0.6181240328017281,1.0378046057596566,1.520193862323962

21.050000000000008,79.26000000000013,0.07245179086720244,0.08447280990018231,0.12935104487688737,0.2940040523555331,0.15063750328275638,0.20988413571772044,1.1659174848889735,1.9517321102202232

21.050000000000008,79.27000000000014,0.04835349368523445,0.08488010216516628,0.15102302243015647,0.14957910300532423,0.1641175587630021,0.2803817047799435,1.7554078417201333,0.9114143790682756

21.050000000000008,79.28000000000014,0.06833406254969879,0.09188943200559217,0.20061251768336497,0.20465603146134112,0.15122706622825255,0.3717003792836851,1.3447090432284905,1.3533029267202472

21.050000000000008,79.29000000000015,0.054560592094145356,0.1133576607234398,0.2869964045668223,0.1544988847513326,0.20366213227425903,0.4337129527437689,2.077647183888222,0.7586038845327331

21.050000000000008,79.30000000000015,0.06940552035753554,0.12898068296529805,0.21589187334617876,0.1929721056739653,0.16128101723256943,0.25200958662882006,1.8583634574747185,1.1964960840744654

21.050000000000008,79.31000000000016,0.08574392023562943,0.06782939092606637,0.34680543439135675,0.2907654624269964,0.14071556508928268,0.6728234734852248,0.791069391982081,2.066334751495863

21.050000000000008,79.32000000000016,0.11334050448435853,0.04551196578443119,0.3844894618258066,0.22695887445076096,0.19574952884914784,0.7883171408207509,0.40155076026291164,1.1594350988692326

21.050000000000008,79.33000000000017,0.028505535035192445,0.06731169056335458,0.34265775412455124,0.48,0.15512425205439045,0.6716258176353719,2.361355092760659,3.09429372476375

21.050000000000008,79.34000000000017,0.12951100123968584,0.0737918831521997,0.4454787639661029,0.23233844570327483,0.14935392896644967,0.7157864262210938,0.569773087914407,1.555623257824735

21.050000000000008,79.35000000000018,0.01,0.07902314728733632,0.3260826629455509,0.22267843164057602,0.15880113012430241,0.6098641622918184,5.0,1.4022471460124282

21.050000000000008,79.36000000000018,0.06072644714893023,0.062120157352098304,0.1637103289660003,0.22563280436080946,0.13823954883167827,0.44985144931149695,1.0229506280427532,1.6321870702307

21.050000000000008,79.37000000000019,0.08280951619453496,0.04089533343000073,0.4226376513538515,0.17325339149979863,0.14320134964976994,0.8235494136830503,0.49384823459836624,1.2098586486966891

21.050000000000008,79.3800000000002,0.07346975603204858,0.07431516690102888,0.22668437643941822,0.21355143713356245,0.11322527056190276,0.5062107662915298,1.0115069222151878,1.8860757486836968

21.050000000000008,79.3900000000002,0.04623901440537974,0.12952818424592175,0.3791418499685754,0.35549419427737083,0.10482163901880237,0.49071824342678727,2.8012747596697074,3.3914199135396284

21.050000000000008,79.4000000000002,0.05855633248927923,0.11600117863341881,0.4463734216555295,0.22497794676893776,0.09227148067587423,0.5874593959144302,1.9810185082297462,2.438217582260386

21.050000000000008,79.41000000000021,0.04988997196023243,0.06972307787566329,0.3355688010730593,0.16115781890815054,0.07242083566014232,0.6559364668775836,1.3975369196736818,2.22529631447371

21.050000000000008,79.42000000000021,0.046879057291671015,0.07532008711425868,0.14118411868355482,0.15164407656648893,0.09785413193076821,0.30421594488738435,1.6066894537781549,1.5496951781127402

21.050000000000008,79.43000000000022,0.08992806291062803,0.054592067646103526,0.19987878334904113,0.1845858675833842,0.13294664827664968,0.5709365731975959,0.6070637553891451,1.3884206171218096

21.050000000000008,79.44000000000023,0.07503046457894866,0.09022243318500481,0.4248744466885343,0.22097044040875471,0.1466358791222777,0.6496875180465483,1.2024773346541537,1.5069329660703101

21.050000000000008,79.45000000000023,0.043412712142177554,0.07457171102207213,0.27658773143573956,0.35886126897999754,0.12773517184261374,0.5752828941241109,1.7177390485550474,2.8094162596126573

21.050000000000008,79.46000000000024,0.09106799626299462,0.11404511252964368,0.3023573534942382,0.1213657951043422,0.03,0.4522361327912277,1.2523072548457406,4.045526489992985

21.050000000000008,79.47000000000024,0.07317898562629534,0.02,0.37118244161638303,0.1925121605477797,0.21966931788811267,0.8977459215078957,0.2733025034646445,0.8763725508457099

21.050000000000008,79.48000000000025,0.08822586356516579,0.076374813101897,0.3658322862080549,0.22470170136044798,0.19508400614451457,0.654574459551618,0.8656737370319683,1.1518202116415999

21.050000000000008,79.49000000000025,0.0826088652577053,0.10262429356766509,0.3249799812385691,0.0859405962659319,0.16286799256085183,0.5200034254093052,1.2422915279527302,0.5276702614300054

21.06000000000001,79.0,0.044650149672337755,0.10663338065290007,0.23273316287795398,0.17044812019235137,0.2446545336276633,0.37157399452498463,2.3881976028434955,0.6966889907794857

21.06000000000001,79.01,0.052594568794090774,0.2,0.2232331554267653,0.18090780221846658,0.10023179412581426,0.05489445976378858,3.8026740061837616,1.8048943812269358

21.06000000000001,79.02000000000001,0.09169880815369766,0.112912000982716,0.3411898825291358,0.1724820738304646,0.24330125603129993,0.5027019040985583,1.2313355335036533,0.7089238936661426

21.06000000000001,79.03000000000002,0.0874711079630037,0.05857781612631921,0.3116569531067813,0.24133226815151468,0.10047929616247221,0.6835639381907069,0.6696818803773101,2.4018108916796757

21.06000000000001,79.04000000000002,0.06841295218107524,0.0947414301164366,0.23146999993822343,0.21636082733487338,0.16049689626456737,0.41914095332883483,1.3848463917649771,1.3480686059088118

21.06000000000001,79.05000000000003,0.07243982149926308,0.02733014666134136,0.366311231299317,0.18842997281792648,0.08468813374328919,0.8611419010573125,0.3772807008351245,2.2249867161626913

21.06000000000001,79.06000000000003,0.10712994687365231,0.0949760100281289,0.24609658848702493,0.25695738385868333,0.14893470477721765,0.44307452159008404,0.8865495849772748,1.7253022663221442

21.06000000000001,79.07000000000004,0.0509328583349246,0.08410708503595957,0.17473378256656447,0.4167782762822835,0.16732832489991867,0.3501251496141588,1.6513325114752924,2.490781380154771

21.06000000000001,79.08000000000004,0.08497292143510057,0.13445561102240564,0.18490293010966977,0.34114795617192123,0.14010548344327142,0.15796452129521862,1.5823348025860777,2.434936503156624

21.06000000000001,79.09000000000005,0.062374220426982555,0.07567838901617767,0.1638259163690281,0.09150597595563488,0.1833538722045059,0.3680415146369689,1.213295947857815,0.49906759429474085

21.06000000000001,79.10000000000005,0.0617895639031827,0.09280936336818911,0.23535899833963644,0.26619505286845807,0.15243072247436185,0.4343795793907885,1.5020232763482295,1.7463346520488834

21.06000000000001,79.11000000000006,0.10116330555961495,0.07187768634382274,0.3868724278336249,0.21303836969552942,0.12117926358112341,0.6866368676243999,0.7105114436025868,1.758043110875209

21.06000000000001,79.12000000000006,0.09284249046964008,0.16667405407413205,0.18389048189695517,0.2360608740005729,0.11877933410988181,0.0491105803678099,1.7952346285789456,1.9873901093220128

21.06000000000001,79.13000000000007,0.09236528908001829,0.08409028935528223,0.28414757610181685,0.19702018765201942,0.18748568863078352,0.5432827676313849,0.9104100696463124,1.0508545424761822

21.06000000000001,79.14000000000007,0.10700436421462893,0.17006228173916668,0.2005310654372657,0.2328312040921018,0.11407289850965022,0.0822162187260523,1.5893022946160047,2.041073795177543

21.06000000000001,79.15000000000008,0.06835011524898178,0.12914607048472918,0.2410690958728637,0.2348985177250388,0.19235014852424534,0.30231885543499204,1.8894784569906813,1.2212026837780687

21.06000000000001,79.16000000000008,0.08805858913884787,0.11568266909341386,0.11699587880148268,0.18347337698557276,0.20753558964159496,0.005643879590041213,1.3137011402674093,0.8840574149909306

21.06000000000001,79.17000000000009,0.0581719973021952,0.11096932589269912,0.24684617708435463,0.16095427165223453,0.06278430688269182,0.37973997779071944,1.9076072826839452,2.5636067257476602

21.06000000000001,79.18000000000009,0.0770849905746521,0.1117918919286483,0.25042946201951266,0.19199130221663313,0.20268631936504997,0.3827426752770382,1.4502420114504717,0.9472336501218029

21.06000000000001,79.1900000000001,0.06333570836896822,0.02,0.3247287944035789,0.23949814851197046,0.2488811349222331,0.883966756656921,0.31577763134676456,0.962299326104309

21.06000000000001,79.2000000000001,0.07002987894978024,0.10988206350415813,0.2939280913255468,0.3176756927014743,0.15828018806009445,0.45577364901441697,1.5690740151935612,2.0070464686341998

21.06000000000001,79.21000000000011,0.08485471076310605,0.12930631884737082,0.15266078750480572,0.28223442841380686,0.1754542092647391,0.08282692598895741,1.5238555117579438,1.6085930878243568

21.06000000000001,79.22000000000011,0.0423333795029944,0.09336411266103364,0.38181982440436496,0.18760669838531255,0.1971702662184558,0.6070401147480868,2.205449069661087,0.9514958917908198

21.06000000000001,79.23000000000012,0.12953161827056234,0.03893240612785477,0.29533030402221067,0.24176911971118786,0.13136588424104664,0.767055043927999,0.3005629561152973,1.840425472137933

21.06000000000001,79.24000000000012,0.03645947855500739,0.09286382197689891,0.29503935171776025,0.288975181436727,0.15407401117689115,0.5212010197366552,2.547041960078737,1.8755608362620013

21.06000000000001,79.25000000000013,0.030094341616366427,0.16294422065021724,0.2751817646614982,0.30289164266008495,0.07907002351884211,0.25617641442976535,5.0,3.8306760109264335

21.06000000000001,79.26000000000013,0.10114332620500037,0.14447566862138628,0.22522425527779058,0.21688170021078926,0.15153175142652003,0.21841656277047028,1.428425126001058,1.4312624121739403

21.06000000000001,79.27000000000014,0.09002988081888635,0.09193983962535614,0.29968023397488563,0.2052347792542228,0.16932559978222445,0.5304641112665244,1.0212147199016135,1.2120717682203708

21.06000000000001,79.28000000000014,0.08488359451156285,0.13229797108232078,0.3263588435928717,0.23377869636854298,0.17004815114632077,0.4231069205974156,1.5585811567916228,1.3747794060395648

21.06000000000001,79.29000000000015,0.08489036527792654,0.07939971918527515,0.10501043086545842,0.13962047689717694,0.19733123617987625,0.13887907828961435,0.9353207378928413,0.7075437195313177

21.06000000000001,79.30000000000015,0.06555259681459064,0.025725136526928368,0.2267239162654048,0.20624733422750963,0.10513989109322067,0.7961954201674121,0.3924350481560021,1.9616468296365166

21.06000000000001,79.31000000000016,0.03888236885542308,0.056721360474814866,0.2560053029596559,0.27162104789311414,0.1170696621663222,0.6372464062786085,1.4587938440644757,2.3201659818168987

21.06000000000001,79.32000000000016,0.06795413674580975,0.15603555074032485,0.3080170605694431,0.26413629906105396,0.2382953672995647,0.32750922221384826,2.296189135539678,1.1084407638448135

21.06000000000001,79.33000000000017,0.045245148654634554,0.08238027672682469,0.40263110059272833,0.1999812676945225,0.13582358131181135,0.6602954874373487,1.8207538044260778,1.4723604370892545

21.06000000000001,79.34000000000017,0.09469359200253039,0.10845203307249485,0.20702591854033797,0.2806083288913155,0.15316168936561317,0.31245887369514513,1.1452943189130198,1.8321052077080657

21.06000000000001,79.35000000000018,0.06090827855493362,0.08098647214900145,0.23530381531823247,0.16057447617964632,0.1396294979137356,0.48789782435677137,1.3296463787429902,1.1500039638031951

21.06000000000001,79.36000000000018,0.04043508409622237,0.16896546358291686,0.23474658893536213,0.26724445037574607,0.10171595868474545,0.16294070223026794,4.1786845988242645,2.6273600875286176

21.06000000000001,79.37000000000019,0.05543842475040785,0.15765835661447902,0.20674724098956343,0.212252499470441,0.2237964605445868,0.13470946847241544,2.843846249959231,0.9484175882813497

21.06000000000001,79.3800000000002,0.07734794362826633,0.18119120933792174,0.2530813504887918,0.19808339838126432,0.1160549294039661,0.16554152342252992,2.342547204286008,1.7068072784835475

21.06000000000001,79.3900000000002,0.047928263415878296,0.08589819158399425,0.3657802219988156,0.19177933147345677,0.08589572381464979,0.6196488960647295,1.7922241550757787,2.232699402638694

21.06000000000001,79.4000000000002,0.040053388133004526,0.10390497954988001,0.1842164504635844,0.2123974293170036,0.11954298613485861,0.278741747471117,2.5941620455535124,1.7767452194955184

21.06000000000001,79.41000000000021,0.07191061634475478,0.04060458743011381,0.33328143951530975,0.22217827782570773,0.04181469991371942,0.7827969779936134,0.5646535857651592,5.0

21.06000000000001,79.42000000000021,0.07182899713325903,0.150797377044727,0.12120977699818633,0.2622700125201728,0.10915562675083693,-0.10877508034584735,2.0993941563046516,2.402716379235029

21.06000000000001,79.43000000000022,0.0491517047388634,0.04482881794927854,0.23616620035579974,0.18823015163886056,0.09313357010737958,0.6809280231818631,0.9120501129359234,2.0210773754268243

21.06000000000001,79.44000000000023,0.050108850831447546,0.100031022550501,0.2602510699782222,0.32710748672190976,0.17223143154636206,0.4447072188870366,1.996274524182375,1.8992322341809846

21.06000000000001,79.45000000000023,0.07108149812072626,0.047287898894681976,0.4615859672914278,0.3178647352436896,0.10750928802200212,0.8141468757678557,0.6652631145708401,2.956625802256034

21.06000000000001,79.46000000000024,0.02055746975507738,0.06744532693044782,0.2675197695247529,0.15259195571017742,0.1853901967789381,0.5972993743284944,3.2808184764911545,0.8230853533740066

21.06000000000001,79.47000000000024,0.021656086768700386,0.07452835358540982,0.07577565265493036,0.26349515863205064,0.21074419965346164,0.00829850846887088,3.4414506202007296,1.250307998703165

21.06000000000001,79.48000000000025,0.042206673362423903,0.06632498957296276,0.09691110931389765,0.1688540365064588,0.17969876681437544,0.18737350335354988,1.5714337125386368,0.9396505018140495

21.06000000000001,79.49000000000025,0.057236585448641505,0.06889509187403624,0.3011029586346912,0.1912346705767895,0.12969058555699153,0.6275921356305051,1.2036897591574003,1.4745455085118597

21.07000000000001,79.0,0.07876722696794006,0.07722924820299679,0.3155770855789915,0.36876992273513554,0.1562157248352795,0.6067820623472994,0.98047438100599,2.3606453376439385

21.07000000000001,79.01,0.11358068650848642,0.13231335647121206,0.29264558576272637,0.20677000080189367,0.07273075299279678,0.377288752675601,1.1649283027078126,2.8429514615100566

21.07000000000001,79.02000000000001,0.09492978869606038,0.05460548827749888,0.2727570105801006,0.25321582259541947,0.14211103137393769,0.6663913032105031,0.575219738398544,1.7818167947212298

21.07000000000001,79.03000000000002,0.06428184410109691,0.10744165708055427,0.3731259597505687,0.26559249058057877,0.10559807659665793,0.5528551931290316,1.6714152870978285,2.515126211469953

21.07000000000001,79.04000000000002,0.068389513762919,0.14715836609222185,0.20384087792628933,0.1573559439261723,0.18315631905746443,0.16148898547180124,2.151767979915581,0.8591346705918955

21.07000000000001,79.05000000000003,0.03876411906086535,0.10105178904530265,0.34819105560268554,0.2006919801496256,0.27689761946222313,0.5501239907249288,2.6068382626199424,0.7247876686947359

21.07000000000001,79.06000000000003,0.06816460592022786,0.06936324437009525,0.09639851149736167,0.14237843400143052,0.1730710817986898,0.16309713280652083,1.0175844682431188,0.8226587159417784

21.07000000000001,79.07000000000004,0.05994024083239534,0.0886790149927892,0.17000521670619725,0.16448204862715432,0.048342992552265894,0.3143840702923227,1.4794570994936005,3.4023969060062904

21.07000000000001,79.08000000000004,0.07816155681014211,0.14490900833442755,0.08069586050682269,0.04,0.12965849035428048,-0.28462660459835465,1.853967782410235,0.3085027433209597

21.07000000000001,79.09000000000005,0.04354307169342968,0.10530430523813335,0.23481546993302557,0.26402076805555236,0.15366454626872175,0.3807810486515817,2.4183940383834606,1.7181631957057173

21.07000000000001,79.10000000000005,0.08382039542723448,0.07611142821569501,0.25857387827337097,0.36939356888792313,0.15172787126301213,0.5451761594114659,0.9080299339671488,2.4345795243125847

21.07000000000001,79.11000000000006,0.11410216739007657,0.15149558586177658,0.2755101492226577,0.28277694207906595,0.1106393437195612,0.29042833185206796,1.3277187383399365,2.555844352622332

21.07000000000001,79.12000000000006,0.06473719554629345,0.052908314006541834,0.2711883352887197,0.1258611798461554,0.15926458713184555,0.6735028630794887,0.8172784359646743,0.790264691189235

21.07000000000001,79.13000000000007,0.07993135166296736,0.1240743804177166,0.17314466691883384,0.17970565319700144,0.0846949581540293,0.1650980545302792,1.5522617556331753,2.121798710355372

21.07000000000001,79.14000000000007,0.08846431975133243,0.11298429230806929,0.24777591555868556,0.19227862084824784,0.09939456386574522,0.3736321808059212,1.2771735825013248,1.9344983586276778

21.07000000000001,79.15000000000008,0.055603385843423905,0.08414766115444312,0.11795533313943271,0.15286906559506117,0.17874988208018405,0.16727942149685454,1.5133549823757646,0.8552121194741017

21.07000000000001,79.16000000000008,0.07424277445431143,0.0815575384807419,0.404922897513233,0.34081534162518995,0.0954968384560071,0.6647037270991625,1.0985249267735737,3.5688651768854966

21.07000000000001,79.17000000000009,0.06777777202345273,0.06063276310866002,0.23913739271020837,0.28021820310627055,0.17301058027461114,0.5954716507865443,0.8945818254135214,1.6196593439518445

21.07000000000001,79.18000000000009,0.07021028295646375,0.11731269345383462,0.2215113880956398,0.14231837443276082,0.0774468112671953,0.3075303683685697,1.6708762356005697,1.8376272944019958

21.07000000000001,79.1900000000001,0.04396970648433475,0.1448992200995606,0.4301940328444177,0.27365567311132244,0.23398129418958494,0.49608443714960465,3.295432954996893,1.1695621820633013

21.07000000000001,79.2000000000001,0.06777530522776697,0.07006769011884624,0.14797534664508694,0.32947688645040524,0.10684650387979529,0.3573040333998738,1.0338233045206233,3.083646859542634

21.07000000000001,79.21000000000011,0.08185994873736213,0.11371546814205731,0.16054128859681344,0.35547907436606574,0.13419667140982572,0.17073716248408377,1.389146582145869,2.6489410681101577

21.07000000000001,79.22000000000011,0.11033430823384982,0.02,0.16437796751315426,0.4,0.16173066305451814,0.7830543387704301,0.18126728034116055,2.4732477577108454

21.07000000000001,79.23000000000012,0.0954581247825547,0.07163529077370977,0.26811286183006305,0.1585605145389724,0.11675250237494303,0.5783035742586141,0.7504368105056017,1.3580909289117984

21.07000000000001,79.24000000000012,0.13115547372534514,0.12167693549071007,0.3189631629637714,0.48,0.15201029805356286,0.44772645095228103,0.9277305166290102,3.157680800777704

21.07000000000001,79.25000000000013,0.043419573113356896,0.05827266332072423,0.3506675468117955,0.19630555280438075,0.17342783622600386,0.7150064390215337,1.342082821366797,1.1319149045679848

21.07000000000001,79.26000000000013,0.09248961910161865,0.07412566851093774,0.5,0.21519290174803174,0.19251066162517175,0.7417789427869328,0.8014485209345578,1.1178232925885485

21.07000000000001,79.27000000000014,0.07170026017214881,0.06758881774124194,0.05355675457993671,0.2433950662414448,0.18387487179864523,-0.115828113903502,0.9426579134399055,1.3236994469565588

21.07000000000001,79.28000000000014,0.13177408799652834,0.13755002187296791,0.34027355891245525,0.21534684793618153,0.13552947680986357,0.42426440458177844,1.0438320906626841,1.5889299718864995

21.07000000000001,79.29000000000015,0.04171105143934359,0.08644683926374222,0.2245869427427909,0.24783308984525215,0.13660841129781706,0.4441321535669521,2.0725164212703193,1.814186164009608

21.07000000000001,79.30000000000015,0.04064834473457479,0.02,0.22255848511113713,0.12719459685838405,0.26121542790124874,0.8350913180168418,0.49202495406377134,0.48693370767432614

21.07000000000001,79.31000000000016,0.04773822063667735,0.026000000000000002,0.22012278717462716,0.24310478142666553,0.19107445341246163,0.7887233414028515,0.5446369721949893,1.272303947271583

21.07000000000001,79.32000000000016,0.01,0.06912539288570992,0.19212303291921806,0.30899075640531243,0.09730881718398623,0.4708072004930232,5.0,3.1753623672513998

21.07000000000001,79.33000000000017,0.04970734934957506,0.11152746344213892,0.45235248346036105,0.21470570959981378,0.14821940818827442,0.6044283394541623,2.2436815617231094,1.448566770569135

21.07000000000001,79.34000000000017,0.04258602015338689,0.02,0.3690297327014066,0.22831170507178633,0.1262828430610871,0.8971800951768912,0.46963768581802123,1.8079392208532288

21.07000000000001,79.35000000000018,0.06975181359428399,0.07287079295393142,0.28801959785575426,0.25136810233020623,0.13609328830384115,0.5961610791562049,1.0447153858008287,1.8470279120914497

21.07000000000001,79.36000000000018,0.07537267927331248,0.09311911146108963,0.42170157524871726,0.3596955768626766,0.08120524211459215,0.6382464267777525,1.2354491340274778,4.429462520561773

21.07000000000001,79.37000000000019,0.12128512517647423,0.1480335111283344,0.1362471034701301,0.10163427014673378,0.12190383828069881,-0.0414604691589896,1.2205413548519342,0.8337249384169159

21.07000000000001,79.3800000000002,0.09339271514557908,0.07691912753148183,0.15532948686692552,0.2581166836286144,0.23289778865969205,0.33761389494093785,0.823609500261563,1.1082831013691745

21.07000000000001,79.3900000000002,0.04745289033012543,0.10745955938963342,0.07150322678054984,0.19813026025307037,0.1710938150437714,-0.2009151363725399,2.2645524522445695,1.1580211715226527

21.07000000000001,79.4000000000002,0.03768755985954672,0.09761028560349472,0.2202585459876903,0.22826465267182233,0.03,0.38584550656212324,2.589986873872126,5.0

21.07000000000001,79.41000000000021,0.07927757514519257,0.02,0.3072698526704948,0.29049651188335984,0.20261617462489345,0.8777767039604136,0.2522781497560095,1.4337281427693906

21.07000000000001,79.42000000000021,0.024793003789378074,0.1223282886652655,0.3022858577932534,0.13240693440116422,0.19608147614545407,0.42381435142125373,4.933984167915769,0.6752648793576895

21.07000000000001,79.43000000000022,0.11922376297562788,0.10003586021824742,0.30783419110600846,0.14481488909897688,0.12345573478467509,0.5094719020485634,0.8390597447825155,1.173010627932791

21.07000000000001,79.44000000000023,0.09954320362163584,0.11157074558697941,0.15269431689341273,0.07991990282002656,0.17710317718915658,0.15561486223296395,1.120827353507504,0.4512618240018429

21.07000000000001,79.45000000000023,0.04996473043685601,0.2,0.37501547426142356,0.17665887407652853,0.09809003945913568,0.3043665467538676,4.002823548752493,1.8009868776740166

21.07000000000001,79.46000000000024,0.012525964127270774,0.02,0.31956275182392163,0.30793026410650987,0.11736721418667777,0.8822014491478678,1.596683467804994,2.623648060303862

21.07000000000001,79.47000000000024,0.1044161712249594,0.15968786599043988,0.36980542814662215,0.2060588968068497,0.21562731803348822,0.39682761697471,1.5293403690647338,0.9556251897511658

21.07000000000001,79.48000000000025,0.06024380464241843,0.07902209922398123,0.10812378224101757,0.1203912573041574,0.12693349800651002,0.1555026633430287,1.3117049887843615,0.9484593042818135

21.07000000000001,79.49000000000025,0.10069448935920076,0.13238310302895046,0.3294490858798022,0.21588298545568677,0.046853416902245794,0.4267047372202914,1.3147005733872779,4.607625212166254

21.080000000000013,79.0,0.02152717023616889,0.09721951018795016,0.13602347600824805,0.12424968075565612,0.145874838860933,0.16636712827463215,4.516130483931124,0.8517553927784054

21.080000000000013,79.01,0.05125874931138666,0.08189054666407802,0.215967674744865,0.14933697287881825,0.1449305803542819,0.4501374090047113,1.597591583962577,1.0304034691003416

21.080000000000013,79.02000000000001,0.06927731099154527,0.09865268773158412,0.31003648986364,0.30602078846215125,0.20859842846867266,0.5172238798299994,1.424025935435359,1.467033047957052

21.080000000000013,79.03000000000002,0.07040941781294198,0.11168034942291995,0.26660936062559343,0.14532886715857726,0.14921682110878756,0.40955121708663356,1.5861564082379944,0.9739442643348487

21.080000000000013,79.04000000000002,0.05537803585562235,0.04892296777307202,0.17324600202207072,0.3661012816370763,0.12724088442798484,0.5595877511952976,0.883436310602941,2.877229932778072

21.080000000000013,79.05000000000003,0.08744549797042456,0.12816316670087002,0.25992731561844484,0.22192157964187548,0.20039280726155967,0.33951914537087097,1.4656348185889838,1.1074328593115241

21.080000000000013,79.06000000000003,0.0366113871185217,0.08131222380458915,0.1070464684756392,0.23259162927611562,0.1539995116250548,0.1366236107601654,2.220954462043801,1.5103400437488164

21.080000000000013,79.07000000000004,0.06424861544936067,0.06835039436990037,0.3761267395898336,0.2481766707209353,0.11027886592171335,0.6924458462211257,1.0638422911601637,2.250446342747763

21.080000000000013,79.08000000000004,0.07200886895135639,0.10347933138421656,0.2414715980503793,0.33611921843767095,0.20534987802708,0.4000344827374156,1.4370359199839062,1.6368123590005972

21.080000000000013,79.09000000000005,0.08371316502176182,0.14770596867450195,0.3747549944255375,0.2805211921443891,0.157103088225839,0.4345760578175545,1.7644293876555954,1.7855867451986385

21.080000000000013,79.10000000000005,0.08950844634266598,0.07582659651935002,0.21114683129040107,0.2488538046338502,0.1473862983339708,0.4715427339621397,0.8471445939788512,1.6884459904211309

21.080000000000013,79.11000000000006,0.034300737244863155,0.11139814472838365,0.21234240115934752,0.26463523741353345,0.15595541957058154,0.3118060362905219,3.2476895061577014,1.696864642296574

21.080000000000013,79.12000000000006,0.021896574877930498,0.06764174897137981,0.18918132133622162,0.2099537231055681,0.09334658142916888,0.47324242394558835,3.089147459799341,2.2491849156785877

21.080000000000013,79.13000000000007,0.10613030465695436,0.12701687399694345,0.3541173931693143,0.26245421048363116,0.12031731119108179,0.472010693527872,1.1968011802832448,2.1813503615342587

21.080000000000013,79.14000000000007,0.0776494203593868,0.12394030955160673,0.1964568842671596,0.2005485557168311,0.14669913009163774,0.22633336399924514,1.596152409359341,1.367073925079502

21.080000000000013,79.15000000000008,0.04510540390330237,0.17028435333185493,0.3327595432415253,0.22405621355136557,0.13660681524876447,0.32298411924707904,3.7752539212238876,1.6401539921660433

21.080000000000013,79.16000000000008,0.11397455926567461,0.08913744218002977,0.2309547602330791,0.20437493754435648,0.20978141914082815,0.4430514612340218,0.7820819196505272,0.9742280240259741

21.080000000000013,79.17000000000009,0.07079023902878462,0.12272619219031455,0.0725036700108466,0.1912947022476534,0.15685029263634845,-0.25724815654479544,1.7336598053729675,1.219600543361452

21.080000000000013,79.18000000000009,0.10257891552191359,0.09972270158155597,0.21396859322136244,0.17476217415947165,0.1885451961318183,0.3641984763241946,0.9721559345500875,0.9268980470051313

21.080000000000013,79.1900000000001,0.06910555444230201,0.14745487127451867,0.15398917856372465,0.25543830727011885,0.14608976772879056,0.02167668358537732,2.1337629406367937,1.74850238361306

21.080000000000013,79.2000000000001,0.12878243774645828,0.0666867044956488,0.2761902723682437,0.3141424138969391,0.19825442418730416,0.6110167259630769,0.5178245233651848,1.584541757523119

21.080000000000013,79.21000000000011,0.11950022527329474,0.12506021251508917,0.1546592264325614,0.3040771380168657,0.1651363878286556,0.10581679277724415,1.0465270013041914,1.8413696813341773

21.080000000000013,79.22000000000011,0.05925107554562634,0.08729210815533056,0.36719751007147255,0.1338404264838159,0.14575102426942083,0.6158675371873391,1.4732577797813209,0.9182812063439341

21.080000000000013,79.23000000000012,0.09574712852862916,0.09233247291565783,0.2663924139647086,0.31174421359847737,0.14423584555204674,0.4852184706621075,0.9643367298646038,2.161350475599015

21.080000000000013,79.24000000000012,0.08584127848755285,0.09839009937793256,0.2586404005241379,0.19892890488674103,0.09699806868544947,0.4488420489153616,1.1461863219753965,2.0508542837770607

21.080000000000013,79.25000000000013,0.10741894672596881,0.10462961585706465,0.3428892137787705,0.2629513110601873,0.16988578600681306,0.532401280326791,0.9740331566141381,1.5478123101767958

21.080000000000013,79.26000000000013,0.03729229618259518,0.08971083827511914,0.374590693407599,0.15716492675669097,0.1423497632731785,0.6135664770233769,2.4056131484986727,1.104075785111589

21.080000000000013,79.27000000000014,0.08670154379995143,0.10276852732681843,0.277090124823048,0.230238593971176,0.11908040199093714,0.4589117464186729,1.185313694591268,1.933471754616277

21.080000000000013,79.28000000000014,0.09775273460548581,0.15712472230248467,0.20287997004508457,0.24196062280277894,0.19932308854060085,0.12709625375025813,1.6073690702963725,1.213911666997383

21.080000000000013,79.29000000000015,0.013117815407304698,0.13323798742460594,0.10350303838880114,0.11577766456561958,0.08130919870525712,-0.12560116659577616,5.0,1.423918403659561

21.080000000000013,79.30000000000015,0.030262244620024806,0.12840618369987294,0.21319502429649656,0.2619787016440884,0.12251520522837539,0.24821001386126168,4.243114973388123,2.1383362248131683

21.080000000000013,79.31000000000016,0.01,0.07523841895904218,0.22097877533521887,0.31331545054867704,0.19484593743897366,0.4920050528268735,5.0,1.6080163359115802

21.080000000000013,79.32000000000016,0.05743779496666121,0.057710366870863936,0.2943057452992452,0.20657464380228088,0.15905614704600957,0.6721151963829337,1.0047455130178027,1.2987529718838877

21.080000000000013,79.33000000000017,0.08692626767387675,0.13131202232950692,0.24998531188621323,0.3137117691579556,0.14070705361735894,0.3112355604837325,1.5106138304602224,2.2295383271126883

21.080000000000013,79.34000000000017,0.11035071156287865,0.1279618717011885,0.35419329720515924,0.20492145545832602,0.15547017715750405,0.4692087527967419,1.159592627658913,1.3180756533062683

21.080000000000013,79.35000000000018,0.06738284341259101,0.1516468270300359,0.22500167287294792,0.27737091717325757,0.15171070855243868,0.19475677147879494,2.250525788536952,1.8282883234610674

21.080000000000013,79.36000000000018,0.11389846636713645,0.06840077496122736,0.28149588331472314,0.062300102383417245,0.06672687268570046,0.6090229879375791,0.6005416673539086,0.9336583565589804

21.080000000000013,79.37000000000019,0.023516956253550894,0.08319805378558257,0.40649874431970673,0.38661444455193655,0.12491690573259837,0.6602058492499903,3.5377900326383114,3.094972950018792

21.080000000000013,79.3800000000002,0.013698526819342931,0.034606823548672686,0.3231825213955149,0.3860184926004011,0.2230260827256838,0.8065519609344506,2.5263171545698326,1.730822187744343

21.080000000000013,79.3900000000002,0.06301356903309895,0.09921750248482976,0.28389624583116224,0.23613145764268348,0.10905379326113787,0.48204676577099737,1.574541862170351,2.1652750478905456

21.080000000000013,79.4000000000002,0.07608196346817667,0.13170282042317405,0.23060555580650144,0.07835376813492631,0.12592494929477946,0.27297943366711663,1.731064949515345,0.6222259251364421

21.080000000000013,79.41000000000021,0.06345915755717459,0.07300018483086816,0.22837686032852192,0.2362619857813777,0.1145789618345367,0.5155557728821839,1.1503490989470277,2.0620014511596216

21.080000000000013,79.42000000000021,0.01,0.11709919180802894,0.20753867470482532,0.1147252117048303,0.13712923883408912,0.2785857479917759,5.0,0.8366210780180346

21.080000000000013,79.43000000000022,0.06152639881461361,0.08367987576008344,0.23939931342173063,0.2466397476290173,0.11214385843378098,0.48198535476024407,1.3600645777467726,2.1993156901652555

21.080000000000013,79.44000000000023,0.02494591498485161,0.10408228112885823,0.3699665838744525,0.24400960034149272,0.1654570751078988,0.5608795259696474,4.17231762293868,1.4747607500911744

21.080000000000013,79.45000000000023,0.08405017646489829,0.045032344407369015,0.2731111728707946,0.1490017781698511,0.15080567061450903,0.7169054719173108,0.5357792957472,0.9880382976574343

21.080000000000013,79.46000000000024,0.07483794738290253,0.09416837798535166,0.1612226930618988,0.2930676916529991,0.17943738075534651,0.26255544007599907,1.2582971761333428,1.6332588575245406

21.080000000000013,79.47000000000024,0.03552360641017636,0.02,0.47391692930600077,0.2706902291964247,0.08803294169054748,0.9190147214672207,0.5630058984655922,3.074874287859934

21.080000000000013,79.48000000000025,0.04818399247989615,0.08292415367351605,0.32999651911453914,0.2823076336101918,0.12338297585585026,0.5983531018511287,1.7209896738219772,2.28805985123271

21.080000000000013,79.49000000000025,0.031703594343328347,0.02500107025138974,0.15820565994870636,0.2143200392568149,0.1289338684193886,0.7270725779512848,0.7885878775064549,1.6622477997283254

21.090000000000014,79.0,0.06739962708180473,0.1471597806618725,0.21121510727591847,0.12911331531604026,0.17170234550442956,0.17873832333724032,2.183391612314436,0.7519601136579313

21.090000000000014,79.01,0.09781426961503698,0.1298362941105802,0.2673886382828431,0.2963510590547792,0.109078940139648,0.34628325898083023,1.327375795871433,2.716849452366256

21.090000000000014,79.02000000000001,0.03946821860993346,0.11722683927864289,0.42765920932973944,0.20867400206049402,0.19434269021291684,0.569719798822078,2.970157841178146,1.0737424789401748

21.090000000000014,79.03000000000002,0.08404139546553503,0.15922024908637475,0.1472887541741153,0.1300153899765124,0.20770077952587998,-0.03892706178756724,1.894545515515811,0.6259744918179989

21.090000000000014,79.04000000000002,0.05289227144882642,0.06024333916700598,0.35660407193559734,0.32164275561820194,0.09875638261822027,0.710957354667483,1.138981885309909,3.256931316894617

21.090000000000014,79.05000000000003,0.04489381503212926,0.1679145279166217,0.3998486426972374,0.3736585264351746,0.12347635525532108,0.4085050365084454,3.740259708880253,3.0261544840703967

21.090000000000014,79.06000000000003,0.06534908920136279,0.13512766257041467,0.1979345694925466,0.22351263097145457,0.12124342458539467,0.18857408873486936,2.0677818775294967,1.8435031140981912

21.090000000000014,79.07000000000004,0.037382730327418234,0.11465712506461376,0.23394863811398073,0.45268617698667485,0.27927931023387415,0.3421960438274024,3.0671147814424726,1.6209083889726577

21.090000000000014,79.08000000000004,0.05171052083958394,0.14290480588731685,0.1589690752626275,0.23219203100279295,0.12598499473960476,0.0532151682311654,2.763553785394657,1.8430133786837355

21.090000000000014,79.09000000000005,0.032263663222333885,0.053048259503533646,0.24315388589197448,0.19886808670835376,0.2311812721078057,0.6418104300710534,1.644210670485519,0.8602257648690242

21.090000000000014,79.10000000000005,0.12702175398749094,0.06413943353889198,0.2607410025657123,0.18106790820701474,0.08378840024466842,0.6051505326809028,0.5049484161170815,2.161014024163028

21.090000000000014,79.11000000000006,0.06901790655915108,0.0725964110704108,0.331264999808243,0.33949576855949004,0.09745745169178063,0.6404884985446261,1.0518489271042715,3.483528066020319

21.090000000000014,79.12000000000006,0.04684823476022158,0.09828115918066954,0.37521834710205104,0.20398791396342456,0.11242977340758867,0.5848732346883134,2.097862587008997,1.8143584888539868

21.090000000000014,79.13000000000007,0.07413939732202576,0.054317694289588526,0.1922903935378421,0.27576885169824683,0.1042955344276725,0.5594816472071865,0.7326427807390233,2.6441098647907855

21.090000000000014,79.14000000000007,0.06423015850927413,0.14532332268381154,0.07126749357740783,0.184858531545853,0.1330050632920736,-0.3419158316615654,2.262540305526016,1.389860858160905

21.090000000000014,79.15000000000008,0.06085091201400228,0.08586582398520519,0.26677552207238353,0.19147852661979198,0.11078108986392353,0.5130132925659069,1.4110852409958663,1.7284405369377394

21.090000000000014,79.16000000000008,0.08578500100130167,0.11014019873427354,0.29915375299687225,0.295517478577867,0.10507292036326966,0.4618039270235203,1.2839097431987132,2.8124989509658773

21.090000000000014,79.17000000000009,0.089965231301418,0.07304594534345105,0.29564176876851284,0.19649742075974236,0.20378359982366465,0.6037516707082033,0.8119352799474902,0.9642455076529631

21.090000000000014,79.18000000000009,0.05120496557168296,0.022855867978057495,0.23893267524910475,0.1944643234405764,0.20686968112565643,0.82538679701125,0.44636038083894464,0.9400329825444643

21.090000000000014,79.1900000000001,0.04972545278065832,0.10630229433565497,0.284975209966403,0.30179632880223334,0.19296482491876388,0.4566398876004697,2.1377843373449354,1.5639965925027355

21.090000000000014,79.2000000000001,0.05862844908544934,0.02,0.42494448083523484,0.3340178105255103,0.1715199477792144,0.9101011433697896,0.341131315562133,1.947399207238146

21.090000000000014,79.21000000000011,0.01,0.09239463815657917,0.31247341689626146,0.26702828622989283,0.1497771532889755,0.5435814852238736,5.0,1.7828372364402787

21.090000000000014,79.22000000000011,0.02118426813404197,0.04022739844668539,0.23786315749970252,0.17576611570631986,0.12010846546670235,0.710688496088482,1.8989279215244328,1.463394897911738

21.090000000000014,79.23000000000012,0.10752622802333422,0.17427103996923005,0.22608021829041186,0.18555740504916562,0.0971221247622431,0.12940930555197808,1.6207305232481373,1.9105575100664045

21.090000000000014,79.24000000000012,0.11574903140503692,0.1310545088869865,0.26001476423223885,0.22659406846179866,0.162749785171632,0.32976320098909917,1.132229852664327,1.3922848996919384

21.090000000000014,79.25000000000013,0.05880891881330701,0.09865015165085675,0.44157399618307636,0.2431651043347919,0.08573848037265763,0.6347806662173819,1.6774692253105616,2.8361256578641876

21.090000000000014,79.26000000000013,0.08345670889167128,0.1447882671061842,0.2604699290473931,0.15124938629021167,0.09454395354122777,0.2854517515268829,1.7348906859079911,1.599778520625103

21.090000000000014,79.27000000000014,0.07537750463630431,0.07826956917177828,0.2777205655479425,0.3248551869247033,0.2017056628102378,0.5602711335727588,1.038367739096583,1.6105407366240825

21.090000000000014,79.28000000000014,0.15,0.11561917514680098,0.23236864290638343,0.22578593307476735,0.2389124520861016,0.33549872055633073,0.7707945004648101,0.9450571998603517

21.090000000000014,79.29000000000015,0.0993872473430354,0.1016924173487457,0.3913983357442107,0.09940041769532618,0.1633647569083212,0.587530624980301,1.023193819780868,0.6084569249551364

21.090000000000014,79.30000000000015,0.06184247225557506,0.10408080325334387,0.47838372547448216,0.15417514622774398,0.19884285761472928,0.6426192561019979,1.6829987432409153,0.775361750478018

21.090000000000014,79.31000000000016,0.03689378678198522,0.1442341400042677,0.3283613049431539,0.1836109928443785,0.1310475841277978,0.389608420623712,3.9094425428769273,1.4011016984884714

21.090000000000014,79.32000000000016,0.017246610392270753,0.12245968411118897,0.2924772903785582,0.21349996178112093,0.07627629069561266,0.409743206026572,5.0,2.7990343992107345

21.090000000000014,79.33000000000017,0.07142390907601456,0.10452894651299773,0.2887782833174395,0.35054951568527437,0.173588580930926,0.4684616065588961,1.4635007761252647,2.0194272780121496

21.090000000000014,79.34000000000017,0.0425094776414687,0.026604502550864856,0.05,0.2346719914297685,0.17126446616349988,0.3054062964909937,0.625848727492404,1.3702316455341799

21.090000000000014,79.35000000000018,0.02241238871206752,0.054218148188818066,0.36141508642849873,0.15884596770709059,0.14620342769400882,0.7391058091122414,2.419115099396515,1.0864722537893863

21.090000000000014,79.36000000000018,0.04556281347272188,0.08753164265616756,0.30121664159960176,0.2328441563014956,0.13032122709474095,0.5496744488468968,1.9211202248618837,1.786694012277471

21.090000000000014,79.37000000000019,0.03239355989156577,0.09599489497106248,0.3315342050660904,0.19245385767822237,0.19037052892905132,0.5509316442306876,2.9633944214855186,1.0109435460404332

21.090000000000014,79.3800000000002,0.1153342490521745,0.04687185101303938,0.21845378059164786,0.2395330767673418,0.0927933483286226,0.6466843345522779,0.4064001054118421,2.5813604188622703

21.090000000000014,79.3900000000002,0.09104919270848101,0.1883670670231331,0.2520543121023096,0.2571397380924868,0.10321097105546335,0.14460525324901702,2.068849390234102,2.4913992690289244

21.090000000000014,79.4000000000002,0.06424082076049892,0.1980884908731808,0.25029750634970194,0.36101537436680303,0.09131467466197474,0.11643765815221346,3.08352988364418,3.953530747471239

21.090000000000014,79.41000000000021,0.10875832416669814,0.11562473281569541,0.3944622984073236,0.2141999453030916,0.1457886481317874,0.5466470395618641,1.0631345563228742,1.4692498208950946

21.090000000000014,79.42000000000021,0.06656104922942586,0.09424147445134576,0.25532401633971086,0.33032723693198157,0.08696534939453304,0.46080790606006095,1.4158652154794487,3.7983776165097476

21.090000000000014,79.43000000000022,0.03828147396014934,0.08269164120394981,0.5,0.2788615863775265,0.10696789097423368,0.7161735800125704,2.1600955353501146,2.6069653573332756

21.090000000000014,79.44000000000023,0.1096937223180869,0.05292326159910636,0.3380862419015248,0.1654792318631398,0.10571222188863588,0.7292993589068307,0.48246390433715547,1.5653746440116347

21.090000000000014,79.45000000000023,0.08004730131053689,0.0939192207407502,0.1683317340004484,0.36938989660238525,0.12778958338329777,0.28374544262291584,1.173296527000563,2.890610381014857

21.090000000000014,79.46000000000024,0.032642615370203375,0.10095010160570562,0.28394537067482634,0.2372896159288995,0.06627127767979674,0.4754414696990773,3.092586183783412,3.580580062411878

21.090000000000014,79.47000000000024,0.05792983965748876,0.053026450074949695,0.2325324877843809,0.18676954166632323,0.14482024960185885,0.6286129196032957,0.9153564086649283,1.2896645465729086

21.090000000000014,79.48000000000025,0.03725145239845423,0.10364705668979132,0.0791617530180205,0.32950391358612185,0.2026451825332293,-0.13393940750181782,2.782362827170087,1.62601404733364

21.090000000000014,79.49000000000025,0.0219160080710668,0.10905652946110699,0.4594470940114024,0.43073331715666,0.1468745686158334,0.6163383134630189,4.976112830852192,2.9326609836044817

21.100000000000016,79.0,0.09698532642594912,0.02923400699037543,0.32631425422200133,0.2708258778475565,0.22586605724006587,0.8355553368059303,0.30142711312678483,1.1990552322777688

21.100000000000016,79.01,0.12636249921410372,0.06420459956881965,0.31022073178993265,0.19244448177370777,0.215319909293846,0.6570499150328316,0.5080985254115938,0.8937607410084112

21.100000000000016,79.02000000000001,0.02700297278542552,0.10646451226207404,0.2743403660299723,0.2584005035738916,0.18732675236239235,0.44084480870296694,3.942695965877771,1.379410576317806

21.100000000000016,79.03000000000002,0.08572907710071681,0.17376750629360715,0.12049824313075855,0.2771312209262382,0.15199429213184382,-0.1810243402399022,2.026937790159186,1.8233001835589808

21.100000000000016,79.04000000000002,0.04920072292634482,0.12034212498134977,0.2112382860444591,0.31624996585213505,0.14920501941227143,0.27413006924773164,2.4459422052987283,2.119566532586559

21.100000000000016,79.05000000000003,0.05398623848705869,0.04448073723600371,0.3446780774784045,0.26643411316044907,0.18608998861816234,0.7714005922892082,0.8239273266699934,1.4317487737826122

21.100000000000016,79.06000000000003,0.05070818227283344,0.15230988704971618,0.15627799702175343,0.27998474951162716,0.12813646952479762,0.012858929904818744,3.0036550300670046,2.1850512218064346

21.100000000000016,79.07000000000004,0.042440276909604974,0.03564784044246455,0.05,0.33076082392130857,0.053413962426625966,0.16757176207401975,0.8399530576672914,5.0

21.100000000000016,79.08000000000004,0.0696956488383442,0.14066764215548203,0.240489399221912,0.2037014468863919,0.17196020270514706,0.26189141535864896,2.018313112772976,1.1845848258111893

21.100000000000016,79.09000000000005,0.043191496507668195,0.07833501392728384,0.2499242445972512,0.2974643536856818,0.0906265685032504,0.5227247249291822,1.8136675058714284,3.282308469472527

21.100000000000016,79.10000000000005,0.07611370477339444,0.09325455245043206,0.27855634164147647,0.20483560411540863,0.09889293859047965,0.4983764383606299,1.225200541815029,2.071286452074338

21.100000000000016,79.11000000000006,0.0663728567165251,0.1498518659016864,0.33875186435145965,0.2548716070607605,0.1468311973997882,0.3866118629778835,2.257728129978236,1.7358137194319903

21.100000000000016,79.12000000000006,0.06059155859400685,0.04515345725662871,0.33056058122312737,0.21645062046466626,0.1418837561223252,0.7596392326604873,0.7452103598235189,1.5255489862102203

21.100000000000016,79.13000000000007,0.04041309013875115,0.04057527259547897,0.29357698052439907,0.22019034721430092,0.07585621968421709,0.7571450004930551,1.004013114457956,2.9027329313359025

21.100000000000016,79.14000000000007,0.05021686008294903,0.09481683503000583,0.3881531388086783,0.2368595325331714,0.15455457820665552,0.6073592968657576,1.8881474206983688,1.532530030027403

21.100000000000016,79.15000000000008,0.09006173677477164,0.1376351540407711,0.11760302191867636,0.317639782182646,0.19440698304305085,-0.07848407488004089,1.528231175822747,1.6338908049867555

21.100000000000016,79.16000000000008,0.08230751562873032,0.035146156980924645,0.32085818144774736,0.17189517733239978,0.08950292148670919,0.8025520858752453,0.4270102999677404,1.9205538130492215

21.100000000000016,79.17000000000009,0.03783334265604231,0.02,0.333953836333703,0.1710837423215875,0.2093641665424362,0.8869909124222978,0.5286342295726916,0.8171586621782029

21.100000000000016,79.18000000000009,0.07001996916287555,0.0775136456636382,0.14824377139198525,0.37106954960915456,0.06755145874350095,0.3133014481627861,1.1070219892932143,5.0

21.100000000000016,79.1900000000001,0.08946161370115238,0.15268452159536536,0.12281293913177073,0.34889919543095993,0.25124620721854574,-0.10842779593652183,1.706704307109186,1.388674476540868

21.100000000000016,79.2000000000001,0.016717841566357496,0.14321046998955114,0.19940578735245001,0.055042041091484056,0.1246369784758238,0.1640182453175379,5.0,0.44161886560816166

21.100000000000016,79.21000000000011,0.08298080577139663,0.07649354551658193,0.2087458557484814,0.18213188825526822,0.15230084984134243,0.4636537224485215,0.9218221577063419,1.1958691519148776

21.100000000000016,79.22000000000011,0.046681287231623125,0.0783829357153577,0.35114194635025414,0.0945607463706525,0.050238321375714275,0.6350249355978609,1.6791082721975203,1.882243347170031

21.100000000000016,79.23000000000012,0.08355796005779326,0.14081602937022758,0.21524612163090204,0.15455165146092828,0.14155319667653227,0.20903679885800233,1.6852497249131806,1.0918273481659087

21.100000000000016,79.24000000000012,0.0434222253037229,0.026000000000000002,0.19196514817189156,0.048,0.1559041088859072,0.7614297491490026,0.5987717063845105,0.3078815581720102

21.100000000000016,79.25000000000013,0.012053536980062778,0.07875916899267715,0.21733662633055656,0.21091072956141987,0.13999189479502278,0.4680156202143952,5.0,1.5065924332232072

21.100000000000016,79.26000000000013,0.0172537268635034,0.10173695559699972,0.39126323341543406,0.1402640726587039,0.11596594614737873,0.5872741719220819,5.0,1.2095281175000492

21.100000000000016,79.27000000000014,0.06740254839983968,0.1119087488513987,0.2816043374377086,0.22409336797574622,0.09661177407360658,0.43123238960981897,1.6603044149237902,2.3195244046865504

21.100000000000016,79.28000000000014,0.07363167505164261,0.07336773227236193,0.26327489746432264,0.10584151187821864,0.20028633097686277,0.5641209649654008,0.9964153622916075,0.5284509996720667

21.100000000000016,79.29000000000015,0.038590501246865846,0.09495764046823081,0.2710994501299091,0.22510382972203802,0.14512035674989465,0.48118671687452536,2.460648013217451,1.5511526749818725

21.100000000000016,79.30000000000015,0.08475777376331925,0.026000000000000002,0.412206033432667,0.2279470326378866,0.22043761882583568,0.8813343584505355,0.306756522911134,1.034065935517918

21.100000000000016,79.31000000000016,0.01563439813192918,0.06689006350664302,0.20898282733969104,0.3238367075631966,0.1168958822602508,0.5150660630177306,4.2783906687267,2.770300382054465

21.100000000000016,79.32000000000016,0.06337760604057842,0.11118034850217556,0.41635082909402604,0.3171949803221885,0.12130026533138602,0.5784880467626015,1.7542528863517735,2.6149570175640804

21.100000000000016,79.33000000000017,0.028909514007124156,0.0535682386298096,0.3067496298921665,0.27307419221071444,0.1836397122298049,0.7026612147508555,1.8529622611889143,1.4870105640347064

21.100000000000016,79.34000000000017,0.045564916765933015,0.09503936886358058,0.2705580618024818,0.19493703535370957,0.06153125189981847,0.4800873260272217,2.08580143234361,3.1680979830263274

21.100000000000016,79.35000000000018,0.06642196013949014,0.11037490003210453,0.5,0.35647662766821486,0.08182683199235043,0.6383373560799571,1.661723015010973,4.356475969470411

21.100000000000016,79.36000000000018,0.03906759904147909,0.10220344155539167,0.18283605102015785,0.130185036661448,0.19719424856765466,0.28288223750295355,2.6160666076579964,0.660186783037765

21.100000000000016,79.37000000000019,0.05322333367310285,0.09895855083985924,0.25393142404331737,0.11865089593053763,0.08354330353883666,0.4391535157972287,1.8593076349131163,1.4202322719182074

21.100000000000016,79.3800000000002,0.09482878427643077,0.05345069738861183,0.16695687608361842,0.2107351830077593,0.051007449234868926,0.5149831144881654,0.5636547778197265,4.131458948755937

21.100000000000016,79.3900000000002,0.047213243914303024,0.10857021345580067,0.3863461970536358,0.44889920114936654,0.23520635940365078,0.5612583815028155,2.299571142006464,1.9085334346259413

21.100000000000016,79.4000000000002,0.08947076336195167,0.11600864678356504,0.46091889336518727,0.20183627651908742,0.07190911760628585,0.5978398022616639,1.296609554839653,2.8068245440514445

21.100000000000016,79.41000000000021,0.03038879436026882,0.09769891843873342,0.4598922781404837,0.20287283297534367,0.1506259699164045,0.6495679305175984,3.2149652585418544,1.3468649061861577

21.100000000000016,79.42000000000021,0.08005412533745579,0.06777874921743852,0.41619487531462074,0.11446627507216658,0.1446942596362095,0.7199072601571324,0.8466615411393421,0.791090643684475

21.100000000000016,79.43000000000022,0.10728705861973424,0.1000286561716276,0.2749379532204242,0.28131507096891956,0.03,0.4664663269237155,0.9323459638588122,5.0

21.100000000000016,79.44000000000023,0.01,0.11946439162546049,0.25907590225103655,0.2815223378030477,0.1275141488416053,0.36881545464812343,5.0,2.207773334486747

21.100000000000016,79.45000000000023,0.039893142335882814,0.02,0.12938302275061514,0.2697352640979865,0.16312066247395113,0.7322319542294944,0.5013392974029174,1.6535934800761454

21.100000000000016,79.46000000000024,0.08099216381541326,0.1368829625982315,0.5,0.17015455290067724,0.1582354690759386,0.5701471992018429,1.6900766195256811,1.0753249810981762

21.100000000000016,79.47000000000024,0.05746863841870721,0.07688981045275262,0.3451978078148693,0.16443052621388204,0.18551603419017054,0.6356689599182481,1.3379438322298765,0.8863413173046374

21.100000000000016,79.48000000000025,0.0745743762011362,0.139333476528486,0.25000430951307473,0.14769773096597325,0.12078543425472368,0.28425402548610973,1.8683827266063657,1.2228107780960848

21.100000000000016,79.49000000000025,0.045200444398522256,0.13786987694580444,0.4329056888987203,0.2191710751232575,0.17560522210460333,0.5169033672012358,3.050188520829963,1.2480897343012622

21.110000000000017,79.0,0.07171769362418687,0.04381305211078115,0.15932354832400095,0.15217148695050453,0.1142135465959962,0.5686345833745577,0.6109099419632502,1.332341839935516

21.110000000000017,79.01,0.06432968293823742,0.07012235990289785,0.2981622034222689,0.14508084463254928,0.07797662917936095,0.6191946830421727,1.0900467185765128,1.8605683006991642

21.110000000000017,79.02000000000001,0.10391346184979396,0.08677805216497142,0.24113708657091848,0.19754164981625202,0.08343358121593797,0.47072860055783633,0.8350992310014506,2.3676515702738565

21.110000000000017,79.03000000000002,0.07639262529903608,0.06678985915502239,0.3231677139880325,0.19265906773710403,0.07503447724022877,0.6574506367471251,0.8742972087442508,2.5676072462466846

21.110000000000017,79.04000000000002,0.07876807986225569,0.16735746303347177,0.25384264608139073,0.18894150298246215,0.19843929839455912,0.20533039084232801,2.124686333774628,0.9521375272733219

21.110000000000017,79.05000000000003,0.05616369101632554,0.06350911624692762,0.11600721088888091,0.2589511217788172,0.0720513245470715,0.2924418934495746,1.1307860111150516,3.5939814159869465

21.110000000000017,79.06000000000003,0.053771813277824695,0.07537812882052458,0.26955763726700754,0.23153334615051827,0.1613019420324644,0.562943966619318,1.401814893072032,1.4354033379237208

21.110000000000017,79.07000000000004,0.05530325436541081,0.10559556126411823,0.36778641418754043,0.20552907786422034,0.1341237902963775,0.5538674188384052,1.9093914505549132,1.5323834590181056

21.110000000000017,79.08000000000004,0.07999356427134828,0.04915401895695551,0.2608783594146062,0.23821090498180217,0.14210757132746749,0.6829104156844427,0.6144746685967312,1.6762717326668717

21.110000000000017,79.09000000000005,0.05541046557539142,0.08123277152974842,0.34221151215891377,0.155693107122674,0.21524036475998398,0.6163236832343636,1.4660185677852018,0.7233453038604256

21.110000000000017,79.10000000000005,0.07661324570689164,0.10957813045000589,0.1610470514326003,0.23216950367367556,0.12495863163923521,0.1901852614214684,1.430276570270946,1.8579709175927035

21.110000000000017,79.11000000000006,0.13006202395936234,0.08338558382469834,0.2638739206730209,0.23504217449912235,0.17728007807748294,0.5197506028162087,0.641121683502633,1.3258239556043696

21.110000000000017,79.12000000000006,0.09381374110294989,0.09278452564400076,0.2049489544911488,0.11898671984497416,0.14839816756905427,0.37672763156686545,0.9890291598463962,0.801807203646401

21.110000000000017,79.13000000000007,0.05777929403496383,0.07516671550206377,0.342998084010478,0.293598562805923,0.1387390547183637,0.6404923818470093,1.3009282412915173,2.1161926120247854

21.110000000000017,79.14000000000007,0.10347641766491736,0.03558118763276783,0.2723491562262071,0.1618996406341078,0.2611584562193222,0.7689010623291593,0.34385793788883245,0.6199287701262516

21.110000000000017,79.15000000000008,0.0550777388093524,0.10884372845356796,0.3391073676336692,0.22962168594444782,0.07391291271422992,0.5140374499359509,1.9761836743644154,3.106651831210749

21.110000000000017,79.16000000000008,0.01,0.16599732286588798,0.37977104261579503,0.30450882183746614,0.21025659177187056,0.3916931306966937,5.0,1.4482724138467558

21.110000000000017,79.17000000000009,0.0368374106724767,0.09635606523133576,0.3410618575121477,0.2874973730399679,0.17844032827449682,0.5594324775036078,2.6157122124155583,1.6111681460067175

21.110000000000017,79.18000000000009,0.010836242369223089,0.10445056468990013,0.30011184342937375,0.22480333719981538,0.12146375026840892,0.4836368252816625,5.0,1.8507854114332016

21.110000000000017,79.1900000000001,0.05629459547875944,0.12296891020467243,0.17387877414886924,0.19672506979825194,0.22672592587207865,0.17150163740679095,2.1843821585436514,0.8676778756324438

21.110000000000017,79.2000000000001,0.06727255137568519,0.04430678013812999,0.2743213889333201,0.2881258336002863,0.052674494380571105,0.7218903758362366,0.6586160204454876,5.0

21.110000000000017,79.21000000000011,0.11689311936825705,0.1630005863251821,0.2221909597984274,0.2687286484465998,0.11881166713504426,0.1536647780916884,1.394441238857055,2.2618035307506954

21.110000000000017,79.22000000000011,0.07628782121292339,0.10281315185690984,0.2419936043295885,0.1779144485969072,0.08429588978654395,0.4036476952239133,1.3477007219171036,2.110594583393887

21.110000000000017,79.23000000000012,0.05978698413573253,0.15981427596356204,0.23984658492498653,0.1652574447098778,0.16514417324357067,0.20025055434116587,2.673061336116813,1.0006858938103222

21.110000000000017,79.24000000000012,0.09112216743550305,0.06503868017903801,0.18020744252178764,0.07553513728127609,0.08870679494063868,0.4696048240333767,0.7137525581104907,0.8515146697236853

21.110000000000017,79.25000000000013,0.01,0.16690247690231047,0.08336614108661353,0.23108222891784694,0.16583319733706342,-0.3337866986823546,5.0,1.3934618187986554

21.110000000000017,79.26000000000013,0.07306843674325525,0.12500621976138873,0.21318569516723632,0.21421115784870776,0.1346781792089197,0.26073797594594755,1.710810100256411,1.5905409395040775

21.110000000000017,79.27000000000014,0.08900595581660721,0.11594160343409164,0.30023794519242936,0.29923339622497347,0.11985230286719308,0.44282892401193436,1.3026274729605891,2.4966845760726186

21.110000000000017,79.28000000000014,0.021402412626602904,0.10300097817412314,0.1469822954572649,0.24453385654362103,0.16307236230166275,0.17593704021334064,4.812587229760986,1.4995420005096318

21.110000000000017,79.29000000000015,0.09995262129620595,0.08351885527701916,0.2842682236471768,0.31249604359208355,0.13002891880309392,0.5458303997595053,0.8355844410118634,2.4032811026059218

21.110000000000017,79.30000000000015,0.07567489222483044,0.14130126633895193,0.4736268424311113,0.1699845040458631,0.08884825784704509,0.5404299645739257,1.8672146335197122,1.9132001906798946

21.110000000000017,79.31000000000016,0.052941362582973925,0.09871439479391883,0.3868056555252392,0.2981705231677282,0.28316864948174586,0.5933663511581162,1.864598676559295,1.0529785822270257

21.110000000000017,79.32000000000016,0.08426345598318644,0.02,0.4497541509120687,0.18117585346266887,0.11856164084853961,0.9148490758116316,0.237350815284097,1.5281152657233066

21.110000000000017,79.33000000000017,0.13328078573412971,0.04805254153171667,0.32541278769328885,0.27233172432545366,0.03185954599239601,0.7426666530541618,0.36053615103619585,5.0

21.110000000000017,79.34000000000017,0.07049598765175263,0.08512616991228678,0.4039509822986613,0.11548691252284587,0.10045506551392723,0.6518906288709033,1.2075321252615603,1.1496375201892717

21.110000000000017,79.35000000000018,0.0723666175890078,0.10477995932661878,0.21570352695323838,0.23375947095562746,0.07901616558136006,0.3461132081393611,1.4479046095107808,2.958375275994586

21.110000000000017,79.36000000000018,0.05101917301379034,0.08993646044400067,0.22456597329781916,0.07807184409878042,0.18350728080202225,0.4280714499065877,1.7627972966831775,0.425442760172902

21.110000000000017,79.37000000000019,0.039184668916053836,0.14077883159174293,0.05,0.19800037598407114,0.15810263297957566,-0.4758328310680808,3.5927018174905667,1.2523534373043255

21.110000000000017,79.3800000000002,0.0894700744963249,0.02,0.40941454740424843,0.24722477957144778,0.1617756400895135,0.9068499184937271,0.22353842991901932,1.5281953406695477

21.110000000000017,79.3900000000002,0.03875748522273145,0.09740351746020262,0.44573239798200764,0.17963220141381694,0.123158876708134,0.6413291232528229,2.513153695321791,1.458540432239093

21.110000000000017,79.4000000000002,0.06646698711657918,0.02,0.23728227546529246,0.1422693659870758,0.12751248764715004,0.8445287378925995,0.30090125696281456,1.115728886641972

21.110000000000017,79.41000000000021,0.04987027659704385,0.12168849181936275,0.2681048293602964,0.2747282928507087,0.1227534448196126,0.3756255675706832,2.4401005945606884,2.2380495556000053

21.110000000000017,79.42000000000021,0.07844939477238905,0.08734165142231581,0.21901378863092422,0.20795760471070857,0.13706034079322243,0.429801857420079,1.1133502248728815,1.5172704471289693

21.110000000000017,79.43000000000022,0.07396986315860568,0.10772439888096057,0.33356535514776997,0.18063005470784604,0.1827066717682376,0.5117747560504845,1.456328214428974,0.988634147077622

21.110000000000017,79.44000000000023,0.09496619832773413,0.07306608604932664,0.4086932545303454,0.2610392573769507,0.15756377062526306,0.6966697687843723,0.7693904490125222,1.6567213146486146

21.110000000000017,79.45000000000023,0.048419508034354686,0.1417585972663057,0.12282280261191765,0.39886683993618394,0.165585641481039,-0.07156888071476904,2.9277165904484876,2.4088250413969328

21.110000000000017,79.46000000000024,0.0555037519411959,0.1320689865623496,0.3389438530642474,0.2947451994847007,0.16537794541245568,0.43921279645365907,2.3794605176299717,1.7822521532201614

21.110000000000017,79.47000000000024,0.03411708852652776,0.11356177212047097,0.2712328228281081,0.2950801567731413,0.18444212186908235,0.40975380823041885,3.328589181908416,1.5998523201907477

21.110000000000017,79.48000000000025,0.05003120219771357,0.08485931012545775,0.311139439196692,0.24388824232945777,0.1544475020770081,0.5714162718984019,1.6961277408545472,1.57910124082126

21.110000000000017,79.49000000000025,0.07455901479134243,0.11305429141180058,0.3465994001674527,0.2247539690803924,0.1578024036339412,0.508089270212193,1.516306131144017,1.4242746863307176

21.12000000000002,79.0,0.09174965849936041,0.07028429728050582,0.238379756122719,0.05987423981687047,0.2080003120596576,0.544590330277824,0.7660442376948069,0.2878564901908031

21.12000000000002,79.01,0.04125504027467103,0.13260222636082816,0.2477413146594235,0.17977137574758023,0.11512770409984407,0.30272392153543176,3.214206680118551,1.5614953585413693

21.12000000000002,79.02000000000001,0.09488817760316953,0.21343300650484337,0.23761248324453815,0.2320317492909913,0.10541287100242422,0.053607623363597055,2.249310837989822,2.201170946814816

21.12000000000002,79.03000000000002,0.1093491357641482,0.14084442239916695,0.3569316201788307,0.09545755551667182,0.08872392004065668,0.43410525869652317,1.2880250153430335,1.0758942499986486

21.12000000000002,79.04000000000002,0.08096304709671064,0.08925267157001394,0.30267599601275263,0.17445707362190238,0.1569857281810122,0.5445463474376082,1.1023877517006315,1.1112925711923036

21.12000000000002,79.05000000000003,0.12474387437674152,0.11211669269092343,0.28375835377373954,0.08744144703541445,0.054973387939043133,0.43357534801017017,0.8987751355424477,1.5906141162940857

21.12000000000002,79.06000000000003,0.0451063240268923,0.04575433824965332,0.13550482789077561,0.22311733150118263,0.17058770480298308,0.4951500743530614,1.014366369579087,1.3079332512743183

21.12000000000002,79.07000000000004,0.030860358900656918,0.12019561244702617,0.2256420256786889,0.2828136179594157,0.1418403452749715,0.30490149589456156,3.894822236010527,1.9938869805467891

21.12000000000002,79.08000000000004,0.014718392532871008,0.11514413651450059,0.35426691603392224,0.30267421630370145,0.20385198499105187,0.5094102027855715,5.0,1.484774436552629

21.12000000000002,79.09000000000005,0.11284132934467479,0.02214734641871239,0.26906965731239757,0.2539349123455451,0.1133441344767494,0.847897985506666,0.19626981113840083,2.2403886473154606

21.12000000000002,79.10000000000005,0.08747096969062099,0.0653752401165556,0.33215314695891957,0.18859470733931788,0.13659408572912352,0.6710914627704413,0.747393566951917,1.3806945314985752

21.12000000000002,79.11000000000006,0.06605245987268551,0.08525444413024807,0.44375118003276953,0.08905543890360075,0.20269016666466722,0.6776803864835274,1.2907080851417663,0.4393673374742362

21.12000000000002,79.12000000000006,0.07599905878959372,0.08436561011436562,0.3718606069208883,0.10101919104189264,0.2155567823389063,0.6301588685800825,1.110087563543731,0.46864306424931806

21.12000000000002,79.13000000000007,0.03371532858104776,0.04784092258324637,0.2782158337699814,0.13487121959218273,0.11221238171240758,0.7065484969325636,1.4189665192301375,1.2019281420980383

21.12000000000002,79.14000000000007,0.1407325593885038,0.11159914917408584,0.21870108298043486,0.16117982113750023,0.1551290616293565,0.3242563078908739,0.7929874193981541,1.0390046799786625

21.12000000000002,79.15000000000008,0.07111663545925576,0.13769462766490456,0.05,0.25430112616870354,0.1605809488842008,-0.46721969994125656,1.9361802844311264,1.583631979866576

21.12000000000002,79.16000000000008,0.07040184383814566,0.08790923472085754,0.2547615077527232,0.15180850473110938,0.16436267028105572,0.4869171840547138,1.2486780147135594,0.9236191184966697

21.12000000000002,79.17000000000009,0.08877299871695957,0.0652683399936637,0.23989875041832404,0.24622831255677533,0.1323712170342171,0.572245225170505,0.7352273874203579,1.860134838128091

21.12000000000002,79.18000000000009,0.08131027695210015,0.13726828505666067,0.312436619439547,0.20594085480403374,0.20938916990617987,0.38951839882682815,1.6882033862546677,0.9835315494013164

21.12000000000002,79.1900000000001,0.07347652072837263,0.16135628452352985,0.2589094773025411,0.2226381998218685,0.05065482581892075,0.23212262719648302,2.196025107128138,4.395202150693957

21.12000000000002,79.2000000000001,0.04292576633663926,0.07561754064613645,0.2431614940563309,0.30141753868698085,0.12390348825994373,0.5255802142509582,1.7615885963912141,2.432680005032247

21.12000000000002,79.21000000000011,0.08066405071407844,0.07029332331380501,0.09816010694928871,0.13868377860597048,0.16717653663864518,0.16542722564579487,0.87143309323534,0.8295648498974545

21.12000000000002,79.22000000000011,0.12286073489424951,0.1142483066164776,0.1830032170850046,0.250309320480462,0.16746124059746492,0.23130212955424442,0.9299008883662058,1.4947298816009027

21.12000000000002,79.23000000000012,0.10664260138464776,0.08009882481011821,0.32556510408006745,0.21972187400667095,0.2120579515307358,0.6050976232493371,0.7510959381617225,1.0361406979412902

21.12000000000002,79.24000000000012,0.1139555987991803,0.08866411197346821,0.45039076311328163,0.19705596033211725,0.20415126966006192,0.6710386415010104,0.7780584089765684,0.9652448430211393

21.12000000000002,79.25000000000013,0.05070352970706277,0.12364612606898434,0.2699474616254503,0.282067942460613,0.12978291873463627,0.3717066031900803,2.4386098273529075,2.17338263766445

21.12000000000002,79.26000000000013,0.03623185539224083,0.026000000000000002,0.31338110735742547,0.3375971889827834,0.2088735621765276,0.8467799209874306,0.7176005657664424,1.6162753452533098

21.12000000000002,79.27000000000014,0.06202639239700876,0.14643209299410406,0.3767478156952941,0.1532456442808055,0.10799791281112454,0.44022279684654664,2.360802992067704,1.4189685721696954

21.12000000000002,79.28000000000014,0.06735174736865898,0.09642722097317086,0.20131060637998904,0.20644875912994062,0.19006436913958907,0.35226758488831394,1.431695903926497,1.0862044261946746

21.12000000000002,79.29000000000015,0.09838574555412652,0.0768802742175099,0.3199814043285587,0.23858481778087975,0.23386612392104678,0.6125588415097458,0.7814167967764482,1.020176901548205

21.12000000000002,79.30000000000015,0.01466606110855343,0.08959063383113906,0.2101509893667991,0.1994895276384141,0.20390720534274548,0.4022142610998842,5.0,0.978334861709574

21.12000000000002,79.31000000000016,0.11120650958381637,0.09147717420081768,0.37158244384911654,0.25925149326014074,0.14826851917620307,0.6049010940910927,0.8225883040561802,1.748526892463209

21.12000000000002,79.32000000000016,0.060459763042628206,0.03061753222085977,0.3011403047951891,0.2852201295044568,0.1262110614113907,0.8154224024546569,0.5064117130037572,2.259866338884372

21.12000000000002,79.33000000000017,0.052273567901575224,0.15241752909812617,0.31674518139816027,0.34597928682491547,0.06619043518703242,0.35025727447771887,2.9157667043797963,5.0

21.12000000000002,79.34000000000017,0.03459686874219274,0.09409302529082139,0.20954014025815787,0.11028046048490925,0.15796698189570685,0.3802190538723996,2.7196977194673146,0.698123488159737

21.12000000000002,79.35000000000018,0.01519429984402463,0.10998008521789157,0.35940323596109575,0.2085294807176764,0.08649913860145059,0.5313847753762742,5.0,2.4107694463572664

21.12000000000002,79.36000000000018,0.08941511751885507,0.1301419908229582,0.4980712921231193,0.15320482419414072,0.10242326681929961,0.5856757748198944,1.4554808436052988,1.4958009913397163

21.12000000000002,79.37000000000019,0.0667995390156497,0.051053501697584366,0.18970883045719752,0.258787521880727,0.08236270996316278,0.5759012527461479,0.7642792506276983,3.142047192015253

21.12000000000002,79.3800000000002,0.025781173007765903,0.11065887596140542,0.25742409923526627,0.10299796769680566,0.11870038336716351,0.398728637627343,4.292235869130111,0.8677138581047494

21.12000000000002,79.3900000000002,0.025507636838088977,0.08083435636404444,0.3154607474168283,0.2401418897157357,0.14014152927564705,0.5920496840741012,3.1690256749475485,1.713566926132505

21.12000000000002,79.4000000000002,0.05416645902129355,0.1628000803112526,0.3718406211996012,0.20579593176673153,0.15504072905828137,0.3909925680153358,3.0055514602994187,1.3273668982595797

21.12000000000002,79.41000000000021,0.11419064575867913,0.02,0.23814537147107312,0.16390866937152235,0.11115466822929783,0.8450485482015039,0.1751456947248704,1.4745999590942938

21.12000000000002,79.42000000000021,0.05621225945908913,0.08703622799034516,0.05,0.11374512575214507,0.19446418531975507,-0.2702659618296553,1.5483495713040059,0.5849155488792129

21.12000000000002,79.43000000000022,0.01878571140645403,0.06670717376863736,0.4318189494164234,0.18214468376592258,0.13040973710049752,0.732382434127755,3.550952741168169,1.3967107646715484

21.12000000000002,79.44000000000023,0.05638770807741882,0.14030967343297052,0.37285061195843566,0.34837804454442917,0.10125387833671975,0.45315458951150556,2.48830246818152,3.4406390147529375

21.12000000000002,79.45000000000023,0.05545829290756697,0.10926176749472373,0.12340524695135532,0.21233679215292914,0.15177461336216744,0.06078850276316464,1.970161026770434,1.399027065918754

21.12000000000002,79.46000000000024,0.01,0.0619749642071145,0.2378431208220667,0.2577376292512058,0.2384576416771863,0.5865828825475178,5.0,1.0808528815865528

21.12000000000002,79.47000000000024,0.061771154004462606,0.08009695906283983,0.45631824295275536,0.396029913045158,0.15685802832675133,0.7013620837107473,1.2966725363004556,2.5247666123133365

21.12000000000002,79.48000000000025,0.05635196409373657,0.08549338525770218,0.4451796418458098,0.23166289093757256,0.12177721863131499,0.6777926107975499,1.5171323037432762,1.90234999083618

21.12000000000002,79.49000000000025,0.08404619094439938,0.05387431090738694,0.3951640022679182,0.17378402995562825,0.06336693219406005,0.7600458162938243,0.641008357879378,2.742503442476394

21.13000000000002,79.0,0.1244286828483602,0.13211934781808482,0.24018875660401495,0.2601076550627949,0.1374693839513962,0.29026875180342804,1.0618078138214833,1.8921133375090078

21.13000000000002,79.01,0.10263695088643249,0.08349171198210183,0.2669987418812527,0.188999269757999,0.16000640625440546,0.5235721196513313,0.8134664093162564,1.1811981411505232

21.13000000000002,79.02000000000001,0.060653339283354805,0.02,0.2465074194873895,0.19149041216919743,0.12870095543722107,0.8499103696177445,0.3297427677244863,1.4878709436917683

21.13000000000002,79.03000000000002,0.03540422273774955,0.08290711773512724,0.37332397832688635,0.12010750402667017,0.06463076808794949,0.6365564798955051,2.341729632509487,1.8583641722684092

21.13000000000002,79.04000000000002,0.1456807940974954,0.056178247166240494,0.17381575935049204,0.2910380243759064,0.10519173052482769,0.5114807725415449,0.3856256239932438,2.766738627144658

21.13000000000002,79.05000000000003,0.07013655302043417,0.032288967381561486,0.18172003451158306,0.19887981970453808,0.22026692304438716,0.6982466426099607,0.46037288610572097,0.9029036991367532

21.13000000000002,79.06000000000003,0.06865787875738785,0.04786293447109631,0.36422745868360556,0.238346877207109,0.21906005018652225,0.7677066230878451,0.6971222424525292,1.0880435610936832

21.13000000000002,79.07000000000004,0.0673962473866993,0.10155633887331791,0.2596638544488483,0.15278266499753373,0.10284804153976919,0.437703977946622,1.5068545009625371,1.4855184655111204

21.13000000000002,79.08000000000004,0.073942542823035,0.15014563312992826,0.40284673554538575,0.2555163340800814,0.18063783935997013,0.45697032488007505,2.030571673552142,1.4145227536155542

21.13000000000002,79.09000000000005,0.06354918764228101,0.14215159264097757,0.19874877930195078,0.20563693599665078,0.08789136076149023,0.16602266029162954,2.2368750520850518,2.3396717718447686

21.13000000000002,79.10000000000005,0.050550139793592144,0.07237986447136925,0.2613221639661233,0.21448038948087034,0.21685581409974647,0.5662006321113081,1.4318430102019222,0.9890460639589395

21.13000000000002,79.11000000000006,0.0512342317627874,0.11469616780682686,0.17545870151561097,0.2855478221867367,0.15872179239471054,0.20941414434896025,2.238662777535137,1.7990461026090834

21.13000000000002,79.12000000000006,0.06653740189351916,0.07791638759123899,0.26933626814236344,0.27915315185627476,0.1937620749308253,0.551240940379876,1.1710163796119988,1.440700672780598

21.13000000000002,79.13000000000007,0.051097256865986096,0.06831598523347278,0.12164530630012732,0.22195789492381177,0.06034533264087159,0.28073783141839687,1.3369795032040306,3.6781286114854876

21.13000000000002,79.14000000000007,0.045894626519684054,0.04974549327067909,0.22163665790451137,0.09943082771052715,0.17980185509624289,0.6333915617741895,1.0839066996427729,0.5530022346098954

21.13000000000002,79.15000000000008,0.07035290683075582,0.025666847729929606,0.12767461350719633,0.4,0.1453562968157732,0.6652327745396889,0.3648299530137676,2.7518587669564827

21.13000000000002,79.16000000000008,0.05939068347737321,0.07996305173762047,0.3415923233191344,0.34481012791911664,0.1881564535395404,0.6206284796729905,1.346390492937262,1.8325713588314358

21.13000000000002,79.17000000000009,0.11203978965747946,0.10170213959680346,0.34475893397597424,0.2728872377421779,0.19112338990489067,0.5444075838004929,0.9077323316738384,1.4278066004124086

21.13000000000002,79.18000000000009,0.01,0.09133505319940252,0.10097372695157499,0.16927573528862888,0.14848923447373555,0.05012081996252726,5.0,1.1399865840413592

21.13000000000002,79.1900000000001,0.09942520555767252,0.10189571974673478,0.40828857455006723,0.256498258417031,0.11497851804520226,0.6005532866619993,1.0248479655910234,2.230836355823516

21.13000000000002,79.2000000000001,0.10394255577492748,0.05701015757212667,0.5,0.18336056991564034,0.18382480910897264,0.7952993968354717,0.548477542160173,0.9974745558266591

21.13000000000002,79.21000000000011,0.01,0.11898984766739656,0.28130063867364496,0.30956991573674353,0.14165227502974143,0.4054825095878341,5.0,2.185421416304142

21.13000000000002,79.22000000000011,0.05603937217758803,0.04179472320213434,0.21348857397754684,0.23917520235962458,0.10084075232361558,0.6725620226822343,0.7458099815091864,2.3718109654208894

21.13000000000002,79.23000000000012,0.05505677402012468,0.12534111655373664,0.5,0.16560852991480776,0.09829238842711333,0.5991272178792606,2.276579377503362,1.6848560951301506

21.13000000000002,79.24000000000012,0.023854649158463734,0.05403131924292856,0.14750315016976118,0.18724714306126117,0.07026177918437845,0.4638007143534675,2.2650225814474303,2.6649929018078895

21.13000000000002,79.25000000000013,0.042625499372272044,0.06384259050587605,0.2823106466869225,0.29838316997988906,0.11842544202184428,0.6311310501951256,1.4977558338619765,2.519586709018927

21.13000000000002,79.26000000000013,0.032522724636023376,0.03508859237537029,0.2991622272632055,0.3316068492774291,0.19889460230371628,0.7900463343496731,1.0788946086213025,1.667249112192263

21.13000000000002,79.27000000000014,0.11828811330270686,0.07352391412457181,0.41661476204525516,0.32628320944403266,0.15247148998526897,0.6999872985575369,0.6215663772932346,2.1399620956125

21.13000000000002,79.28000000000014,0.09367035179442196,0.17213624784085124,0.31897389751269295,0.3263906934645285,0.11691161470384513,0.2989912772749501,1.8376812338109934,2.7917730330912662

21.13000000000002,79.29000000000015,0.10362665284982281,0.11384512353775536,0.2340366104211694,0.20101625918381058,0.18346279690900105,0.3454952505872465,1.0986085171821622,1.095678592395756

21.13000000000002,79.30000000000015,0.08701016192129506,0.13217688448111842,0.1896815629612194,0.04,0.10141616891382756,0.17866449962459577,1.519097096368688,0.39441442512530933

21.13000000000002,79.31000000000016,0.031368446863481066,0.11374570183735436,0.2515178179754019,0.23890120166657033,0.14762751371663582,0.3771855349008152,3.6261183720627397,1.6182701685493606

21.13000000000002,79.32000000000016,0.04938439201160466,0.04853320685878204,0.18590726390550155,0.21767198688090766,0.13369848136372103,0.5859656250487769,0.982764083621825,1.6280812205034112

21.13000000000002,79.33000000000017,0.07968123683683535,0.07926843102689443,0.2922825319784847,0.2272987467424893,0.18145653127941433,0.5733105875200633,0.9948192833619268,1.2526346944614615

21.13000000000002,79.34000000000017,0.028216165733239394,0.06111203483529812,0.2319803820139682,0.22097281429231883,0.06345858145402157,0.5829845376321934,2.165851845232158,3.4821581081860016

21.13000000000002,79.35000000000018,0.08614995290516933,0.14536299616155815,0.1398962206710423,0.12406164866355321,0.09963011270926372,-0.019164237879148064,1.6873253100072594,1.245222404807092

21.13000000000002,79.36000000000018,0.05743023805525358,0.04408845414294398,0.4157145788375082,0.25561859897957706,0.06004771704526975,0.8082289544826479,0.7676871202198013,4.256924511570935

21.13000000000002,79.37000000000019,0.053275375773509645,0.1275279075755608,0.24133274765711432,0.2605551419822234,0.12880016390953283,0.30853071054410247,2.3937495603662566,2.0229410729860486

21.13000000000002,79.3800000000002,0.08572879904610224,0.12731815480434702,0.16518631950248747,0.26376371474416993,0.2021713751816178,0.1294618305409951,1.4851270060060755,1.3046541053438259

21.13000000000002,79.3900000000002,0.07760789934457864,0.16460480806863964,0.27607408655126503,0.2819603902501307,0.1161476395173198,0.2529489835302306,2.1209800709293423,2.4276032744111413

21.13000000000002,79.4000000000002,0.05333101502542499,0.09730829718326105,0.3006371565967855,0.30922033817340844,0.11570580309021353,0.5109465566977284,1.824609881405958,2.672470434910412

21.13000000000002,79.41000000000021,0.09881989410092476,0.11955288638320248,0.12005332744211673,0.18639794119226955,0.1846462212092028,0.002088597998840843,1.2098058528591675,1.0094868980835159

21.13000000000002,79.42000000000021,0.03148810017200034,0.1821460734615496,0.32876476671259686,0.20984142064586683,0.19430747792276087,0.2869751073834606,5.0,1.0799451610466908

21.13000000000002,79.43000000000022,0.08227806820832512,0.06599433292264793,0.19178424313099457,0.2208787407077294,0.1362714466365563,0.4879765886105782,0.8020889926018165,1.620873234983248

21.13000000000002,79.44000000000023,0.08147303773904865,0.02911839009870132,0.46850288091910025,0.22173896143745614,0.1747557427024903,0.8829696725652705,0.35739909632712097,1.2688507849957553

21.13000000000002,79.45000000000023,0.05427360682057737,0.02,0.3506960512076954,0.2837752359180138,0.08649227295609829,0.8920948848554145,0.36850324006044954,3.280931647315583

21.13000000000002,79.46000000000024,0.07322399066726056,0.11866848115444878,0.25921000098909075,0.2586568127115669,0.2090587166962662,0.3719225265228628,1.6206229667491312,1.2372448117704438

21.13000000000002,79.47000000000024,0.025786592708437868,0.026000000000000002,0.2255832229682878,0.430456848923867,0.247415314696848,0.7933089517424398,1.0082758972132333,1.7398148909145492

21.13000000000002,79.48000000000025,0.09092081057620392,0.07490723788247843,0.2905032292436609,0.36745282859191924,0.16586078955943157,0.5900104422234788,0.823873405058446,2.2154291520402407

21.13000000000002,79.49000000000025,0.05753293590670716,0.13924628572601977,0.36317907415835277,0.26193056493956013,0.0354034189328552,0.44570359354332395,2.4202881930062894,5.0

21.140000000000022,79.0,0.05319830938442864,0.1057270214731963,0.25585058714148134,0.04,0.12040848688011052,0.41519043782035786,1.9874131809422069,0.3322024967111109

21.140000000000022,79.01,0.10023027677510644,0.11515779456736655,0.23758411928631612,0.31347827262890804,0.1787812660834657,0.34707053479055777,1.1489322204593009,1.7534179017795746

21.140000000000022,79.02000000000001,0.04750968928371693,0.10685159423203372,0.2660370290817918,0.18877365627090542,0.1268858501416814,0.42689807318979733,2.2490484702822564,1.4877439518381708

21.140000000000022,79.03000000000002,0.026266161109092856,0.1489346325325352,0.20071410687630722,0.1701961254718286,0.21138992771250437,0.14808997857823694,5.0,0.8051288310329844

21.140000000000022,79.04000000000002,0.021701124794282472,0.059507344770447494,0.22767940731569938,0.1981088307507433,0.17700786322179263,0.5855843323728498,2.742131804703161,1.1192092093139954

21.140000000000022,79.05000000000003,0.08646029854036871,0.07034019446165804,0.054320756109503196,0.19443498672297632,0.11209622496170944,-0.12850406054107483,0.8135548404041237,1.7345364361372477

21.140000000000022,79.06000000000003,0.029747119425110966,0.06633362218916623,0.36117262308524084,0.26825888670737613,0.14885324053856183,0.6896717979824052,2.2299174927902126,1.8021702823302936

21.140000000000022,79.07000000000004,0.12068382545953033,0.1302676724745035,0.2945797780321807,0.1159394954611627,0.10236833896804456,0.3867555408960057,1.0794128531353666,1.1325718138700809

21.140000000000022,79.08000000000004,0.01,0.13289594353580153,0.18825441559666198,0.1493595477945862,0.13775075607937692,0.17237555702308718,5.0,1.0842738866717543

21.140000000000022,79.09000000000005,0.11869369104870042,0.11474901277273923,0.45637349813552935,0.24852109879381734,0.11897033797837131,0.5981632290411403,0.9667658968409765,2.0889332820934317

21.140000000000022,79.10000000000005,0.07401052401607777,0.18701767067827474,0.2761016480392446,0.3213672985547155,0.20525809001165074,0.19235642682414458,2.526906448939033,1.5656742123046494

21.140000000000022,79.11000000000006,0.06465860664388738,0.0492183653049435,0.16468564280248668,0.2688079151455187,0.25214060284154843,0.5398088538180665,0.7612036167110336,1.0661032456079045

21.140000000000022,79.12000000000006,0.051092427395730604,0.1628489644620441,0.35487374214705264,0.16850746047466678,0.07460058333821103,0.3709027539193975,3.1873405207778025,2.2587954773066277

21.140000000000022,79.13000000000007,0.07929408343056116,0.15690954486848888,0.3099048216509335,0.15482140455136076,0.049819185689510916,0.32774329095825877,1.9788304231804827,3.107666295581196

21.140000000000022,79.14000000000007,0.06607095892725351,0.1252248798898283,0.31045799854842965,0.18753556163484308,0.13354137890742915,0.4251558364654345,1.8953089486437529,1.40432548344742

21.140000000000022,79.15000000000008,0.10017905646049455,0.16689195635084075,0.22932443953484916,0.23949109265992802,0.06969921505856422,0.15757168006309175,1.665936594741843,3.4360658454344275

21.140000000000022,79.16000000000008,0.07038682945986004,0.02917507169288732,0.3178495723778122,0.3263834158490756,0.14775058018354412,0.8318559086049448,0.4144961759937712,2.2090161353188735

21.140000000000022,79.17000000000009,0.07134905284385512,0.07428207454949211,0.24752417097789967,0.07877939699604442,0.18270680569029452,0.5383428655669987,1.0411080663950087,0.43117932391891894

21.140000000000022,79.18000000000009,0.055811633633583047,0.06566786157271999,0.33019414516459383,0.20634898701291116,0.21978709486333933,0.6682285216135566,1.1765980886025602,0.9388585214583701

21.140000000000022,79.1900000000001,0.06489163128836664,0.12375917295029173,0.08500555459894617,0.12821250912823237,0.15496972793576202,-0.18563297922845748,1.9071669227979757,0.8273390600430366

21.140000000000022,79.2000000000001,0.07571405306676038,0.05271437041591208,0.23301265370209162,0.1055430125852522,0.13506223875751894,0.6310158578091505,0.6962296721826338,0.781439827134752

21.140000000000022,79.21000000000011,0.01505494822029977,0.12483980597349723,0.44951550978083044,0.2885869651741335,0.04562075417134358,0.5652871921702209,5.0,5.0

21.140000000000022,79.22000000000011,0.025794437336827087,0.14918144575986625,0.2014932544599814,0.2587237202149499,0.14566925745928763,0.1491747441500683,5.0,1.7761037884719697

21.140000000000022,79.23000000000012,0.08841792282067987,0.1219881160033576,0.21871617025069323,0.2517603461163044,0.14774436302747068,0.28390618528003614,1.3796763368077953,1.7040267444862915

21.140000000000022,79.24000000000012,0.07112596314383661,0.13695505323039484,0.23520386615501485,0.3413661705373985,0.1759478407106348,0.2639969319033661,1.9255282738439767,1.9401554970191217

21.140000000000022,79.25000000000013,0.06036049990941792,0.05430506636396748,0.1594193864111485,0.18611967722636621,0.10839559492354288,0.49182168270002163,0.8996788687220015,1.717040966341318

21.140000000000022,79.26000000000013,0.06631301799196003,0.059765961354982765,0.06097192237718806,0.1891153738566486,0.12188736998820436,0.009988257073327702,0.9012704152916388,1.5515584077316162

21.140000000000022,79.27000000000014,0.0760674511608483,0.14344475621186392,0.2596413601476525,0.37210114317057563,0.06955988723478802,0.28826744259116316,1.8857573618441261,5.0

21.140000000000022,79.28000000000014,0.049327209590717264,0.1617901482030736,0.29718594240817986,0.24184803144219003,0.03,0.2949953100940178,3.279937162825579,5.0

21.140000000000022,79.29000000000015,0.042050858237928666,0.09153921922489532,0.27924949314614944,0.2699592479137815,0.0876751454601579,0.5062459228337826,2.176869220819913,3.079085254880475

21.140000000000022,79.30000000000015,0.07115535765292844,0.07620361816936136,0.27091214380522644,0.21864670786742701,0.06440370928734614,0.5609325386786277,1.0709470175662938,3.394939669583475

21.140000000000022,79.31000000000016,0.035808816671546964,0.02,0.29060408708505436,0.08852190289450573,0.15957561477102744,0.8712186936671941,0.5585216659795259,0.55473327153432

21.140000000000022,79.32000000000016,0.07728758267143201,0.04972590325261925,0.38948414715509244,0.07447596973390587,0.11665329716665392,0.7735666419967494,0.6433879993333101,0.638438616644189

21.140000000000022,79.33000000000017,0.01384249187286259,0.16883676348558566,0.26905538140709484,0.17677110460420115,0.11546814349625724,0.2288659869045707,5.0,1.5309079985064467

21.140000000000022,79.34000000000017,0.09567466911976706,0.04098177715989794,0.23159174229129,0.2909270876168936,0.092979347691236,0.6992974425587826,0.4283451146903032,3.12894308820174

21.140000000000022,79.35000000000018,0.07885792447238897,0.09959919284883975,0.2617874515112088,0.27188041596451445,0.03,0.44879427933673693,1.2630207222536143,5.0

21.140000000000022,79.36000000000018,0.07224089202941389,0.13213775892780438,0.34873467597569546,0.28038540149567637,0.21725553743737394,0.4504248970858865,1.8291268979775328,1.2905788486401288

21.140000000000022,79.37000000000019,0.09392072951836297,0.041463093279904634,0.4329026878543433,0.1470067674744518,0.0916464738611569,0.8251851420563169,0.4414690287052237,1.6040635402597005

21.140000000000022,79.3800000000002,0.11428423333387479,0.12852894468861145,0.22978562608310094,0.39469328917026686,0.12085899650750088,0.282591581883346,1.1246428385327423,3.265733625541046

21.140000000000022,79.3900000000002,0.09463110195054135,0.12881662150042236,0.3033933787029076,0.14795746898694667,0.0685553917355306,0.40391651530497963,1.3612503575370278,2.158217829779275

21.140000000000022,79.4000000000002,0.01,0.09161997287628608,0.3282357441936157,0.23009770790689124,0.18971651717202775,0.5635644857054047,5.0,1.2128501577802122

21.140000000000022,79.41000000000021,0.025572690997926265,0.2,0.19604219932713787,0.2141753397064517,0.14811144685186217,-0.009993381206818282,5.0,1.4460417753940449

21.140000000000022,79.42000000000021,0.04509544266912688,0.02401602964486806,0.2982417167213125,0.20242883257797206,0.09944173573670242,0.8509514203570065,0.5325600142750976,2.035652644985896

21.140000000000022,79.43000000000022,0.0645027315063222,0.13292914119535093,0.15053261426581158,0.30800144968068544,0.12096851943279459,0.06210175702754493,2.060829640621328,2.5461289504926627

21.140000000000022,79.44000000000023,0.07912977061407082,0.08348793050413712,0.12109496962608168,0.16464226358837558,0.22430899610623922,0.18382298363951755,1.0550761079014643,0.7339975942694535

21.140000000000022,79.45000000000023,0.0417076856053931,0.1574258480515014,0.33557464078924776,0.14307315852018923,0.13657152840593167,0.3613562191804581,3.7745045161099675,1.047606042675104

21.140000000000022,79.46000000000024,0.06896300293430936,0.10769228606796535,0.2614125258669442,0.21479968403444183,0.13095332311920022,0.41646772078506566,1.5615950774995693,1.6402766936650612

21.140000000000022,79.47000000000024,0.040578512029397266,0.06053375211559556,0.3209280407621449,0.1851121285999355,0.09279092569303214,0.6826222008077864,1.491768646483754,1.9949378349001876

21.140000000000022,79.48000000000025,0.04477446591023843,0.09883985569836892,0.29981050229918843,0.4,0.04495094247638015,0.5041275958207924,2.2075049577535446,5.0

21.140000000000022,79.49000000000025,0.02080016709455015,0.02,0.2048599951336441,0.2598555233507903,0.131498066321028,0.8221115318514643,0.9615307325625824,1.9761166869084588

21.150000000000023,79.0,0.041103002616672685,0.12232990002285549,0.25447456980356775,0.19834615973469583,0.1644742556162306,0.3506982542073227,2.9761791581527106,1.205940460839688

21.150000000000023,79.01,0.02812946183150974,0.10994633863962067,0.13658986949851634,0.1527721901569033,0.2029992232163831,0.10807147172945833,3.908583068788181,0.7525752446786518

21.150000000000023,79.02000000000001,0.03928380241067971,0.12338640674572363,0.3998972358001424,0.09477981126018428,0.035415173275016754,0.5284148146812004,3.1408977456339606,2.6762486874353595

21.150000000000023,79.03000000000002,0.10004925389823481,0.13998473300348546,0.1261029655140064,0.15433466399837875,0.09140518364884798,-0.05216989572086332,1.3991581886852975,1.6884673020563117

21.150000000000023,79.04000000000002,0.03983803333504128,0.11218479360838779,0.2430214729031451,0.23384592402313814,0.11844294547217683,0.3683400085895593,2.816022376990897,1.9743339115172291

21.150000000000023,79.05000000000003,0.1471714619451212,0.10322357679193031,0.15927284119527887,0.3254130056116326,0.14712595757133917,0.2135239208663309,0.7013831034734374,2.211798725134311

21.150000000000023,79.06000000000003,0.08287953702642613,0.061877266533547484,0.32144211733608374,0.30371823996715297,0.13986831542357803,0.6771503390058159,0.7465928102271934,2.1714584810021127

21.150000000000023,79.07000000000004,0.0735050837108456,0.06845116945403704,0.23215686287185433,0.24093663821524502,0.1408555657156356,0.5445818998804548,0.9312440161307202,1.7105226678128183

21.150000000000023,79.08000000000004,0.04208926659456292,0.14422938480709224,0.21433332803788407,0.20197826340082436,0.1671648029284962,0.19551375728671966,3.4267497662467887,1.2082583159948663

21.150000000000023,79.09000000000005,0.08872929638226901,0.15403341622823802,0.352420154505161,0.24311686494884893,0.10141534446104342,0.3917175229912309,1.7359927592688498,2.3972394512993374

21.150000000000023,79.10000000000005,0.050330865212865984,0.08687558254751664,0.27094305916776124,0.1876953401760777,0.19310707211168351,0.5144155589167668,1.726089587522128,0.9719754850320889

21.150000000000023,79.11000000000006,0.07114029443935999,0.09806010989012967,0.3205644445936032,0.34398547970346915,0.16789262208497274,0.5315128610282425,1.3784046091610669,2.0488421422383243

21.150000000000023,79.12000000000006,0.14416253614806293,0.05985542500024798,0.17166740634826044,0.21015668731074208,0.13004838679359465,0.48294149068784115,0.4151940341646995,1.6159884203922643

21.150000000000023,79.13000000000007,0.06435820300825952,0.18560135595390523,0.1302183056072567,0.26046761990727196,0.2259053995944443,-0.1753628955693967,2.883880329003247,1.1529942190827485

21.150000000000023,79.14000000000007,0.10159819978856922,0.12229667294766958,0.2823207962040212,0.0676924302485506,0.22350080177858678,0.39549484492675036,1.2037287381253015,0.30287332161485225

21.150000000000023,79.15000000000008,0.04590470724622227,0.1731486974585483,0.2406153644505352,0.20881956074340377,0.19214476775968875,0.16305588906004545,3.7719159421413364,1.0867824457020425

21.150000000000023,79.16000000000008,0.06583034528508998,0.060187076912808696,0.3360434672454032,0.28075388965754294,0.03,0.6962017298515656,0.9142755755074706,5.0

21.150000000000023,79.17000000000009,0.11988401906906407,0.08001968403926947,0.26630915473375427,0.14715941960729875,0.22408725463589693,0.5378976561717549,0.6674758203295078,0.656705887984289

21.150000000000023,79.18000000000009,0.047830988266365684,0.13548318797132725,0.2957075339234727,0.20285949190259986,0.18469792612359479,0.3715857920386277,2.83254000384817,1.098331183518643

21.150000000000023,79.1900000000001,0.12089345673990651,0.1206395815090288,0.1137617470058858,0.2767897712413532,0.2451004318856448,-0.02934213105268795,0.9979000076802015,1.1292912419573555

21.150000000000023,79.2000000000001,0.08763255806366285,0.08597329449809259,0.46584369396143627,0.11763399435373273,0.2064732295866748,0.6883992471035785,0.9810656712489049,0.569730005832928

21.150000000000023,79.21000000000011,0.04940599672317049,0.05950155638184977,0.2614758014968079,0.29474607052793056,0.22333713387486204,0.6292476403534598,1.2043387484886177,1.319736065750293

21.150000000000023,79.22000000000011,0.0851322321716641,0.12949630115694055,0.34855869703393144,0.18314992768787902,0.18817274250901667,0.45823680676946427,1.5211195301881313,0.9733074256584866

21.150000000000023,79.23000000000012,0.0952166334888003,0.12290541450182087,0.19609083297804936,0.1929002245656118,0.2114946599322732,0.22942407326564035,1.2907977300751516,0.912080827649152

21.150000000000023,79.24000000000012,0.08457429886651423,0.057229035977448516,0.31140099022174655,0.14112851164120427,0.24358618703671953,0.6895042077717288,0.676671715601301,0.5793781383916977

21.150000000000023,79.25000000000013,0.018693258403284587,0.14791771204421725,0.15121552364753837,0.24596323822994753,0.1545277369189077,0.011024557651015846,5.0,1.5917093136480214

21.150000000000023,79.26000000000013,0.04386588472525216,0.14032794836786147,0.32760678382598046,0.3913910389520522,0.06490847279609083,0.4002242674743714,3.1990224049254614,5.0

21.150000000000023,79.27000000000014,0.05813444093345302,0.09871185988990896,0.24770259156143057,0.27360480676223964,0.12796695499924013,0.43009386878722866,1.6979927584253538,2.1380895290511157

21.150000000000023,79.28000000000014,0.0632069971269967,0.09634391449503861,0.287119050393571,0.1581000316641577,0.16265727996916896,0.4975060261796056,1.5242602674042014,0.9719825119227783

21.150000000000023,79.29000000000015,0.08394016292651837,0.11514231084463333,0.3548974030130245,0.2977934409843984,0.14672437921857492,0.5100741172478648,1.3717189327861752,2.0296111823231175

21.150000000000023,79.30000000000015,0.07053103002799559,0.07583144034667062,0.16274596887798717,0.2349989181415169,0.08047190169202562,0.36430326231366966,1.0751500468525155,2.9202605245847963

21.150000000000023,79.31000000000016,0.02501966923869487,0.09382125916656016,0.21845082693873596,0.31391394869992395,0.06106661874024791,0.39910569428943754,3.7499000445005186,5.0

21.150000000000023,79.32000000000016,0.07636593553017675,0.02,0.3335324281086927,0.2738673481515,0.1053818665682553,0.8868562063664843,0.2618968763357468,2.5988090438143514

21.150000000000023,79.33000000000017,0.08315757235851248,0.16551369356614834,0.4985221474546913,0.048,0.18264697779920422,0.5014916865427793,1.9903622565307992,0.2628020488052605

21.150000000000023,79.34000000000017,0.08151371343792892,0.029620271102322217,0.2757917665338689,0.14651442569314238,0.22109698854114507,0.8060307552257804,0.36337776573680075,0.6626703809654545

21.150000000000023,79.35000000000018,0.09702342176663631,0.15203679313715648,0.3496136117924108,0.2826069655984714,0.18772838068888156,0.39385360138124303,1.5670112454510097,1.50540352189097

21.150000000000023,79.36000000000018,0.08949766463646473,0.0785151962413384,0.28070285301417,0.22681600905014523,0.1945913643557032,0.562854948785527,0.8772876529520032,1.165601616929808

21.150000000000023,79.37000000000019,0.07813540237685064,0.10799531693957402,0.48652455947564843,0.17308450039253315,0.1374992213418184,0.6366973712549748,1.3821560203976688,1.2588034941403092

21.150000000000023,79.3800000000002,0.062135028656238066,0.066250643756616,0.11847783330349333,0.17124873391542678,0.05425587711469801,0.2827240842872892,1.066236631458302,3.156316747728027

21.150000000000023,79.3900000000002,0.014291171994517682,0.07965844504311308,0.30356210446695514,0.0818634365937369,0.11841897095586086,0.584268405365179,5.0,0.6913033939056953

21.150000000000023,79.4000000000002,0.07688854657397494,0.14774125380591752,0.13244559664381372,0.20881386987314568,0.12806177940637709,-0.0545909172114732,1.9214988473169392,1.6305713592145374

21.150000000000023,79.41000000000021,0.07011063061489063,0.02,0.05,0.36944828082109676,0.11596737565821182,0.4285714279591837,0.2852634443032082,3.1857949566038672

21.150000000000023,79.42000000000021,0.07190736511585843,0.14171861544352338,0.32654620531180234,0.2707453373512559,0.14337474326872715,0.39470739982276604,1.9708497873353978,1.8883753929725307

21.150000000000023,79.43000000000022,0.025337542725387893,0.1039809392440641,0.31164977961476703,0.36742919008318253,0.16253098799464327,0.49964747767181483,4.103828850360206,2.2606716072459068

21.150000000000023,79.44000000000023,0.031088303787749245,0.041999134085707046,0.2701163062258015,0.2755677962852914,0.18293075941217055,0.7308743580238563,1.3509625432559336,1.506404920747938

21.150000000000023,79.45000000000023,0.09499458559998417,0.04708750427802606,0.2888805909960468,0.28542355403468106,0.12619400678167886,0.7196906195774454,0.4956861902291965,2.2617837493843735

21.150000000000023,79.46000000000024,0.06209334538429734,0.1569757210883236,0.5,0.35138550814214414,0.0447320297177658,0.5221262641048918,2.5280602915496133,5.0

21.150000000000023,79.47000000000024,0.08360502092117567,0.051919724802286155,0.2754824861968796,0.23930842815394818,0.11559611403543864,0.6828382760276449,0.6210120417185927,2.070211701697529

21.150000000000023,79.48000000000025,0.0638895512839107,0.05645377344900401,0.353212436125031,0.23939290499341262,0.1417455198495945,0.7243913597661698,0.8836151174356307,1.6888922138670914

21.150000000000023,79.49000000000025,0.06381268418486917,0.13487258169458438,0.23816351803863586,0.28458602616353285,0.2005203961066656,0.2768926020570973,2.1135701029672007,1.419237302275352

21.160000000000025,79.0,0.09686851417927972,0.14510874956686717,0.2891232575040618,0.39428257991823773,0.11968960789079443,0.331653368611553,1.4979970596896632,3.29420896715246

21.160000000000025,79.01,0.05311865815347852,0.07849787002010676,0.2366766324944402,0.23148297001217363,0.1735271814199697,0.5018767735402231,1.4777833740739537,1.3339868024395607

21.160000000000025,79.02000000000001,0.07136362330822918,0.10638499901618427,0.22034815172702943,0.17569016423619713,0.16222439498177113,0.34879580604764393,1.4907454797750175,1.083007054195754

21.160000000000025,79.03000000000002,0.05449174133884835,0.05650989265438834,0.44418985322003535,0.23561992227016065,0.14973502665616883,0.7742763276445723,1.0370359097039465,1.5735791910188675

21.160000000000025,79.04000000000002,0.05520511317703009,0.14139285593690354,0.3809184963184372,0.28380492068521523,0.1938866659662289,0.45858785052517625,2.5612275302718146,1.4637670884921583

21.160000000000025,79.05000000000003,0.05884483629594031,0.1396348385949246,0.27777466473992685,0.281166373406308,0.1141379401623702,0.33094557025715365,2.3729327354295773,2.4633909877818687

21.160000000000025,79.06000000000003,0.07466401314901082,0.11828024795287688,0.05,0.12530826798686662,0.11824067751782333,-0.40575319292031176,1.5841667599409937,1.059772918351222

21.160000000000025,79.07000000000004,0.05351754135009505,0.14467237518484363,0.22979907767474775,0.43021490963331704,0.14622495884528763,0.22732494511161042,2.703270203840552,2.9421441642824373

21.160000000000025,79.08000000000004,0.10543268376720494,0.16708752499469393,0.5,0.17951845494221874,0.11463267474531397,0.4990536660958376,1.5847792057076417,1.5660321560537782

21.160000000000025,79.09000000000005,0.040801780933414133,0.12538168902418625,0.24463383333603483,0.24665454026135705,0.17186061455272886,0.3222895718507834,3.072946470682405,1.4352010829226984

21.160000000000025,79.10000000000005,0.06191385067515842,0.04900503498316674,0.3789217572053719,0.16061419480085057,0.11062038478169213,0.7709653337147254,0.791503587155799,1.4519402999060846

21.160000000000025,79.11000000000006,0.05420806825177388,0.14830264346727828,0.4136942401952666,0.48,0.1574152103872554,0.4722296589105674,2.735803875262515,3.049260605212363

21.160000000000025,79.12000000000006,0.11068933653061104,0.17936188198148315,0.29229639158560455,0.24014494692015537,0.14091136156066075,0.23944138353827416,1.6204079583568556,1.7042269983769405

21.160000000000025,79.13000000000007,0.07305664329534625,0.055149620272564426,0.18711783681319225,0.16333174435228798,0.15648629823883378,0.5447211857242643,0.7548885044460925,1.0437446989680337

21.160000000000025,79.14000000000007,0.097995336184058,0.08110148933223899,0.05,0.2830746484973686,0.12257293024684646,-0.23723215858896915,0.8276056025477683,2.3094385334212704

21.160000000000025,79.15000000000008,0.022353188808889726,0.11203784152405644,0.34151632086090383,0.27613950455169956,0.12842558527365697,0.5059560650475936,5.0,2.1501907407956584

21.160000000000025,79.16000000000008,0.07481150797607658,0.09304380603976867,0.19252439971765406,0.20885910834940516,0.15000046339985074,0.3483601872946376,1.2437098039134766,1.3923897531797491

21.160000000000025,79.17000000000009,0.09336892386870187,0.055727856784905556,0.2925150451887785,0.2805424698948337,0.15512372530806376,0.6799483549955359,0.5968565815708239,1.8085078163049992

21.160000000000025,79.18000000000009,0.06902851967826143,0.13971431424921688,0.15081796604107336,0.1636295627418362,0.14462990423044025,0.0382183066781435,2.024008550350169,1.1313674270846978

21.160000000000025,79.1900000000001,0.09840441125195917,0.18746162888068835,0.25017624595299004,0.1865957207535489,0.22992811782565215,0.1433025354165376,1.9050124512223516,0.8115393734222845

21.160000000000025,79.2000000000001,0.05080134649698741,0.10232525836095414,0.280971905490116,0.08008483418037199,0.09494315406293363,0.4660787084559985,2.014223346729596,0.8435029875133175

21.160000000000025,79.21000000000011,0.1084804232055659,0.05813726841055776,0.305359358104441,0.12782342410462688,0.14108981025236209,0.6801221018090247,0.5359240555947836,0.9059720456452289

21.160000000000025,79.22000000000011,0.13504694370857595,0.032161578997858674,0.1679177812647702,0.34673415639694416,0.06543854889414844,0.6785117766313504,0.2381511057625008,5.0

21.160000000000025,79.23000000000012,0.05507484318680862,0.10425903924884483,0.3999910948761473,0.33480000394055803,0.1625440739333669,0.5864788833062549,1.893042867247099,2.0597490614873513

21.160000000000025,79.24000000000012,0.052474924357975176,0.1379150937326478,0.2215105215268154,0.2242052054054232,0.08799767318115678,0.23258060700699767,2.628209476377576,2.5478537902823506

21.160000000000025,79.25000000000013,0.10932153431352928,0.11258670985981266,0.11465305395468847,0.3357052013032843,0.12966448720616858,0.00909323288882343,1.0298676327934828,2.5890296431790514

21.160000000000025,79.26000000000013,0.11298716437191958,0.09330384636324315,0.2720976580036671,0.20779478593741416,0.124796783733431,0.48930781470445484,0.82579155605265,1.6650652328890334

21.160000000000025,79.27000000000014,0.049794199185400095,0.06964913392842498,0.28733753090265995,0.2016612788202418,0.1572645563300558,0.6097941978204116,1.398739912037233,1.2823059651710629

21.160000000000025,79.28000000000014,0.052754395487122366,0.06415949109865561,0.3008589433171904,0.266826894471101,0.11540045412273811,0.648458899158035,1.2161923264327434,2.312182358971394

21.160000000000025,79.29000000000015,0.05678646173418281,0.1262500530529923,0.42191324036852274,0.20935548832734546,0.1130947151152979,0.539370641576762,2.2232421069240775,1.8511518237505296

21.160000000000025,79.30000000000015,0.02478648466896965,0.12923086485542037,0.2629551163264294,0.20273625735078227,0.21447282320429184,0.34097152334189695,5.0,0.9452771415385443

21.160000000000025,79.31000000000016,0.037440441605471955,0.030670808532367522,0.27553803756313866,0.29753786750046346,0.15672833952372317,0.7996739221388461,0.8191892813028686,1.898430546860886

21.160000000000025,79.32000000000016,0.0347557769974358,0.20268762686539138,0.17808156187670687,0.27325139493231454,0.11426745739888336,-0.06462199597480675,5.0,2.391331713449429

21.160000000000025,79.33000000000017,0.041726073046873924,0.11510284883575672,0.3713553502888064,0.26677372351036077,0.12959831640943512,0.5267718826849419,2.758535375006409,2.058465963876459

21.160000000000025,79.34000000000017,0.06359945337839427,0.14794378580582832,0.30863090640782753,0.2887966367694075,0.2242277476135338,0.3519404892718211,2.3261801432945823,1.2879611899699621

21.160000000000025,79.35000000000018,0.07154644197609328,0.03809489006059188,0.24909722727060135,0.24347300569582547,0.13002175608744163,0.7347079686494611,0.5324498179808302,1.8725558924525718

21.160000000000025,79.36000000000018,0.11091501478441991,0.03696703378337884,0.1015325306534717,0.14808100718641723,0.10713616884237699,0.46617833843740303,0.3332915189336692,1.3821756802416778

21.160000000000025,79.37000000000019,0.034329378777833805,0.08546122760930441,0.4373412195055273,0.12099938777251108,0.10717019249367664,0.673064928771512,2.489448699710848,1.1290395663584019

21.160000000000025,79.3800000000002,0.09368967195429498,0.11135137707580398,0.17103200355441328,0.225814644436505,0.11378367595051733,0.21134610090820757,1.188512827873639,1.9845961413326856

21.160000000000025,79.3900000000002,0.057620334673232146,0.16291443291707466,0.23557219906304888,0.2031120586622481,0.11133511387865999,0.18233426242355086,2.8273774103922333,1.824330630327278

21.160000000000025,79.4000000000002,0.06243608871042436,0.11912315655260128,0.3314344511076202,0.22091740002440188,0.07689760758253385,0.4712189759938692,1.9079215053700227,2.8728774103928334

21.160000000000025,79.41000000000021,0.0840445847649954,0.0809927489275146,0.1768442071383517,0.21337621725259218,0.08448999515264702,0.37175220975373263,0.9636878932487667,2.525461347400268

21.160000000000025,79.42000000000021,0.02999833935312827,0.04946523169336015,0.1480490221747065,0.3950501562116528,0.09905398128192733,0.4991224101592435,1.6489323274259384,3.988230969620882

21.160000000000025,79.43000000000022,0.07503229238551869,0.13954002290876175,0.08590524172995481,0.12078416210509924,0.16991855092265062,-0.23790600011478544,1.8597329001468685,0.710835640830049

21.160000000000025,79.44000000000023,0.06843356624638879,0.05157178296996706,0.3712996952905854,0.074303761112514,0.12109813563635197,0.756087673635934,0.753603614765994,0.6135830304958944

21.160000000000025,79.45000000000023,0.07809353792024151,0.15511874219088845,0.24558137552739,0.23656637834636526,0.12962191554529354,0.22576143433411036,1.9863198175332042,1.8250492377671845

21.160000000000025,79.46000000000024,0.07187505931723152,0.0784246140157351,0.5,0.18665042117881878,0.20330440126274033,0.7288337593114826,1.0911241625622,0.9180835236606257

21.160000000000025,79.47000000000024,0.13673900419732374,0.1532432829047094,0.2024644934369358,0.23482475088108887,0.2043703574969163,0.13837541316812133,1.1206991281836376,1.1490157067897213

21.160000000000025,79.48000000000025,0.04382780047245738,0.11659725160236642,0.21065489765713147,0.2532718115598722,0.12533375284310855,0.28741643481595425,2.6603491409431896,2.020778965063284

21.160000000000025,79.49000000000025,0.046910091349942264,0.10891423454898592,0.2471607029714839,0.36238479439501775,0.10771682446582473,0.3882510500355714,2.321765555823063,3.3642357714840347

21.170000000000027,79.0,0.049945784207256864,0.07718414512695462,0.2845134655138505,0.12109419257312377,0.10473848431632278,0.5732117498986451,1.5453585562323457,1.1561575790211842

21.170000000000027,79.01,0.05185568642519209,0.10938679037800332,0.21407966612147092,0.22479569657999746,0.18241878848541146,0.32365914179812905,2.1094463829894905,1.2323056102016838

21.170000000000027,79.02000000000001,0.04927838618080414,0.1491524680035117,0.32323322140025373,0.30721594574598315,0.1373646383238851,0.3685140283983019,3.0267319865872397,2.2364995043190397

21.170000000000027,79.03000000000002,0.10395049593322617,0.10050625984870808,0.16504116100113753,0.27963245169810486,0.1280952554838599,0.24302590069070285,0.9668665728789098,2.183003971720392

21.170000000000027,79.04000000000002,0.11077512743969518,0.0734875436772511,0.12564082815364533,0.37894146852018584,0.10655677124312167,0.26190785356540247,0.6633938981556808,3.556240150144591

21.170000000000027,79.05000000000003,0.05091761118751519,0.11756516666348213,0.08487852605909316,0.3503991335735633,0.10857667954942979,-0.16146040485951832,2.3089293407663973,3.2272043564504367

21.170000000000027,79.06000000000003,0.04294933280687256,0.10002308118876513,0.05,0.22082479828795915,0.16288290957466134,-0.3334359003897571,2.3288622760601685,1.3557272443685444

21.170000000000027,79.07000000000004,0.08194246669159148,0.02,0.21469309805249914,0.1621694972940121,0.08092808670563592,0.8295646509638356,0.2440736871013053,2.003871630914651

21.170000000000027,79.08000000000004,0.05111330867157016,0.1148467245915469,0.23730196876068307,0.1846997103096669,0.19626343468939586,0.3477373235966516,2.2469045215759156,0.9410805966371798

21.170000000000027,79.09000000000005,0.08654795453266456,0.05715115101132658,0.2051562972516874,0.18241080239300062,0.11964776780925292,0.5642430177412755,0.6603408625182788,1.5245650259965606

21.170000000000027,79.10000000000005,0.07352769062553817,0.05002670387176897,0.3935405797187224,0.2694663539959612,0.13867820278740914,0.7744346539467678,0.6803790976994921,1.9431053214234184

21.170000000000027,79.11000000000006,0.021847676550082153,0.02848622611557026,0.3929030209608202,0.24128982119100592,0.07913110209297095,0.8647985141697451,1.303856083729761,3.0492412528589705

21.170000000000027,79.12000000000006,0.1136251560399009,0.02404430008528297,0.23751970125555694,0.1303445300410451,0.14518170308788034,0.8161497759413864,0.21161071106189233,0.8978027339462027

21.170000000000027,79.13000000000007,0.12095633019286464,0.04140209987550692,0.09250788868081128,0.19218689716366716,0.12920395286547048,0.3816428432121524,0.342289649291297,1.4874691737568488

21.170000000000027,79.14000000000007,0.04857633928546735,0.06707916169477877,0.21612948919450276,0.28382832874159675,0.14293597005717504,0.5262915768253315,1.3809019482198146,1.9857026081642979

21.170000000000027,79.15000000000008,0.05520895320191935,0.17339036550106104,0.21371786060830233,0.2467163648481813,0.21884544491809285,0.10417628037031328,3.1406204090276257,1.1273543519618798

21.170000000000027,79.16000000000008,0.07529596172174596,0.07404481296419005,0.20888650377220316,0.26160512312089096,0.1539649022895102,0.4765880720301675,0.9833835862204955,1.6991218067288196

21.170000000000027,79.17000000000009,0.07663370369960949,0.10201000425071938,0.20572810961018492,0.24830451970400527,0.10516704079270792,0.33703366809040136,1.3311375960304193,2.3610488380796713

21.170000000000027,79.18000000000009,0.08623632818018359,0.11073925546025118,0.21105371042752916,0.33505015142261685,0.1091540044726696,0.3117360090807183,1.2841369486471768,3.0695177216293175

21.170000000000027,79.1900000000001,0.1266661361629891,0.09978260744863188,0.23864583841023437,0.23742301446770245,0.17429655929568635,0.41031784597232235,0.7877607258932994,1.3621784347946135

21.170000000000027,79.2000000000001,0.06093158317517708,0.0912622615709581,0.2146458901184551,0.19357840414904753,0.20929466454966902,0.4033355365843083,1.4977825401122875,0.924908451312276

21.170000000000027,79.21000000000011,0.04217108266384489,0.046368249456027966,0.2999322508625705,0.156197147120647,0.15827590103755024,0.73220801327183,1.0995271265783455,0.9868662632658354

21.170000000000027,79.22000000000011,0.02462042315956263,0.15203710193116615,0.31603687159049787,0.2374726620746759,0.17843563722773614,0.35037147737654356,5.0,1.330858933961187

21.170000000000027,79.23000000000012,0.04395209880174081,0.16610786574551298,0.1898354912817632,0.04885071896574004,0.17430688616683282,0.0666612399448877,3.7792931372142946,0.2802569652409388

21.170000000000027,79.24000000000012,0.0647661908137844,0.026333652235090044,0.408906532600716,0.20649976987170593,0.21459322066787354,0.8789925507959518,0.4065956614639409,0.9622846851023205

21.170000000000027,79.25000000000013,0.11947673590553189,0.052498856364542205,0.1846937698159517,0.20469120980550154,0.04598049136369573,0.5573314631420346,0.43940651644610934,4.45169686729245

21.170000000000027,79.26000000000013,0.049991661028913045,0.10671386219639217,0.12181993861847984,0.14794444829614295,0.17664094696522367,0.06609996578893212,2.1346332525580634,0.837543337228119

21.170000000000027,79.27000000000014,0.07211363854916508,0.07087403466466642,0.3225778071365192,0.18422566955289071,0.19228680219517538,0.6397320984840313,0.9828104085757015,0.958077555786121

21.170000000000027,79.28000000000014,0.0647873131178155,0.11315862213823172,0.2036591865585805,0.27487602711037207,0.07598381469321841,0.28565491556186595,1.7466169920921317,3.6175602377745437

21.170000000000027,79.29000000000015,0.10081179820344052,0.0636091119037325,0.3184291470757537,0.2340498224352424,0.0984565907996762,0.6670013516080959,0.6309689240169187,2.377187959653518

21.170000000000027,79.30000000000015,0.1408479727762066,0.17916224271226103,0.05,0.22472518335950778,0.10002086256858925,-0.5636279394336174,1.2720257100876378,2.2467830946841145

21.170000000000027,79.31000000000016,0.04899393681238827,0.18200252690586288,0.4273455941483226,0.2864931928502836,0.10594049018112764,0.4026320238384385,3.7147969396973073,2.7042841890766653

21.170000000000027,79.32000000000016,0.05011681672445116,0.10070296122528534,0.35622934080405655,0.2234839311564192,0.11811414745322044,0.5592215266637911,2.009364672501587,1.8921012917247764

21.170000000000027,79.33000000000017,0.09600482631206993,0.13309945053278593,0.1398523450837166,0.30370037940007644,0.1541501406527437,0.02474024592219378,1.3863829091414555,1.9701595984087408

21.170000000000027,79.34000000000017,0.08501674468878705,0.13607601697428892,0.14292228761538867,0.22504004271924966,0.18512373255836503,0.02453875355520411,1.600579007257358,1.2156196263314754

21.170000000000027,79.35000000000018,0.11984121977207864,0.06910210047766674,0.45892659040977046,0.11402508203268155,0.1957258478884233,0.738263841692228,0.5766137940804338,0.5825754912014782

21.170000000000027,79.36000000000018,0.0818378455597765,0.05883131021831778,0.21886200965022232,0.3299090975412027,0.09958884694160727,0.5762857365457492,0.7188765753059592,3.3127112858668784

21.170000000000027,79.37000000000019,0.05342123727638573,0.09442572251878217,0.21008151512675627,0.241423818713013,0.09906485006484714,0.37981295112801844,1.7675689885933272,2.437028050931041

21.170000000000027,79.3800000000002,0.08179964492076673,0.12558544497991395,0.0677947905850908,0.17395223884433886,0.20691109200080732,-0.2988446787030226,1.5352810510122774,0.8407100705823404

21.170000000000027,79.3900000000002,0.09722110741748463,0.0965024159461328,0.26022217943986414,0.12716187971934217,0.1732771967709283,0.4589528324243572,0.9926076590803847,0.7338639013999242

21.170000000000027,79.4000000000002,0.08845446543591826,0.027680140712356117,0.2734280385164447,0.2423139954670565,0.1449032420934458,0.8161448764091508,0.31293095882328503,1.6722468855704924

21.170000000000027,79.41000000000021,0.07893822093321622,0.05846702224196222,0.36864930967696896,0.20609795965178687,0.16424683377774427,0.7262243660147805,0.740668100657602,1.254806286282475

21.170000000000027,79.42000000000021,0.09560024068767183,0.0874410854562207,0.15809215718157335,0.32419027502226166,0.13890981090742377,0.28774544309179845,0.9146534018719408,2.333818415496483

21.170000000000027,79.43000000000022,0.09855886771336733,0.08719337582696252,0.14687132077596043,0.1894864903533149,0.16644923415237645,0.25496346005883025,0.8846832127990076,1.1384040978284617

21.170000000000027,79.44000000000023,0.1048247697311229,0.16894168707158796,0.34489626347766955,0.15478334472222002,0.1232366651747086,0.34243203753976326,1.6116580779882477,1.2559845268223566

21.170000000000027,79.45000000000023,0.0827012966276863,0.03442048230403562,0.40137300712272883,0.2758057352765076,0.15330024672195708,0.8420330584038169,0.41620244985242794,1.7991212734107884

21.170000000000027,79.46000000000024,0.05810645759049134,0.10990356967343043,0.14448476488823445,0.2775697324901706,0.06415269748152061,0.1359386044992858,1.8914174782231696,4.326703988362376

21.170000000000027,79.47000000000024,0.06740141059299659,0.19378388163306504,0.4106514086299974,0.26916671487924715,0.1051107852587238,0.35879362183943275,2.8750715992536393,2.5607906359050654

21.170000000000027,79.48000000000025,0.09907526899524755,0.1801779898169071,0.3071541841487059,0.2595449933372357,0.10546944116047807,0.26055368614899427,1.8185970269098155,2.4608549190683293

21.170000000000027,79.49000000000025,0.0382519298703797,0.07296410307263673,0.41348053390748873,0.2092619015480353,0.12042049833964946,0.7000106587232522,1.9074620059467933,1.7377598021894094

21.180000000000028,79.0,0.07962019926618681,0.11749717810880765,0.25377796384824003,0.24277055707064674,0.10151433726101224,0.36706143315808726,1.4757207221802873,2.391490339017724

21.180000000000028,79.01,0.056639835630178895,0.12045041428794545,0.05,0.30764936177947394,0.12098281870884547,-0.4133191141888349,2.1266024651227395,2.5429177862483447

21.180000000000028,79.02000000000001,0.06918234468804418,0.10529926926213112,0.24740326176839872,0.26957228338150435,0.07175929688009344,0.4029004046292967,1.5220540671863514,3.756618232426186

21.180000000000028,79.03000000000002,0.10655355587821856,0.09334619195042715,0.36951438186713004,0.21365078931671524,0.1747350238197444,0.5966552466961527,0.8760495235795676,1.2227130229761196

21.180000000000028,79.04000000000002,0.07381297204059663,0.11455901558000114,0.1750253980916321,0.3198653782148294,0.14299432405442955,0.2088039950910992,1.5520173793001146,2.2369096123660435

21.180000000000028,79.05000000000003,0.06935309644468393,0.02,0.22650350310925876,0.05936012390459278,0.06167961961119835,0.8377305004625282,0.28837933699346907,0.9623944535088558

21.180000000000028,79.06000000000003,0.027044315770601835,0.12404277960250437,0.24858664964490662,0.368245131799534,0.10501850447266545,0.3342298279030643,4.586648824692342,3.506478532502186

21.180000000000028,79.07000000000004,0.09010760698081596,0.10162711614647771,0.05,0.10488286335764688,0.16341007137810737,-0.34048735756838605,1.1278416932693607,0.641838427759934

21.180000000000028,79.08000000000004,0.08696452543423155,0.08750100412886831,0.43513475754375297,0.18010350226593747,0.11924890268070944,0.6651549297656496,1.0061689360269734,1.5103158022102348

21.180000000000028,79.09000000000005,0.13237764169916302,0.17809448782878115,0.17876243201028838,0.22083577253634323,0.11137292699309398,0.001871742270323007,1.3453517180716779,1.9828496772088235

21.180000000000028,79.10000000000005,0.05812665295140914,0.08975543102288966,0.32037354324728623,0.2557756236588319,0.1423103661495949,0.5623063149306888,1.5441355438701585,1.7973084491275415

21.180000000000028,79.11000000000006,0.07381450982991727,0.07973696043739742,0.2620298863851859,0.2935487728018566,0.16303987675890946,0.5333838773106078,1.0802342319024156,1.800472243093548

21.180000000000028,79.12000000000006,0.07460151051132169,0.17534213208818794,0.39736190563594326,0.14875143669728116,0.07386237714804052,0.3876693001698972,2.3503831310029484,2.013899934438238

21.180000000000028,79.13000000000007,0.11432359839290321,0.0622175478060042,0.3131056122428158,0.24075367722381186,0.17300642406089245,0.6684587871884367,0.5442231405081817,1.3915880776769065

21.180000000000028,79.14000000000007,0.06402113402839035,0.07331538868253681,0.24990757284791068,0.1817251531246145,0.10530533591962954,0.5463478933383393,1.1451747876803842,1.725697481186897

21.180000000000028,79.15000000000008,0.07513064577310903,0.08925898306276428,0.18494849074808056,0.2425598685536163,0.14424360158750835,0.34896754023717286,1.1880502559969621,1.6815988072670418

21.180000000000028,79.16000000000008,0.08487689529149497,0.12858937928518016,0.35498507013822295,0.21706594181414562,0.1431889929654227,0.46817132517272525,1.5150104005579046,1.5159401373467911

21.180000000000028,79.17000000000009,0.07211827369468948,0.10309210029413064,0.08875586960454783,0.22780549568780528,0.11842669408800939,-0.07472703875720742,1.4294865208174459,1.923599212574072

21.180000000000028,79.18000000000009,0.05300699156348282,0.042894986113907504,0.3415890420275992,0.18250526172749246,0.09341701269346227,0.7768698670782558,0.8092326081477738,1.9536619323398552

21.180000000000028,79.1900000000001,0.07210269978694783,0.07313325747491034,0.16799552484452315,0.18499552349327075,0.13013567259538472,0.39340914186098214,1.0142929126035274,1.4215588981992608

21.180000000000028,79.2000000000001,0.09836895249579171,0.06994582267150937,0.40402836619567495,0.24050907598191623,0.22550651545375755,0.7048538745372394,0.711055885274331,1.0665282791999076

21.180000000000028,79.21000000000011,0.03524454101766668,0.0909711581910759,0.2958299542662809,0.2861600854029194,0.07597624847681617,0.5296230786948098,2.5811417968916524,3.7664413650747157

21.180000000000028,79.22000000000011,0.06990909022440471,0.11091374634519081,0.3450123767850227,0.1779204466061467,0.2284956509552414,0.5134573750265832,1.5865425487659608,0.7786601004634981

21.180000000000028,79.23000000000012,0.04479637555182317,0.11042823023551644,0.28969888138248423,0.1586862718798922,0.13071394144617093,0.44803425185872714,2.4651152828481586,1.2139965332147897

21.180000000000028,79.24000000000012,0.10153139886774358,0.022479529838061375,0.10716229048591305,0.26214221159702433,0.1452885708544294,0.6532055811227366,0.22140470895316924,1.8042865304198412

21.180000000000028,79.25000000000013,0.019864392856485003,0.1358976395024316,0.19722708366047936,0.21662472748595735,0.08900445943076099,0.1841035500377584,5.0,2.433863748266336

21.180000000000028,79.26000000000013,0.04867234458185053,0.10326275383986222,0.35143893376115193,0.2767348693790121,0.10459652916612322,0.5457999973038943,2.1215898784996883,2.6457366350552625

21.180000000000028,79.27000000000014,0.07663635625193374,0.14836128190375342,0.30176558173599854,0.15489419506401494,0.1178345174980962,0.34080236526593594,1.935912522020756,1.3145061245323713

21.180000000000028,79.28000000000014,0.11216572087702825,0.11056793309162397,0.4040989905305818,0.09343927522035497,0.09051525145610147,0.5703320806320026,0.9857551142052436,1.0323042096661599

21.180000000000028,79.29000000000015,0.06310749216780837,0.1366729183094275,0.3272274563037322,0.18038971427215159,0.13217410213145342,0.41076607905766177,2.16571619942416,1.3647886479021933

21.180000000000028,79.30000000000015,0.04830401419920198,0.11110181245800199,0.1911298109297495,0.1637553173514437,0.12208920540965834,0.2647902874895247,2.3000534028046085,1.341275968402376

21.180000000000028,79.31000000000016,0.12127471208321557,0.14610903024810673,0.20909358622795257,0.21158481199437368,0.23479905712178348,0.17732007885240056,1.2047773820099674,0.9011314376552952

21.180000000000028,79.32000000000016,0.021279582987510495,0.14686103307292023,0.2998917390523401,0.20666500200128068,0.08378129071597365,0.3425400254757887,5.0,2.466720194789338

21.180000000000028,79.33000000000017,0.01,0.08798339014228046,0.05909559340000633,0.2683711865935458,0.14703452583742596,-0.19641009222998584,5.0,1.8252256392335875

21.180000000000028,79.34000000000017,0.07768043350159766,0.18261738881787182,0.4587441885623158,0.19602948163041806,0.15411231409508774,0.43053218253158276,2.3508801425397285,1.2719910323471504

21.180000000000028,79.35000000000018,0.04929837326941929,0.1271014848911921,0.33647467363777356,0.22643321491416715,0.08802397256740456,0.45164787888532965,2.5782084925754476,2.572403949202986

21.180000000000028,79.36000000000018,0.03360301548607617,0.11430977684017288,0.4159034597049055,0.22663441909086,0.17570137477263828,0.5688158311042274,3.4017713840997814,1.28988415289944

21.180000000000028,79.37000000000019,0.08537069341897811,0.04012782333846282,0.1360396059191018,0.22894685646884685,0.12126364935591485,0.5444353870088445,0.47004213840130404,1.888008958134482

21.180000000000028,79.3800000000002,0.07131402141313341,0.03946769530145466,0.41945651603554474,0.21331096226814544,0.03,0.8279990710105616,0.5534352777200507,5.0

21.180000000000028,79.3900000000002,0.04695764107789553,0.10252861928567022,0.5,0.2504420483287154,0.1738124806052243,0.6596722013297659,2.183427802458138,1.440874943574681

21.180000000000028,79.4000000000002,0.02535086803987049,0.09646084791072562,0.16471216446228834,0.15870414063218674,0.08479295579487779,0.26132606851412293,3.8050313456136498,1.8716665666065524

21.180000000000028,79.41000000000021,0.08981371984840161,0.08566362661956223,0.3748401794903972,0.37447110583891796,0.08807125269304093,0.6279569223342956,0.9537922120225771,4.251910742304182

21.180000000000028,79.42000000000021,0.08302603533875703,0.0959193079844782,0.2987109944687503,0.19724238316419554,0.1746751041446157,0.513877634769112,1.1552919211134887,1.1291957375217965

21.180000000000028,79.43000000000022,0.06042472408661565,0.15364507712173955,0.14505661517519702,0.12169156034708511,0.1227419258790732,-0.02875263905478499,2.5427518154195003,0.99144248696108

21.180000000000028,79.44000000000023,0.11867910988142705,0.11773609898200757,0.3496883971852089,0.2263651349894168,0.1858086075275706,0.49623479311747326,0.9920541112958544,1.2182704444087784

21.180000000000028,79.45000000000023,0.03105745701021244,0.0573295574928518,0.3846603204837573,0.18398083947440227,0.20024830476826144,0.7405842966706355,1.845919235738088,0.9187635300855048

21.180000000000028,79.46000000000024,0.01727424487225479,0.110629540988561,0.24208734473313817,0.3110081008987363,0.10731357698388053,0.372700624860444,5.0,2.898124443803044

21.180000000000028,79.47000000000024,0.04216275790355956,0.0571813407658929,0.41969165202554565,0.3669723903229587,0.17904312479774687,0.7601820959950634,1.356204941836713,2.049631285940412

21.180000000000028,79.48000000000025,0.0614324195093319,0.09579960434674865,0.137323659321104,0.18832794430913105,0.10142695993035114,0.17812059724638019,1.5594307526216369,1.8567838792839255

21.180000000000028,79.49000000000025,0.06998018347967752,0.07247537337480944,0.15542438535505984,0.23496606332567083,0.250675795856604,0.363971477662568,1.0356556623246205,0.9373304767180124

21.19000000000003,79.0,0.06124291826430987,0.07861417669583945,0.275059739558877,0.10331460879067546,0.1130721497734389,0.5554426090783945,1.2836451755645417,0.9137051776791633

21.19000000000003,79.01,0.07892166189542861,0.04733458512106376,0.26483852779722944,0.2576733660608936,0.19884437204799976,0.6967414348186356,0.5997667044037356,1.2958544578224593

21.19000000000003,79.02000000000001,0.03069381727428632,0.09225381273927186,0.19154265115759217,0.1636000340140208,0.18954950129407824,0.34985932178287277,3.005615483219669,0.8630992580344073

21.19000000000003,79.03000000000002,0.11143293812219737,0.07475569452610697,0.34505944359719176,0.18156157670958517,0.16298439110544605,0.6438637496852503,0.6708581476784186,1.1139813780125858

21.19000000000003,79.04000000000002,0.06553546464822246,0.02,0.31808943142159857,0.1479099457112108,0.11347284192916511,0.8816881086167738,0.30517827373067447,1.3034832217667958

21.19000000000003,79.05000000000003,0.10139887494764328,0.17893888098006572,0.35171390709340566,0.27595058582383014,0.13925012540292872,0.32558959448425523,1.7647028223536947,1.9816900331484895

21.19000000000003,79.06000000000003,0.07804176039133051,0.14019078616866598,0.2544863564647778,0.29491130502312685,0.03896059435277148,0.28959257560376256,1.7963560187015448,5.0

21.19000000000003,79.07000000000004,0.08134259657461286,0.08140797100299917,0.3279580267978391,0.22573696502609386,0.1576810019191115,0.6022729221750418,1.0008036911908262,1.431605343291348

21.19000000000003,79.08000000000004,0.08461301840696539,0.09703276198962285,0.224034969697006,0.1632901306264978,0.16376076655141816,0.3955620423163069,1.1467828911178137,0.9971260758327899

21.19000000000003,79.09000000000005,0.08083125680051866,0.06400397393948526,0.47488186900866547,0.4017199350327221,0.15277497095306738,0.762458135372592,0.7918220796474412,2.62948788184147

21.19000000000003,79.10000000000005,0.08656168279602547,0.16374891511243334,0.18914542298780782,0.17067129105717194,0.03,0.07196632285147023,1.891702074567129,5.0

21.19000000000003,79.11000000000006,0.10703457590397203,0.1716315477909231,0.48182974294583814,0.07155773900507698,0.08245817774550807,0.4747001842415246,1.6035149967292242,0.8678064550388935

21.19000000000003,79.12000000000006,0.07293563509104313,0.10182774912985953,0.2756887947089482,0.25468723069699234,0.1081554508575654,0.4605388780187341,1.3961316558516037,2.3548256554994946

21.19000000000003,79.13000000000007,0.08819011272765434,0.13632122576741224,0.1355489110431335,0.14496577284509124,0.15996294665945077,-0.0028407486495394723,1.545765408349326,0.9062459512144897

21.19000000000003,79.14000000000007,0.0641079291713821,0.10221147115735531,0.41080793504886837,0.2912026155449395,0.1596669452821476,0.6015298058867395,1.5943655070291394,1.8238127800840294

21.19000000000003,79.15000000000008,0.10988351646348302,0.054016277178449354,0.2874901388395046,0.2340244334794293,0.1365088104014393,0.6836587854338144,0.49157761662316773,1.7143540597840152

21.19000000000003,79.16000000000008,0.04626823093822069,0.07836706524145189,0.36091240983803297,0.2636599268380907,0.176602276830196,0.6432017896605257,1.69375537994343,1.4929588192246535

21.19000000000003,79.17000000000009,0.12046821298732319,0.12991825427213927,0.39908559185426895,0.38304602911037744,0.09334788123485308,0.5088192448924631,1.0784442712532483,4.103424990829015

21.19000000000003,79.18000000000009,0.06511526148066836,0.07629809125026023,0.3113955554145126,0.13617987947654608,0.1749917502846978,0.6064000948328517,1.1717389963294238,0.778207425076733

21.19000000000003,79.1900000000001,0.023276746936457156,0.08555386890259646,0.21927591551872905,0.1808844008375281,0.16803710524199245,0.4386777585599662,3.6755079551536083,1.0764551107291962

21.19000000000003,79.2000000000001,0.06992313244732222,0.09046401769963322,0.376971337766936,0.2149030249140019,0.16299773664189332,0.6129346371757285,1.2937638003905139,1.3184417723192103

21.19000000000003,79.21000000000011,0.04552845027575205,0.09070486008537927,0.280375550745471,0.3275285923324003,0.1348379784457149,0.5111309707357102,1.9922676773925008,2.4290529705720583

21.19000000000003,79.22000000000011,0.09105930646966014,0.09585033961989695,0.34978578186085385,0.17351320974416484,0.2352971912415607,0.5698268832881018,1.0526144249360354,0.7374215083268487

21.19000000000003,79.23000000000012,0.04614128062092662,0.06650253654737355,0.06672694262086623,0.21322168954027845,0.16823978442449145,0.0016843575065010115,1.4412806820338737,1.2673678235081118

21.19000000000003,79.24000000000012,0.0522144970035549,0.06471935403488,0.3276981717009981,0.2524698402889023,0.09498320683731949,0.6701505420940462,1.2394901344453193,2.658047126746416

21.19000000000003,79.25000000000013,0.01,0.05438761818359814,0.22004141748551026,0.2139527870403067,0.15563527378679656,0.6036307303913911,5.0,1.3747062712526736

21.19000000000003,79.26000000000013,0.05179081042252587,0.13215262198744526,0.4501309637178668,0.22907681180282857,0.18066416885370817,0.5460884515414425,2.5516615911999847,1.2679703625212215

21.19000000000003,79.27000000000014,0.01,0.026000000000000002,0.34800873478892375,0.13139085663867164,0.11345457005378168,0.8609658137651693,2.5999999740000006,1.1580922342800144

21.19000000000003,79.28000000000014,0.017602915295426347,0.18047069785247633,0.31058577458494435,0.44736371517474827,0.197143612346552,0.2649696806970662,5.0,2.2692275424142077

21.19000000000003,79.29000000000015,0.0878124396843269,0.1479539758905107,0.33613099933503726,0.12316035387833671,0.1616016852857975,0.38872725458578256,1.6848862900734265,0.7621229542520648

21.19000000000003,79.30000000000015,0.08845400475952289,0.08023277652069204,0.18855591471234376,0.19467731072068023,0.03,0.4030048200853684,0.9070564599998916,5.0

21.19000000000003,79.31000000000016,0.0775237268535468,0.026000000000000002,0.4516256690528215,0.2575515929892576,0.1571235988668931,0.891128129289546,0.33538119259384336,1.6391655657246327

21.19000000000003,79.32000000000016,0.03563071570612141,0.07750757752130508,0.48933704184170695,0.35048816940497013,0.12165854227936092,0.7265297229257281,2.1753022853385717,2.880917053173815

21.19000000000003,79.33000000000017,0.06308865931573834,0.08921263354844385,0.3303913510548386,0.12356079533470252,0.1686389907270834,0.5747769952111899,1.414083519520602,0.7326941102333652

21.19000000000003,79.34000000000017,0.06429192382728062,0.05117607120283998,0.4510403568573813,0.3548592894835068,0.18881074201258724,0.7961991349414267,0.7959953300001454,1.8794443870778568

21.19000000000003,79.35000000000018,0.029529059324221334,0.09205464352196673,0.2359851801327645,0.3224428529725627,0.1511781023570873,0.4387593401416157,3.1174255230919585,2.1328674439744986

21.19000000000003,79.36000000000018,0.10926194905301208,0.1524478079545304,0.2140886433775203,0.2445966727096211,0.2245026116972311,0.16817109234882469,1.3952506717689999,1.0895047979688486

21.19000000000003,79.37000000000019,0.09036086871726763,0.11765708649206588,0.2987924748729111,0.14617564190873683,0.13212465577182145,0.4349515647072629,1.3020800710758775,1.1063464343138703

21.19000000000003,79.3800000000002,0.05729107478510752,0.0700666660523338,0.33909410383680916,0.3057358643311905,0.17212089115268991,0.6575103419411737,1.2229944401086323,1.7762856217281666

21.19000000000003,79.3900000000002,0.06460657516983329,0.026796033216178777,0.2571013318757077,0.16385593643060742,0.1809471286818634,0.8112273197881402,0.4147570600091944,0.905545932304569

21.19000000000003,79.4000000000002,0.06993148423842388,0.07743930729560512,0.3511768190368686,0.30286628772388213,0.13565270155535933,0.6386542522785582,1.1073596968262274,2.232659460726019

21.19000000000003,79.41000000000021,0.01,0.08180172882597835,0.3289389482073621,0.14592565796245177,0.17927871539888496,0.6016867409047839,5.0,0.8139597472928088

21.19000000000003,79.42000000000021,0.05602467852437928,0.11000796749452844,0.1993693224709156,0.20567890538806707,0.11042635064188734,0.28884264568186024,1.9635626690888004,1.8625889926293488

21.19000000000003,79.43000000000022,0.04286047256006317,0.06856733149728933,0.3519793017451937,0.1744308838390708,0.11885157904893474,0.6739133018266265,1.5997801060458083,1.4676362324179872

21.19000000000003,79.44000000000023,0.0331513997031496,0.11025998301447007,0.38735282425217415,0.14387339263010301,0.07417556548317997,0.5568442715614036,3.325952559143359,1.9396332403932182

21.19000000000003,79.45000000000023,0.05464699121341836,0.16702616160240466,0.31904693175906157,0.2645923871835465,0.15169045581849785,0.31275290116157906,3.056456679279103,1.7442915942299626

21.19000000000003,79.46000000000024,0.11689059580548261,0.12206004089776593,0.4180648103261922,0.2498821123186667,0.1557025837927126,0.5480302724506326,1.0442246440121095,1.604868115039432

21.19000000000003,79.47000000000024,0.08206528583800718,0.08733645970676442,0.18195962065032822,0.296730713923062,0.19822315792895676,0.3513722174602547,1.0642314677699305,1.4969528125453186

21.19000000000003,79.48000000000025,0.04558463030651291,0.08175398115786345,0.35139504221320905,0.0872087424254203,0.1786370002177894,0.6225133763307522,1.793454952443419,0.4881896934581234

21.19000000000003,79.49000000000025,0.07977748344068152,0.07463307463280028,0.18847192936034685,0.28599194916386494,0.12466022216762347,0.43267460883124886,0.9355155279464549,2.294171660867817

21.20000000000003,79.0,0.11038066309757982,0.1448256364980854,0.1505918641766931,0.4,0.08869101563328577,0.019518910232077823,1.3120562270843543,4.510039677557553

21.20000000000003,79.01,0.09601901048738275,0.09402570081053166,0.19980691662622332,0.2329021485091355,0.16906252012599823,0.36000501476817726,0.9792404674380908,1.3776095860738273

21.20000000000003,79.02000000000001,0.06994891109760486,0.09904890835999876,0.16959398164257833,0.3580604028476269,0.20277765862073152,0.2625979539441488,1.4160178716747536,1.765778365854165

21.20000000000003,79.03000000000002,0.04863189666883236,0.09910791607524277,0.2099004181258895,0.20667871095581106,0.1848192486901965,0.35854211602810077,2.037920020811525,1.1182748134120435

21.20000000000003,79.04000000000002,0.0888666994084072,0.07680863228753798,0.24418496892888486,0.12873131837070725,0.20110387624286363,0.5214320034882997,0.8643128721155164,0.6401235058802754

21.20000000000003,79.05000000000003,0.07960456156265193,0.04180137808463513,0.35021544863314263,0.2031057290315229,0.13610552344008703,0.7867368170190011,0.5251128479518666,1.4922666159959508

21.20000000000003,79.06000000000003,0.09453579660083135,0.10943898014470581,0.23528409612943438,0.29757427773726775,0.12318905159121679,0.3650614786465424,1.1576459284628149,2.4155902951762425

21.20000000000003,79.07000000000004,0.08661515405045841,0.12206979346351875,0.10973742932304582,0.1982731754841493,0.10949493238840902,-0.053200948559345776,1.4093352908138037,1.8107977326269253

21.20000000000003,79.08000000000004,0.09892658145957932,0.11616961877746168,0.38320678464952157,0.18157629386954405,0.1433651766693191,0.5347412572681377,1.1743013550660053,1.2665299758372168

21.20000000000003,79.09000000000005,0.051262943653182166,0.07463598774243213,0.18639098663850207,0.26484776026052137,0.14205046020155782,0.428135824346509,1.4559442411615129,1.8644625275995452

21.20000000000003,79.10000000000005,0.10672182196902891,0.14463285195252062,0.2651279572895436,0.22321420817169793,0.15613388142695453,0.2940620542274331,1.3552322210069692,1.4296333761046145

21.20000000000003,79.11000000000006,0.07300798814077106,0.06054904875152482,0.31655365069407804,0.26362360667406953,0.1391551271482232,0.6788723662043015,0.8293482701076732,1.894458449984534

21.20000000000003,79.12000000000006,0.12921782617875696,0.16392161136071423,0.29276104184028573,0.23904806785308103,0.13875861351365995,0.2821202634877688,1.2685680922003133,1.7227620082646038

21.20000000000003,79.13000000000007,0.04616436545731192,0.02535453960686797,0.38311795475215543,0.2556737723686075,0.10642529735139122,0.8758568079819071,0.549223178977537,2.4023778038805497

21.20000000000003,79.14000000000007,0.11879891409495637,0.112470802582274,0.3225003143392842,0.19153891699332934,0.19216095067757286,0.48285852448129485,0.9467325803811848,0.9967629542749112

21.20000000000003,79.15000000000008,0.07253732350387826,0.11391722730106318,0.18936904203029797,0.23772116594212453,0.1487259031121838,0.24878084613161433,1.570463612955421,1.5983844159478608

21.20000000000003,79.16000000000008,0.04693745989156532,0.06289771728236286,0.4942562173991754,0.15628388960128153,0.13599780328573405,0.774217811610627,1.3400324025557753,1.1491648078903858

21.20000000000003,79.17000000000009,0.051843424978369065,0.11151575751443857,0.296733346333833,0.31109035357523396,0.10716853733753781,0.45368767996821613,2.1510106121627937,2.902814212208038

21.20000000000003,79.18000000000009,0.056629580754169045,0.14554074679040432,0.26346597733785954,0.17620076982278463,0.07776434448044366,0.2883210068733294,2.5700481019839594,2.265829806364702

21.20000000000003,79.1900000000001,0.07884497839205608,0.02,0.3754925423055677,0.29931932412845375,0.20957820962746504,0.8988602923921103,0.25366231791178784,1.4281986878201116

21.20000000000003,79.2000000000001,0.08168506464106351,0.11410979229963038,0.3049450945930183,0.20364751273119572,0.17173193540658813,0.45539452758305543,1.3969480548414965,1.1858453241702573

21.20000000000003,79.21000000000011,0.04866899988184109,0.02,0.32082281929394424,0.23383993075300863,0.06262410787149932,0.8826369661188515,0.4109392016984571,3.7340241374684475

21.20000000000003,79.22000000000011,0.06502936223216892,0.07151743021679006,0.5,0.22170297772517633,0.18179711503548046,0.7497279121403236,1.0997713594588274,1.2195076778856302

21.20000000000003,79.23000000000012,0.12990811075835426,0.15862665459603534,0.25518785717450776,0.14798031981823379,0.18958405851165297,0.23334416703269323,1.2210681346062713,0.7805525469910898

21.20000000000003,79.24000000000012,0.11734629510301961,0.07000871866431527,0.25182391059827336,0.09666677286762458,0.14949880611504388,0.5649370988083322,0.5965993092768196,0.6466056506737318

21.20000000000003,79.25000000000013,0.07848971009021918,0.04614480142363843,0.2961578512012598,0.14462730889852338,0.22300554478758525,0.7303859546147072,0.5879089285946766,0.6485368288552129

21.20000000000003,79.26000000000013,0.06642010434504417,0.11050323809279294,0.39255159355811775,0.234631656329857,0.15375598210614136,0.5606711985722105,1.6637016610569029,1.5260001787461202

21.20000000000003,79.27000000000014,0.06876093980154593,0.17545625352653926,0.13564659698097437,0.23273154251801711,0.07189882360253763,-0.1279630079500256,2.5516849213777912,3.2369311559377154

21.20000000000003,79.28000000000014,0.08344553918191053,0.02,0.09064441085236423,0.28832655192982354,0.1608184500524131,0.6384815124803619,0.23967728139945807,1.7928698582567277

21.20000000000003,79.29000000000015,0.03423622304404581,0.050327603534423185,0.22938847293800047,0.1860969778142155,0.15462486508563342,0.6401522272074881,1.4700103841090866,1.2035384968051452

21.20000000000003,79.30000000000015,0.05707870387729756,0.15209726732718193,0.12560770409408695,0.15526274650129257,0.11203515756108912,-0.09538742892496686,2.6646937776946893,1.3858394966602239

21.20000000000003,79.31000000000016,0.01462247778367017,0.1663280937415061,0.2474168652474523,0.11570996497980474,0.17069794184386802,0.19598733404389707,5.0,0.6778638550771431

21.20000000000003,79.32000000000016,0.07653669367815616,0.08770275102838533,0.34104996961294565,0.25000445325328174,0.05845673669045358,0.5908935531569633,1.145891554743589,4.276743228919157

21.20000000000003,79.33000000000017,0.08385587819107995,0.04209789189893089,0.2026251136447907,0.31292361607304836,0.19118834137213603,0.6559547653626088,0.5020267243853911,1.6367295916872324

21.20000000000003,79.34000000000017,0.04982440613101645,0.1753137400723629,0.14991734232188328,0.30444311875693436,0.09757391481972386,-0.07808724048055558,3.518631797828178,3.1201281511293897

21.20000000000003,79.35000000000018,0.1114196028986986,0.1550776956699643,0.3004337161715528,0.2651952923703006,0.09205269374414478,0.3191051128270101,1.3918349329585715,2.8809074595829327

21.20000000000003,79.36000000000018,0.027307030109927306,0.11827787951048563,0.38065434846153545,0.25989803220872576,0.13542876138462245,0.5258759690969004,4.331407648550753,1.9190756037316077

21.20000000000003,79.37000000000019,0.020028753593702882,0.058443906042499424,0.12580265614835764,0.3337336645796476,0.162588646402178,0.365590268107818,2.918000138015298,2.052625885997378

21.20000000000003,79.3800000000002,0.07057355455679658,0.08879882636647467,0.37822323983061784,0.2378457022991703,0.1489562031796676,0.6197232087102883,1.2582450579159388,1.5967492260299576

21.20000000000003,79.3900000000002,0.09513294907836199,0.0841655967582028,0.37883062037385246,0.2595290773216854,0.10344704171137711,0.6364307366856143,0.8847155216475333,2.508811008775916

21.20000000000003,79.4000000000002,0.11411783074373336,0.10363405218461907,0.3934085102156831,0.19154512967035328,0.11509553544040152,0.5829972720513001,0.9081319844444802,1.664227276679346

21.20000000000003,79.41000000000021,0.049713472113929034,0.1482600575252493,0.4207480214871894,0.11835696404016005,0.08356788263112275,0.47888241655017905,2.9822913371902606,1.4162972684251218

21.20000000000003,79.42000000000021,0.09572042500293604,0.16278168613913946,0.5,0.1986366923580271,0.12880600491850225,0.5087924438201634,1.700595102498625,1.5421384455600038

21.20000000000003,79.43000000000022,0.0620847459149759,0.046764956920605345,0.2650907951381161,0.2124588673025669,0.19361106072554113,0.700085974705357,0.7532439113035083,1.0973488105310736

21.20000000000003,79.44000000000023,0.057941181001772465,0.14473985800077707,0.3125571580078079,0.21705497607508384,0.13946685311780177,0.3669765909147824,2.4980481110066526,1.5563194484363585

21.20000000000003,79.45000000000023,0.08950979812459717,0.1020252856005217,0.26085615667522005,0.34734000983987,0.1824707127379681,0.43769356193816766,1.1398225403717344,1.9035384059046447

21.20000000000003,79.46000000000024,0.08244968635239952,0.15184342138465765,0.3035976844756041,0.26146728207764053,0.212090066886305,0.33320282492065467,1.8416494703387507,1.2328124828897522

21.20000000000003,79.47000000000024,0.01546823529046939,0.14780163437113944,0.45758733556365466,0.2944190410817872,0.10973907404814695,0.5117134875693402,5.0,2.682900720342543

21.20000000000003,79.48000000000025,0.10693621049177368,0.04449679001945317,0.1706985516069571,0.1811445930896499,0.12963133734722698,0.5864521070718678,0.41610591747372233,1.3973827367429112

21.20000000000003,79.49000000000025,0.10392274062442029,0.08734697685173659,0.21999503278346688,0.18948268799642545,0.24733964305311987,0.43159754192411187,0.8404991654652479,0.7660829682653133

21.210000000000033,79.0,0.04955311895471386,0.076221817945631,0.4003180936504581,0.13276946539435797,0.21969717059899688,0.6801031094149316,1.538184061864421,0.6043294275112128

21.210000000000033,79.01,0.08007410600312195,0.03458562298538128,0.36550365069021146,0.17353703909863916,0.06367977370938188,0.8271104710756125,0.43192018829209067,2.725151625351284

21.210000000000033,79.02000000000001,0.08290090558848177,0.11098839910419622,0.22808683531829507,0.26208869739546176,0.16647741580304476,0.34534647267590857,1.3388080405449287,1.5743198317548388

21.210000000000033,79.03000000000002,0.07578021297471678,0.19740226206337627,0.35074020011207535,0.2254292126275882,0.1469679996169841,0.27974103194297684,2.604931472926108,1.5338659644391748

21.210000000000033,79.04000000000002,0.05133084538463689,0.023156890219769126,0.30032158424920713,0.2906057033928051,0.18808265554293735,0.8568257730247746,0.4511301148682596,1.5450957048612768

21.210000000000033,79.05000000000003,0.04757129896185788,0.09528877555802034,0.41712746090010305,0.23698777638415208,0.10933106162574636,0.6280805766496755,2.003072807284798,2.1676161618061363

21.210000000000033,79.06000000000003,0.06683337787025602,0.12202171740298999,0.275450959382682,0.1993282387853565,0.10441958139796544,0.38601204787675,1.8257601382545017,1.9089162772524646

21.210000000000033,79.07000000000004,0.10266187057778026,0.13148606648612007,0.3714632113872634,0.4488969365581025,0.11241646423531848,0.47713985368091755,1.2807682698361196,3.9931600696773573

21.210000000000033,79.08000000000004,0.08366800463783222,0.09151487789936925,0.5,0.2168267501900848,0.11744357269007723,0.6905745523801792,1.0937858287182138,1.8462206576229467

21.210000000000033,79.09000000000005,0.05612157003741601,0.05705874910081556,0.3305099155047527,0.36541208145524307,0.1866262083404495,0.7055554055477501,1.0166990866631997,1.9579890976129555

21.210000000000033,79.10000000000005,0.09027096131944946,0.10499146971760523,0.2765328165794909,0.19471535554187036,0.08661994134255467,0.4496210411185801,1.1630702505732275,2.247927582253139

21.210000000000033,79.11000000000006,0.01,0.06522944091936154,0.34474469852210493,0.2721719635568473,0.11436930500203264,0.6817875340024271,5.0,2.3797640749328126

21.210000000000033,79.12000000000006,0.1013429710111621,0.02,0.236871914179619,0.2871610961406156,0.05586938047492643,0.8442803674657174,0.19734965119645248,5.0

21.210000000000033,79.13000000000007,0.014568586636655955,0.14292368882054765,0.5,0.236494437940288,0.19549589117061705,0.5553945473357411,5.0,1.2097156436547216

21.210000000000033,79.14000000000007,0.05576677175790491,0.17328406263178406,0.29320710376960657,0.06814343449348204,0.20851150497155535,0.257074623807405,3.107299505757946,0.3268089905643197

21.210000000000033,79.15000000000008,0.03292990316121451,0.09684643907404142,0.24880666797745757,0.22257767225992495,0.1284263284568089,0.43963217966043716,2.9409876581116188,1.7331155905579636

21.210000000000033,79.16000000000008,0.027559555728371585,0.10376298752822624,0.19343109949800574,0.3071322033431952,0.12970253175933696,0.30171566613871875,3.765045713160802,2.367973847081733

21.210000000000033,79.17000000000009,0.10110480362135428,0.1373927205086205,0.38762201916065364,0.2576236583119379,0.16708109511414293,0.4766138542357883,1.3589138740358573,1.5419078859984081

21.210000000000033,79.18000000000009,0.0521289639606419,0.10321358627112126,0.36551874128278417,0.25160872126604383,0.21796410036891076,0.5596054283786018,1.979966188298934,1.1543585421853997

21.210000000000033,79.1900000000001,0.07643511645192005,0.13022070219045045,0.2299645628586014,0.09954201462297008,0.16449053737819372,0.27692376762518295,1.703676373699195,0.6051534401251879

21.210000000000033,79.2000000000001,0.064512382633623,0.08198071196504376,0.33824513451225346,0.16936814505274214,0.10900290287624204,0.6098254656025112,1.270774826339138,1.5537948112231208

21.210000000000033,79.21000000000011,0.08011122481669208,0.14617934954295553,0.13064440317872597,0.24829503418059684,0.06275887140067564,-0.056118545485641665,1.8247049610709098,3.9563336344874176

21.210000000000033,79.22000000000011,0.06798465673180605,0.10635142903730493,0.3008970575073277,0.2479268293750784,0.08776368686682318,0.4777074313348754,1.5643445741061581,2.8249363483191043

21.210000000000033,79.23000000000012,0.027070233274341243,0.10110207774423245,0.328575635207682,0.303926674609299,0.14700097251562072,0.5294050646652129,3.7348062850489843,2.0675147191305245

21.210000000000033,79.24000000000012,0.09532800458341247,0.04235755645151612,0.45493298095593526,0.20845932713976906,0.11039362383995767,0.8296466419255708,0.44433486877426004,1.888327601720446

21.210000000000033,79.25000000000013,0.05050730250515883,0.10445823417206565,0.20801811972714454,0.2467076860671625,0.15272838529953522,0.3314167111516561,2.0681808131522796,1.6153361761913398

21.210000000000033,79.26000000000013,0.018502543040205616,0.059521803300219174,0.1581647371197815,0.2191461969351859,0.11515379918818551,0.4531420894646409,3.2169525480461987,1.9030739609966976

21.210000000000033,79.27000000000014,0.05223654517102071,0.06708869093885736,0.19735720390751021,0.1486140084448862,0.08971267843527653,0.4926093218239318,1.284324807293031,1.6565552480572598

21.210000000000033,79.28000000000014,0.10998279371902735,0.07777246732755785,0.15414314996852285,0.07139352818803522,0.08358841842734346,0.3293037506419162,0.7071330398783068,0.8541078949194494

21.210000000000033,79.29000000000015,0.09034665226340274,0.04961060272402794,0.4223657357759137,0.24727067844910025,0.22037772546865841,0.7897750428710407,0.5491139010273279,1.1220311753878383

21.210000000000033,79.30000000000015,0.05426043596776212,0.17707085612067533,0.4444639295024195,0.2289763045888915,0.186529387459179,0.43021417227783715,3.263351144092239,1.2275615525529222

21.210000000000033,79.31000000000016,0.054122268870444974,0.14515356247953287,0.3225216577948991,0.17322774705298277,0.2284258975913947,0.37925484949440147,2.6819563414608165,0.7583542356787184

21.210000000000033,79.32000000000016,0.054830948463476296,0.16853470008576713,0.4135294945685315,0.10285788604388388,0.1687175450377518,0.42090682899019716,3.07371483626002,0.6096454637240254

21.210000000000033,79.33000000000017,0.12666243950682293,0.055411458983106225,0.3056958380580407,0.31197811921032714,0.12004042956925462,0.6931025239767037,0.43747348586613966,2.5989420403601957

21.210000000000033,79.34000000000017,0.07569806356694425,0.09421014999643218,0.28368883522994104,0.19698559480630548,0.20752704612449338,0.5014003545679415,1.2445516494442614,0.9492044453483686

21.210000000000033,79.35000000000018,0.07702124941572969,0.03943969499183256,0.2607962380946419,0.2542812305657641,0.13952659993190797,0.7372753179591143,0.5120625183285034,1.8224570118358308

21.210000000000033,79.36000000000018,0.0949085036209528,0.06317220491211373,0.263960900862262,0.3454833971288169,0.15204208851451392,0.6137828680269807,0.6656116410585378,2.2722878926292065

21.210000000000033,79.37000000000019,0.07104367477079288,0.054094920663333206,0.14111984436911587,0.06479983837761431,0.13867878104622025,0.44579068415618095,0.7614319045532996,0.4672657045441624

21.210000000000033,79.3800000000002,0.05598873562537632,0.14022336025765858,0.3232254763607534,0.16542794339082803,0.03,0.3948701595604296,2.504492349058416,5.0

21.210000000000033,79.3900000000002,0.057749504527447995,0.07461081287592562,0.2936666089786156,0.19944370706815942,0.22069675061473867,0.5948119082079633,1.2919732101124128,0.9037002421750656

21.210000000000033,79.4000000000002,0.06137196221757536,0.1330151733477566,0.373136072407808,0.31563783219025876,0.1648301972978836,0.47440542925893014,2.1673606044965004,1.9149272231249024

21.210000000000033,79.41000000000021,0.06228333290470198,0.14854428625859753,0.3088523496438818,0.11874214638664693,0.1565911530434213,0.35047932312387037,2.384976511250344,0.7582940926291755

21.210000000000033,79.42000000000021,0.08510888630910655,0.18206555008418732,0.28412962984311213,0.34871027179763525,0.1368311968864677,0.2189299334946967,2.1392072880500823,2.5484705204480664

21.210000000000033,79.43000000000022,0.06471837657421609,0.030562231074406695,0.21418069699925868,0.22240991310963307,0.1479113910193022,0.7502503434728846,0.47223420371393127,1.5036699433801006

21.210000000000033,79.44000000000023,0.08501920231646441,0.13992932959146753,0.3094153236821984,0.2058799536786225,0.10969605320768316,0.37718484646080724,1.6458555904350556,1.8768218862091237

21.210000000000033,79.45000000000023,0.06049850259673951,0.17580892526083194,0.3769237230816389,0.2381229798896028,0.170208967615359,0.3638554704295512,2.906004569106583,1.399003725161042

21.210000000000033,79.46000000000024,0.06515905570947964,0.050264846478913994,0.18966610089163705,0.18146158774739027,0.07384508278003875,0.5810057263656372,0.7714176618194832,2.457327971886421

21.210000000000033,79.47000000000024,0.01,0.12930533345892167,0.3136473753680975,0.285068173148833,0.14832342162352263,0.416166417303812,5.0,1.9219363323494847

21.210000000000033,79.48000000000025,0.09004983024107124,0.13297153807735768,0.32910429515297246,0.16392425665706548,0.16691867352855042,0.4244601057407017,1.4766439600576358,0.9820606232580752

21.210000000000033,79.49000000000025,0.07283465427693651,0.07956094960185879,0.2348935216381981,0.23527899271506159,0.12872654330884994,0.4939747600801637,1.0923502044797537,1.827742643316298

21.220000000000034,79.0,0.09818030329578929,0.0644025805211196,0.20441436950920205,0.19870728340051103,0.1659033896235508,0.5208443475019158,0.6559623294450084,1.1977288934941124

21.220000000000034,79.01,0.01,0.08894030852464169,0.28716108487662395,0.20634079032481478,0.09761328038828697,0.5270407921296767,5.0,2.113859807729487

21.220000000000034,79.02000000000001,0.13065124114342144,0.17899248383143646,0.15165789817074068,0.4,0.09870866145520119,-0.08266914886627554,1.3700021685821457,4.052329285979698

21.220000000000034,79.03000000000002,0.06369231115534432,0.09684731275829861,0.30089237152494275,0.2540335514327411,0.15865585605131896,0.5130115670581085,1.5205495113850545,1.601160887439636

21.220000000000034,79.04000000000002,0.10100548450212496,0.1279252000612576,0.17726456263408388,0.2673285881262788,0.1805674827310518,0.1616678165116337,1.2665173635389528,1.480491304053926

21.220000000000034,79.05000000000003,0.0364428221862335,0.064824024733297,0.37398536930332604,0.30374437464680487,0.05271671722491357,0.7045458659295972,1.778787170328042,5.0

21.220000000000034,79.06000000000003,0.08590321715187645,0.06508588215113348,0.5,0.12430550382770007,0.17238103175553735,0.7696425118891635,0.7576652450663803,0.7211089438881731

21.220000000000034,79.07000000000004,0.03579753310478962,0.13937939236999664,0.18342431982982332,0.3461604336385405,0.11893992498118208,0.13644492235243497,3.8935474009518627,2.9103804580528343

21.220000000000034,79.08000000000004,0.048566931179125084,0.04193695153793757,0.32382078623747323,0.04757299750534276,0.13627969563462822,0.7706845420056557,0.8634877772473717,0.3490835318416008

21.220000000000034,79.09000000000005,0.12458094061600276,0.0791314492837879,0.19862580951180425,0.16908635129730148,0.0787641038217469,0.430211475671762,0.6351810223056314,2.146743794169116

21.220000000000034,79.10000000000005,0.06131952797709872,0.09692109644288796,0.3762954173797856,0.19046778287747473,0.10297913799066324,0.5903731436188828,1.5805910365296094,1.8495763939079208

21.220000000000034,79.11000000000006,0.07344298619539073,0.09983490407360067,0.14657415909148563,0.26302063554793303,0.19368626627651414,0.18968155796933076,1.3593524597714552,1.3579725628901183

21.220000000000034,79.12000000000006,0.09290203192066163,0.08803626859935225,0.3220586758427788,0.23731027862990162,0.14684316869900912,0.5706542115624258,0.9476247901636079,1.616079798405324

21.220000000000034,79.13000000000007,0.08155045663917708,0.11085279124383532,0.1876011033110728,0.2100229681511098,0.12588107991452047,0.2571529922770111,1.359315394129256,1.668423627497345

21.220000000000034,79.14000000000007,0.07107256715430615,0.12255423023271077,0.25510154109017164,0.2205601858760565,0.13901558236844655,0.3509738785615967,1.7243535018820562,1.5865860643796443

21.220000000000034,79.15000000000008,0.07738883007398557,0.1240455018183714,0.17359747248527826,0.15263838835341723,0.16912059123321327,0.1664812373488338,1.6028863795911155,0.9025417138749139

21.220000000000034,79.16000000000008,0.138422467557147,0.05504784765328505,0.3598350470895848,0.11599373238610472,0.166504724808165,0.7346342865056726,0.39768000516816987,0.6966392842610357

21.220000000000034,79.17000000000009,0.06447143608899111,0.08293379608284614,0.1948019645560512,0.2713558135635209,0.14054864998015798,0.4027863325039142,1.2863649545472293,1.930689575522502

21.220000000000034,79.18000000000009,0.07211297140144765,0.14191051447507544,0.3345964259331931,0.26875942787752954,0.19876795554483134,0.4043716787264174,1.9678916500095496,1.3521265387352601

21.220000000000034,79.1900000000001,0.09747963188022693,0.12972588750295272,0.24589019717377752,0.33081460626099046,0.19246313184533112,0.3092634058519458,1.330799930894966,1.7188466326888927

21.220000000000034,79.2000000000001,0.09900577798873801,0.03884562194075519,0.26975276282012495,0.16429880322293167,0.16442860145651753,0.7482448133468536,0.39235711986363264,0.9992106097579304

21.220000000000034,79.21000000000011,0.10133090916680984,0.10763919601408573,0.29687559074002456,0.2677970647210607,0.14631058914550116,0.46781082144764125,1.0622543189725637,1.830332760615924

21.220000000000034,79.22000000000011,0.08476190666087392,0.02,0.2068175328341273,0.19914052901446472,0.1762660547559745,0.8236467896350109,0.23595505061516617,1.129772429394762

21.220000000000034,79.23000000000012,0.03118985261808381,0.09509739608241226,0.30493671135410133,0.30203324896353956,0.15893337109005662,0.5245535601049612,3.048985095953178,1.9003765332729299

21.220000000000034,79.24000000000012,0.11436294596903113,0.16895068066983646,0.4378334564354542,0.2899373943674656,0.19608000359029473,0.4431275626354216,1.4773201152745348,1.4786688540939499

21.220000000000034,79.25000000000013,0.030849638209437556,0.05494429130923784,0.20789052141674216,0.23288465794570742,0.18783806883691267,0.5819100919814922,1.7810351861541671,1.2398160780918381

21.220000000000034,79.26000000000013,0.07419906395716913,0.059307078180333914,0.4037810143273985,0.19403288903337623,0.09176730492911075,0.7438626508560603,0.799296850087473,2.11440108186488

21.220000000000034,79.27000000000014,0.04237172449941733,0.12306119126291148,0.4373097633487929,0.28476525250257345,0.08820184146291178,0.5607866886097866,2.904323400247054,3.228563570290749

21.220000000000034,79.28000000000014,0.06295584960220824,0.03979032120909453,0.20678450109721055,0.3149799799535456,0.1072575227797932,0.6772556024107912,0.6320353294778713,2.9366702819209554

21.220000000000034,79.29000000000015,0.07462287230910236,0.06682979880459536,0.14379453949096022,0.16898917185396206,0.19094693450334296,0.3654123795599726,0.8955672255312915,0.885005942645824

21.220000000000034,79.30000000000015,0.07428071646350608,0.11581764550326694,0.3203960900171924,0.12365409285643453,0.06314455016143454,0.4689867095150918,1.559188587043974,1.9582702283011766

21.220000000000034,79.31000000000016,0.07717762262705637,0.06640856609242062,0.23635924772332906,0.1961026969522688,0.16151786945539642,0.5613234756789575,0.8604640016871055,1.214123845813919

21.220000000000034,79.32000000000016,0.11281133807175718,0.08216120051155779,0.47886032191631706,0.32207896707436906,0.1597271545546447,0.707101431006239,0.7283062309434355,2.0164321324746224

21.220000000000034,79.33000000000017,0.0778860290454171,0.12118742841259794,0.29638075405000047,0.29595410111130693,0.19955240293430618,0.41955621369963686,1.5559584914302793,1.4830896376648883

21.220000000000034,79.34000000000017,0.05683530094127817,0.10810184334145892,0.2135800591964998,0.13753707712305344,0.15025693453319083,0.3278960208518562,1.9020193675572692,0.9153459536414124

21.220000000000034,79.35000000000018,0.0929626150486483,0.1322525566073562,0.179984048898847,0.16002837706439932,0.07389953047080132,0.15286962333843196,1.422642385822331,2.165485705096328

21.220000000000034,79.36000000000018,0.09960411466773673,0.07731510882919473,0.4045904959091017,0.30402786947755783,0.09291225196759012,0.6791275797460881,0.7762240446540092,3.2722042864313434

21.220000000000034,79.37000000000019,0.026971765545887684,0.1055024446107544,0.23938160259160046,0.1350054866669456,0.08160022390510493,0.3881859976651112,3.911588362285807,1.6544744614732874

21.220000000000034,79.3800000000002,0.08160200209549313,0.08557069279600582,0.30178287994606234,0.24985067265493402,0.11362280168333906,0.5581778568961608,1.0486347208859526,2.198948351329694

21.220000000000034,79.3900000000002,0.08459518226932428,0.1086522243970274,0.39388027451126806,0.17077501492645064,0.13119492162879964,0.5675813020592969,1.284378393117888,1.3016892169002487

21.220000000000034,79.4000000000002,0.05451309489919752,0.0913675346938598,0.2507741648069375,0.3921517736598132,0.08188792368894304,0.46590821960336753,1.6760658094207421,4.788884068797989

21.220000000000034,79.41000000000021,0.10459120439934579,0.08267724102481416,0.29550711712600486,0.1593702640603415,0.21351309953261027,0.562767527154145,0.790479863202372,0.7464191393154247

21.220000000000034,79.42000000000021,0.05869833238902135,0.05020168829791517,0.2993431590177694,0.29303530711440084,0.07353593140237366,0.7127596717899007,0.8552489682275839,3.984926839540232

21.220000000000034,79.43000000000022,0.06684729360414335,0.11468560427967006,0.37023245115163106,0.27076812694106184,0.20692517119311965,0.5269897541595367,1.7156357112563496,1.3085316070972608

21.220000000000034,79.44000000000023,0.05776784527148094,0.05699996545484175,0.3618744335510549,0.23005363979639265,0.19869815157196255,0.7278422093758399,0.9867074855968527,1.1578046290848036

21.220000000000034,79.45000000000023,0.06330737142744099,0.04469814199351571,0.28168862687453994,0.07417839930539433,0.1841751274844472,0.7261032229655705,0.7060495628718532,0.4027601353031905

21.220000000000034,79.46000000000024,0.029831747393140852,0.09942644591421088,0.31096490614967504,0.05759606527559194,0.10439166962515782,0.5154554527527868,3.3329071968402713,0.5517304726251697

21.220000000000034,79.47000000000024,0.019398473522168017,0.09740959103430169,0.2683220988476749,0.19606038418128013,0.15602254395884033,0.46731664904891296,5.0,1.2566157369369675

21.220000000000034,79.48000000000025,0.11031515189674596,0.12003494939793809,0.15863875930807966,0.22848342443915476,0.07485144332246427,0.13852691764695083,1.0881093596415372,3.0524918958420884

21.220000000000034,79.49000000000025,0.03695115955044689,0.09268347038208845,0.33306008573983753,0.15856338247002136,0.18408535175168256,0.5646042361530158,2.5082695985420185,0.8613579563776251

21.230000000000036,79.0,0.0384182295163105,0.1135621138734698,0.45301917608330894,0.1491914612666553,0.14354076092318613,0.5991321424959535,2.955943441632638,1.039366520026715

21.230000000000036,79.01,0.01,0.11909190289094601,0.17632808593089636,0.2644030840878284,0.1265939892706652,0.19374512621450607,5.0,2.08859113613728

21.230000000000036,79.02000000000001,0.04875114756931453,0.11467095231326319,0.18829702903973278,0.2641998136319981,0.08569275766718591,0.24301603216738704,2.3521692882204825,3.083105509917052

21.230000000000036,79.03000000000002,0.028107306197774583,0.06367385268791362,0.1794272228356294,0.2148581257728439,0.03,0.476153261974731,2.2653843813184986,5.0

21.230000000000036,79.04000000000002,0.11694045480409054,0.10249453929084676,0.3398591778723163,0.2788141204830239,0.09459295714821139,0.5365946511087136,0.8764677662226328,2.94751457818807

21.230000000000036,79.05000000000003,0.09785451268027844,0.11090561184218556,0.3131485454196485,0.14170583929958824,0.20197990978064442,0.47692713316543306,1.1333724801349934,0.7015838326857665

21.230000000000036,79.06000000000003,0.046795489644667634,0.0964471386763167,0.25334623075835927,0.1986845558039104,0.1260183285762588,0.44854793071338855,2.061034924574262,1.5766322081157826

21.230000000000036,79.07000000000004,0.13489307416032856,0.02,0.1782980938361089,0.33865143240485535,0.13751355714424657,0.7982834867142602,0.14826558079180727,2.4626766930576522

21.230000000000036,79.08000000000004,0.09665296460974704,0.10221958495893804,0.2802376791639983,0.22778254909578527,0.17857771791442145,0.4654587867921697,1.0575938903261561,1.2755373493875095

21.230000000000036,79.09000000000005,0.05733505849474049,0.18412124157588844,0.11543778726642587,0.23154187602108786,0.23590344390581203,-0.229281869927175,3.211320369920724,0.9815112153063068

21.230000000000036,79.10000000000005,0.01,0.08103842924971934,0.28714265668575606,0.3838162610177396,0.21169023274728058,0.5597903728715112,5.0,1.813103305973666

21.230000000000036,79.11000000000006,0.1355682771777213,0.06613691608578572,0.3608524386088006,0.12414604839058363,0.09664324980918915,0.6902174942155057,0.4878494985246402,1.2845806459037492

21.230000000000036,79.12000000000006,0.025032825997091102,0.1100139423884544,0.14948008633663987,0.2775501256649452,0.04795147142812814,0.15208883274453563,4.394787147154687,5.0

21.230000000000036,79.13000000000007,0.017238037591292166,0.13961366694425964,0.12224817231704176,0.4055748475038771,0.26288071295500354,-0.06631548403376945,5.0,1.5428094468802553

21.230000000000036,79.14000000000007,0.09715711296028806,0.14242940661665485,0.4343437891694945,0.1984599451450989,0.25816958058297096,0.5061164156637773,1.4659699339591779,0.7687193224704705

21.230000000000036,79.15000000000008,0.13955257219017697,0.04422527376364267,0.21612403604955058,0.2810741550798362,0.1539626798214623,0.6602620239063551,0.3169076215355126,1.8255992635566913

21.230000000000036,79.16000000000008,0.10776818455531428,0.1236152101029978,0.39179478459439177,0.1518586351952335,0.080835587720907,0.5203228055304142,1.147047345173055,1.8786111326570618

21.230000000000036,79.17000000000009,0.08303727360156946,0.1531359471850735,0.2637002334802268,0.20667447877233844,0.19234132669469498,0.26524637590758116,1.844183224697792,1.0745193568979725

21.230000000000036,79.18000000000009,0.0838426302499572,0.08831413852237607,0.2638045183058777,0.24694764912333092,0.13860081569936739,0.49838421319225584,1.0533321551787547,1.7817185829613136

21.230000000000036,79.1900000000001,0.09148246676340778,0.10736749271686542,0.32474126994967545,0.27559966711773765,0.1381709438446673,0.5030533883207836,1.173640112669628,1.994628242737531

21.230000000000036,79.2000000000001,0.08852785769360144,0.13481829926393202,0.1934001143253673,0.29786555586843344,0.18836294215525418,0.1784842428642363,1.522891241514672,1.5813384113781266

21.230000000000036,79.21000000000011,0.07407574271907971,0.12835261520113567,0.2959497143495764,0.3289740010857606,0.16017873734366256,0.39499452969397447,1.7327212703707893,2.0537931958757385

21.230000000000036,79.22000000000011,0.06864603311855465,0.0475592275170484,0.24545105851760302,0.21407874090113316,0.08398925444925028,0.6753750307237147,0.6928182924369387,2.548882497529491

21.230000000000036,79.23000000000012,0.06352220616301263,0.1636782257112819,0.15245065565950958,0.3624633874344923,0.12686290324589874,-0.035515799757162306,2.5767087659640624,2.857126692475386

21.230000000000036,79.24000000000012,0.042661062333997954,0.09033245579869663,0.3191482074726531,0.19423866095855516,0.17597764643306468,0.558795010709573,2.117445057503018,1.1037689433018947

21.230000000000036,79.25000000000013,0.05673974769399495,0.09565496392061788,0.25996921931222206,0.2810463918111742,0.1682526111202482,0.46204466145042006,1.6858545841252668,1.6703835368312663

21.230000000000036,79.26000000000013,0.014251295574136555,0.09548787964006497,0.2714975171555433,0.232124215849648,0.15566082871792095,0.47960937684271293,5.0,1.491217910198638

21.230000000000036,79.27000000000014,0.06196981119615556,0.08637028044806669,0.1670839056585988,0.2484974534957298,0.18905114772379028,0.31845449632746864,1.3937476755464135,1.3144456214957652

21.230000000000036,79.28000000000014,0.03514226678547047,0.1398682998842796,0.44814003677629544,0.2466455511815376,0.12411415060913375,0.5242642282766439,3.980059121971667,1.9872476246448392

21.230000000000036,79.29000000000015,0.031572320483524804,0.08867128160602841,0.3775714186386271,0.10437064931414797,0.1509534887609505,0.6196346598435496,2.808513278947865,0.6914093215181537

21.230000000000036,79.30000000000015,0.06995682453460222,0.04705815486467006,0.3872155884172139,0.13771146987974053,0.03,0.7832788390649309,0.6726742545915104,4.59038231402341

21.230000000000036,79.31000000000016,0.10620006859033579,0.07591880576120756,0.2611555297558482,0.2232779007872211,0.11917749030785602,0.5495426510462215,0.7148658818910555,1.8734905393888286

21.230000000000036,79.32000000000016,0.09186949818006715,0.09862778867241564,0.11968171104967486,0.09769046442511256,0.17967514542877883,0.09644070640268484,1.0735640285282242,0.5437060542659493

21.230000000000036,79.33000000000017,0.017084981891302378,0.14046859137187853,0.48879173824896843,0.2736847772239771,0.1217802766441394,0.5535437885169295,5.0,2.247365374271479

21.230000000000036,79.34000000000017,0.03439115590288751,0.11524378739794978,0.28829024919943097,0.276208917640164,0.11780863041414083,0.4288274248629308,3.3509716099183704,2.34455588215169

21.230000000000036,79.35000000000018,0.09218313563964403,0.05691858885011459,0.2204200203980129,0.23780193870143923,0.0888673524112554,0.5895372156520198,0.6174512115846406,2.675920143691922

21.230000000000036,79.36000000000018,0.03436537819384822,0.2472178756672975,0.3378801574483301,0.163344742928327,0.19092829463645353,0.15495229283674694,5.0,0.8555292611490546

21.230000000000036,79.37000000000019,0.05698100550008671,0.13152231617084995,0.4138120788003489,0.37309167086494754,0.1680031636770247,0.5176452561600177,2.308178221597581,2.2207419341228487

21.230000000000036,79.3800000000002,0.08010156297073394,0.14141562951995668,0.29569494439147304,0.3566047447802785,0.1816707298911503,0.35295260294362546,1.7654540573082096,1.9629179934359802

21.230000000000036,79.3900000000002,0.03442966635408826,0.08415142265690682,0.4267575167939575,0.22399537792121146,0.053909301902101484,0.6705815217056736,2.444154455260907,4.1550413305755605

21.230000000000036,79.4000000000002,0.06652126518437607,0.11137436978821387,0.4080999938517075,0.2491374764915797,0.13201749783671418,0.571203594970957,1.6742671582101207,1.8871549634353002

21.230000000000036,79.41000000000021,0.02321923515245107,0.123438740180732,0.1930618812598152,0.22722170583571608,0.12585444961249548,0.21997789685276714,5.0,1.8054324368728007

21.230000000000036,79.42000000000021,0.04507897068146073,0.13840778847016594,0.23422098943407385,0.2499258432299088,0.12565141467006807,0.2571277545364941,3.0703404729703325,1.9890412192115214

21.230000000000036,79.43000000000022,0.07259345802427318,0.1317947322151246,0.3982537163279987,0.20413088703614493,0.10869862281409781,0.5027068465061737,1.8155180317970858,1.8779528347609813

21.230000000000036,79.44000000000023,0.015090187994046938,0.16147024400378904,0.05,0.25173660385311153,0.12201478641099475,-0.5271202313885812,5.0,2.0631647282391268

21.230000000000036,79.45000000000023,0.07597424213880892,0.07653653075223109,0.289354430683524,0.27530023203480797,0.181622239135328,0.5816429546060164,1.0074010414168362,1.5157848135442342

21.230000000000036,79.46000000000024,0.06205086603219646,0.06609015832175288,0.16211687983755615,0.3757936913327431,0.04331743233260386,0.4207877296347416,1.065096467484449,5.0

21.230000000000036,79.47000000000024,0.07909469863251126,0.10208430041296315,0.25844461985667133,0.11329501359187034,0.22764473840151794,0.4336970229278661,1.2906591977573614,0.49768342698206

21.230000000000036,79.48000000000025,0.06911742402193662,0.12592512289363791,0.27711799109710383,0.20373312609178423,0.16279205625131823,0.37512827515873676,1.821901271544516,1.2514930436907308

21.230000000000036,79.49000000000025,0.10320421289921203,0.10336452355961001,0.2720755622092739,0.15368131924049516,0.13630340521698442,0.44936874084506623,1.0015533334903606,1.1274943489716711

21.240000000000038,79.0,0.07183673507943691,0.13972687862857502,0.2091738747887414,0.3366417429003251,0.19246170731864587,0.19904513091491394,1.9450616495802486,1.749136217357027

21.240000000000038,79.01,0.05507783376624205,0.20155807076528065,0.1555856350371213,0.22051001057712746,0.07434826274157769,-0.12872251412635116,3.6595133943497062,2.9659066957219067

21.240000000000038,79.02000000000001,0.0715089250909681,0.06010716323706258,0.49539112668187174,0.12357594443499335,0.11352495474244867,0.7835919052603606,0.8405547010606502,1.0885355083954322

21.240000000000038,79.03000000000002,0.08401894087109116,0.0820341234025925,0.4538462004161387,0.32276770790327874,0.14052622838047157,0.6938341648646411,0.9763765462221003,2.296850284771804

21.240000000000038,79.04000000000002,0.06906580210977059,0.09078499764378573,0.1517934179743758,0.3461017780320164,0.21467801852160803,0.25149978884136326,1.3144710513612563,1.6121901080243162

21.240000000000038,79.05000000000003,0.06869775073611586,0.14108185874583706,0.4271116751303613,0.3241822209591022,0.14389517094367119,0.5034020967871592,2.0536605205954914,2.2529054909057034

21.240000000000038,79.06000000000003,0.04630024936579667,0.07505731944931697,0.22985345095271972,0.23773585140973252,0.1685427335592563,0.5076768237754619,1.6210996768983712,1.4105375310356854

21.240000000000038,79.07000000000004,0.047352972473470825,0.14994810715468468,0.28361874733317655,0.25173986459431774,0.1163810502031925,0.30830456425354774,3.1666038900098967,2.1630657563107776

21.240000000000038,79.08000000000004,0.025041841846008408,0.11264267446073686,0.26527260401031433,0.32183884639778687,0.17002210344837337,0.40387340286079954,4.498178476790992,1.8929235651188128

21.240000000000038,79.09000000000005,0.11948730229560733,0.1262012465085168,0.2065251358746098,0.19356726131880883,0.22936197964872154,0.24141124237470538,1.0561896032323206,0.8439378729241535

21.240000000000038,79.10000000000005,0.029564102938260537,0.037883619045257534,0.37178523436062155,0.2143707027139558,0.19509633458370432,0.8150524806996884,1.281406000927214,1.0987941063141942

21.240000000000038,79.11000000000006,0.04597284406612181,0.042507367342898256,0.2868886530576731,0.19021168960433021,0.14106720061110456,0.7419072195935983,0.9246190466114923,1.348376437935208

21.240000000000038,79.12000000000006,0.045087782032923046,0.1062003700112707,0.22754485767808363,0.13984942848957768,0.1787345423632719,0.3635841880663545,2.3554134842601475,0.782442087367165

21.240000000000038,79.13000000000007,0.09336773130833215,0.026000000000000002,0.14564105561996096,0.23797647820898526,0.17365584773035894,0.6970421797868687,0.27846879867191204,1.370391387230794

21.240000000000038,79.14000000000007,0.05755150965123801,0.13510549638576114,0.18764049862809665,0.2985404767187685,0.16992938358486204,0.16277507091544946,2.347557813335294,1.7568502294601307

21.240000000000038,79.15000000000008,0.1037122621802108,0.08809384622510535,0.11376198843979947,0.2603621503874877,0.2000176680430186,0.12716076423844275,0.84940627355223,1.301695759203237

21.240000000000038,79.16000000000008,0.04595528127268267,0.2,0.28002235484152654,0.2655017350075708,0.1994638851918714,0.16670547531327864,4.352056913286284,1.331076724085002

21.240000000000038,79.17000000000009,0.07440982486671271,0.1863766500246424,0.16003344077157047,0.23035329281572892,0.13770207015625377,-0.07604631027034532,2.5047317354666285,1.6728382687860668

21.240000000000038,79.18000000000009,0.04085958840220588,0.08662203723009723,0.25404394874815645,0.2564326647909977,0.17597395307388636,0.49145473384478444,2.11999289286579,1.4572194359787274

21.240000000000038,79.1900000000001,0.13015447383320017,0.08944651989874522,0.4185101853610481,0.16345867603562894,0.1245452539420081,0.6478183317399506,0.6872335402365984,1.3124440372532835

21.240000000000038,79.2000000000001,0.03005204742911309,0.1333432605600789,0.40232995729217,0.1975343079850901,0.09736638018421882,0.502146995066065,4.437077388184677,2.028773252209588

21.240000000000038,79.21000000000011,0.07485462130680924,0.16146690439671915,0.28007231058975013,0.2323402965878034,0.1298653122147983,0.26861805733337585,2.1570732890251603,1.7890866502103497

21.240000000000038,79.22000000000011,0.0844533064279613,0.027638837702556852,0.2754915273856974,0.2380261101217282,0.13934609241301837,0.8176438857559374,0.3272676800807796,1.7081649426193322

21.240000000000038,79.23000000000012,0.07773397292354324,0.02152498138580998,0.4730874549421136,0.24071314984452682,0.05990095054109783,0.9129622312319408,0.27690571507635053,4.018519694065997

21.240000000000038,79.24000000000012,0.05964137023366698,0.06791860777782209,0.33807561203588443,0.2083165302588491,0.18581662797083337,0.6654208139108083,1.138783488673175,1.1210865917739006

21.240000000000038,79.25000000000013,0.06118537900799538,0.11592950332695184,0.25411935401236146,0.19128036192087233,0.03,0.37343677167837835,1.8947255866851822,5.0

21.240000000000038,79.26000000000013,0.06627434415937139,0.14600942670639136,0.14519818828796902,0.48,0.2781808469743132,-0.0027857733670854645,2.203106320222025,1.725496219629286

21.240000000000038,79.27000000000014,0.06042993995114339,0.1350508581993511,0.328087321816489,0.280575109105263,0.217353956689813,0.4168010151286936,2.234833562387355,1.2908672712895974

21.240000000000038,79.28000000000014,0.09363637350384528,0.04409209886538465,0.37253237725830135,0.2457203233166785,0.12902956379138128,0.7883364927810358,0.4708864426118053,1.9043722686959477

21.240000000000038,79.29000000000015,0.13091569004773845,0.02,0.22733484754865121,0.2001754051255472,0.14237131802818553,0.8382759223770135,0.15277007650824728,1.4060093546743533

21.240000000000038,79.30000000000015,0.04775524644976285,0.12604056781208262,0.32052027551381934,0.1846146821139233,0.15686859367936096,0.43550550964060697,2.639303048739228,1.1768747182982198

21.240000000000038,79.31000000000016,0.023265910612625465,0.05841214908138732,0.2559426705085136,0.2067439584391076,0.11208198060054958,0.6283680384540712,2.5106323927259555,1.84457802357604

21.240000000000038,79.32000000000016,0.06159153854946009,0.026000000000000002,0.2747967600801167,0.2833176228612746,0.15099095737934343,0.827125797269683,0.42213590649156346,1.876388014163261

21.240000000000038,79.33000000000017,0.14151128012962721,0.09698254983837178,0.05,0.08366951191557848,0.13398000111491346,-0.31964712721388394,0.6853344106632372,0.6244925448341101

21.240000000000038,79.34000000000017,0.03988976296090569,0.12272702752874351,0.27282185962840433,0.10514272832376614,0.1362863641384481,0.37945962417051016,3.076654713174348,0.7714838451468796

21.240000000000038,79.35000000000018,0.11305350416331957,0.08593771471514525,0.3928369302408238,0.17011823277426683,0.14989305317402823,0.6410097499833181,0.7601508265943059,1.13493073266887

21.240000000000038,79.36000000000018,0.11409102442229072,0.07232606455269668,0.23365974444336302,0.22889976057449352,0.0749636100822965,0.5272586998961707,0.633932992148439,3.0534783479324847

21.240000000000038,79.37000000000019,0.0470323527487576,0.08408551071415987,0.30295263682155094,0.197350879699364,0.14243848620667854,0.565492387363826,1.7878227564875284,1.3855165469426276

21.240000000000038,79.3800000000002,0.08058949237555563,0.07545668950396475,0.2230049293308277,0.3172684858269573,0.1484523873308699,0.4943625259202896,0.936309277873319,2.137173347748956

21.240000000000038,79.3900000000002,0.11225189869385344,0.03617811552238928,0.3355441676292975,0.10973222491028942,0.14654248106779166,0.8053486852823742,0.3222940182849743,0.7488082911919965

21.240000000000038,79.4000000000002,0.05190616777037264,0.07973260479649218,0.2787476802464033,0.1927269805533086,0.12912846222818813,0.5551632368585647,1.5360911442280158,1.4925213007143292

21.240000000000038,79.41000000000021,0.05705258919692633,0.11059119620054836,0.20737584593182043,0.31930642186937,0.19663288879846436,0.30438579121839393,1.9384080120357725,1.6238708776447401

21.240000000000038,79.42000000000021,0.04558957258153781,0.10242714165505569,0.43545514676653435,0.22177835272725308,0.12187737225591812,0.6191466278371635,2.246723003318149,1.8196843962109261

21.240000000000038,79.43000000000022,0.032477298079211056,0.09610239223866841,0.39599320135324356,0.27423898079607373,0.1507462953411551,0.6094157577487452,2.9590636421900456,1.8192087572933084

21.240000000000038,79.44000000000023,0.043321673648016784,0.04939406072586032,0.24350932360720504,0.3555872860288549,0.20406487669627277,0.6627279614985269,1.140169722277213,1.74252076894082

21.240000000000038,79.45000000000023,0.025961791997129245,0.08175987351456872,0.35467883094180075,0.16313369074686476,0.1350511929989798,0.6253317008276071,3.1492384350312013,1.20793964868791

21.240000000000038,79.46000000000024,0.06358250404777366,0.02,0.35954120028206155,0.20444799635454994,0.14956316337337286,0.8946095969034866,0.31455193953225735,1.3669675848421619

21.240000000000038,79.47000000000024,0.03934080306823756,0.09579906655541082,0.3709301235011415,0.19203011693483102,0.13384076818425036,0.5894875716975084,2.435107034946245,1.4347655008001627

21.240000000000038,79.48000000000025,0.06933357735371919,0.14563430831253785,0.13817441040051656,0.07397848968616258,0.2003484896781751,-0.02628494974791504,2.100487435683672,0.3692490508317343

21.240000000000038,79.49000000000025,0.01552313061388788,0.038135129133804055,0.4091606541032876,0.22652666848448866,0.12541377192068026,0.829485854307441,2.4566648208203383,1.8062343938362306

21.25000000000004,79.0,0.0779264069664334,0.07356289306728933,0.2080301037074292,0.2866743531166458,0.21116772886440982,0.47752327697256153,0.9440046812959809,1.3575670606608732

21.25000000000004,79.01,0.09288586884826736,0.10998427114840463,0.2301172066558761,0.2625412679268559,0.14164060526764619,0.35322673764235174,1.184079692570462,1.853573466771034

21.25000000000004,79.02000000000001,0.01,0.1467537053770987,0.5,0.2677358218571596,0.1036670138275985,0.5461836424459569,5.0,2.582652009675397

21.25000000000004,79.03000000000002,0.07886169709542667,0.07853101534799328,0.2978873380721049,0.19781437135523378,0.18042865852870532,0.5827460873594185,0.9958068129498414,1.096357822857319

21.25000000000004,79.04000000000002,0.10435006977419821,0.08916698287817232,0.22996775245528664,0.21344783217552443,0.13104660831221634,0.44119537594638275,0.8544985450002072,1.6287932573127664

21.25000000000004,79.05000000000003,0.03111076943926322,0.02,0.05,0.3123478970329019,0.1771250449549572,0.4285714279591837,0.6428642009243482,1.7634315742078632

21.25000000000004,79.06000000000003,0.11745717160513042,0.10005752517232323,0.40937641339464065,0.18838779975496142,0.03,0.6071815494501845,0.8518639068162819,5.0

21.25000000000004,79.07000000000004,0.07973057028098061,0.17742304160574865,0.1367790329191453,0.24348574271552315,0.1460002630947462,-0.12935627091299653,2.2252824827159667,1.6677075601620213

21.25000000000004,79.08000000000004,0.04588964432724693,0.10665433847858584,0.17185610965005568,0.23403342764742568,0.12257973506212476,0.23410888742652425,2.3241482868248142,1.9092342411891456

21.25000000000004,79.09000000000005,0.06524692767026796,0.09448884083265019,0.23996477009122158,0.3246201911379961,0.0922170656734348,0.4349659398600064,1.4481730260977488,3.520174800785196

21.25000000000004,79.10000000000005,0.08354980737565074,0.10808329243067803,0.41564117917003623,0.2899988650370629,0.11753794990800864,0.5872513188864585,1.2936390363577701,2.467278568473445

21.25000000000004,79.11000000000006,0.06896016174237136,0.09457631984205445,0.3522239986665833,0.13103189655329905,0.11633484278536593,0.5766506157087327,1.3714631363284255,1.126334065559493

21.25000000000004,79.12000000000006,0.08272267977339003,0.062319425109593235,0.26001624901598186,0.13827127832574457,0.14244071025746938,0.6133259198857325,0.7533535567872718,0.9707286489848218

21.25000000000004,79.13000000000007,0.0388197922076179,0.12759119662710655,0.3075292063638904,0.26162368726483665,0.07629367693575054,0.41353613496067965,3.2867562921522473,3.429166051889754

21.25000000000004,79.14000000000007,0.07140082472108117,0.10351046092446842,0.2175614307128982,0.21629636468345542,0.16029368901298394,0.35521941572425864,1.4497095962665525,1.3493754238259352

21.25000000000004,79.15000000000008,0.023788565092849368,0.09500453007734444,0.29246536895654435,0.18863797512323344,0.21261073926028756,0.5096159451884753,3.993705770279157,0.8872457510416246

21.25000000000004,79.16000000000008,0.06274321815953769,0.07163696658152847,0.2867336744778234,0.3495527422555316,0.15816642484738938,0.6002073919907149,1.1417483605192476,2.210031252661889

21.25000000000004,79.17000000000009,0.03884277075605495,0.14608031727738835,0.3771769895681455,0.23302215674622034,0.1843894304614484,0.44165015800689456,3.7608109323286554,1.2637500752439546

21.25000000000004,79.18000000000009,0.043774101722305586,0.12034810981332228,0.3779178122439056,0.22327201708225752,0.19848812273068764,0.5169322062312485,2.749299352888094,1.124863361586178

21.25000000000004,79.1900000000001,0.10280279525631165,0.07146316650530571,0.3314977382205756,0.2738880048528498,0.2054044756092066,0.6453096779391796,0.695148086757917,1.3334081640976319

21.25000000000004,79.2000000000001,0.09833930361782654,0.1334729941472752,0.24676524424540133,0.19274237035394662,0.23690693464106297,0.2979507020315321,1.3572700751498181,0.8135784229558843

21.25000000000004,79.21000000000011,0.08375414362721371,0.07331716646458933,0.3580822294390247,0.3284963289830748,0.11825990008620108,0.6600961095737135,0.8753855415605765,2.777749080337925

21.25000000000004,79.22000000000011,0.03259061705982097,0.06175986029955603,0.2756031533797078,0.16323666637368528,0.10711580074194169,0.6338670344582265,1.8950196615391526,1.5239270498901896

21.25000000000004,79.23000000000012,0.05574774650915422,0.062471875300785934,0.17750856312869961,0.26408503464394184,0.18203328241623415,0.47935860327957325,1.1206170491297949,1.4507513735593387

21.25000000000004,79.24000000000012,0.10151293099937372,0.021837257876473677,0.24627122080891953,0.3181682987061847,0.1780933109828673,0.8371013253635051,0.21511799176694643,1.7865258204904737

21.25000000000004,79.25000000000013,0.0692515074091953,0.11136169521672547,0.2959526983784463,0.12108931575094838,0.18128376498078166,0.4531904740392408,1.6080761159161585,0.6679545501329912

21.25000000000004,79.26000000000013,0.13445988619944893,0.026000000000000002,0.3794215783664888,0.2317998452283885,0.2367841227125097,0.871738449895315,0.19336622033203785,0.9789501191003932

21.25000000000004,79.27000000000014,0.07655953518182919,0.04300224674936654,0.27094718278429947,0.2968545175019841,0.14270849543992176,0.726056219630378,0.5616837483543712,2.080146079452859

21.25000000000004,79.28000000000014,0.07040147349469893,0.02,0.1692801288760546,0.29760711834116665,0.16326782798230619,0.7886730090665761,0.28408496269751315,1.822815442801981

21.25000000000004,79.29000000000015,0.05524650607392287,0.08833721228836114,0.2967741683296976,0.20429530797281803,0.0927605874258231,0.5412381105245337,1.5989646840338574,2.2023934239953515

21.25000000000004,79.30000000000015,0.06840622714346631,0.0855871815891219,0.3033456040056714,0.16457302344261446,0.24836605619879465,0.5598870304223486,1.2511606770024963,0.6626228474821305

21.25000000000004,79.31000000000016,0.059705904908581464,0.07835215147254213,0.3114837628902919,0.2826155075631478,0.12459275393954113,0.5980249709393461,1.3123015464095327,2.268314154717666

21.25000000000004,79.32000000000016,0.08540326030065545,0.04953689221317353,0.38578715159546006,0.29824843718070665,0.1258292035919551,0.7724137090228336,0.580035141290617,2.3702640438769236

21.25000000000004,79.33000000000017,0.09274106950383519,0.04417064986253089,0.3965923240090074,0.1335735656041265,0.12372250544958435,0.7995718673257561,0.4762792800559233,1.079622215948368

21.25000000000004,79.34000000000017,0.04034031618475912,0.10945479454185937,0.23617891276185132,0.13052604457234737,0.10863520706777952,0.3666428230391729,2.7132854826726343,1.2015077613904577

21.25000000000004,79.35000000000018,0.023863011393264202,0.06867792273165681,0.23488565419512414,0.2302679677388458,0.10422814755761384,0.5475219823516713,2.878007360933572,2.2092685413087145

21.25000000000004,79.36000000000018,0.01,0.10317433286144201,0.1933801289044716,0.2582552443400161,0.11433478585551995,0.3041795273470406,5.0,2.2587635266181025

21.25000000000004,79.37000000000019,0.07879973980737373,0.05493005255502723,0.36818156702806704,0.1929651640338897,0.07205020359744889,0.7403519541903896,0.6970841860594406,2.6782042816170706

21.25000000000004,79.3800000000002,0.03033900181478115,0.09740250971083933,0.4440820108337914,0.26115056739875786,0.10089410398683411,0.640238987275637,3.2104717875832582,2.588363014492895

21.25000000000004,79.3900000000002,0.01,0.1421111214926385,0.26859180720912795,0.16359043752137647,0.2374281555723769,0.3079614895503649,5.0,0.6890102694775263

21.25000000000004,79.4000000000002,0.07485735813592616,0.11324663201570719,0.27685694352752144,0.0649714480648316,0.1765827571820643,0.41940223501423374,1.5128323345153387,0.3679376688010909

21.25000000000004,79.41000000000021,0.13786998552298088,0.07312344727133654,0.4485782556899188,0.1830269249367112,0.18591520883638166,0.7196733424780452,0.5303797410358759,0.9844645092986511

21.25000000000004,79.42000000000021,0.06277787265380032,0.09972795881423277,0.35335578532152245,0.21682625025590985,0.19830043937084138,0.5597813422662065,1.5885845512055146,1.093422943663181

21.25000000000004,79.43000000000022,0.0879947232335463,0.07963339301878705,0.34732357048012763,0.19279120280724066,0.2309667282181151,0.6269722718770551,0.9049791851374382,0.8347141781464968

21.25000000000004,79.44000000000023,0.06517488075642394,0.08939520738778461,0.1855083494026499,0.1306977715438285,0.05050887242780326,0.349624948844049,1.371620572421398,2.587620055701782

21.25000000000004,79.45000000000023,0.059633310404262646,0.07587555791405526,0.373372806927965,0.08440457168847507,0.07740584423566835,0.6622110890760939,1.2723687025329844,1.0904160068645068

21.25000000000004,79.46000000000024,0.09005229448962992,0.08214659176457965,0.21348636594904769,0.1752137836942393,0.09853381695526103,0.44426634687755995,0.9122098680430443,1.7782096434564552

21.25000000000004,79.47000000000024,0.053651763674337265,0.09702373412296221,0.19389798140652817,0.27373590401547404,0.11505351017551531,0.3329907740780075,1.8083978474789797,2.3792051486301165

21.25000000000004,79.48000000000025,0.07026176942215383,0.04862565201671709,0.2735228423233532,0.29853382075894963,0.12333153047073266,0.6981165337976585,0.6920641530581609,2.4205798742417746

21.25000000000004,79.49000000000025,0.07177093418587709,0.061808300996514666,0.2505207276551559,0.35212792426762024,0.11583112235969298,0.6042103336116235,0.861188468723573,3.04001132674989

21.26000000000004,79.0,0.04787728639070822,0.041338297846751075,0.24344003056149852,0.16768633253960047,0.15784544565660222,0.7096808727455287,0.8634219037199152,1.062345078984242

21.26000000000004,79.01,0.09756127048609531,0.03268915581985103,0.12240183654751102,0.14374055734587354,0.1484647695372602,0.5784519094269093,0.33506283408848897,0.9681795734912114

21.26000000000004,79.02000000000001,0.0624312072991373,0.04782869231118016,0.3632816306467706,0.2589644230485916,0.11037826024108682,0.7673194289775198,0.7661023117076713,2.346154235882585

21.26000000000004,79.03000000000002,0.044887645215214156,0.1027185002721644,0.3810686294516467,0.2683570008118535,0.03756256115062073,0.5753566228205652,2.2883468168322283,5.0

21.26000000000004,79.04000000000002,0.08353529530711154,0.06044849938032378,0.07446575258592285,0.2516118723640334,0.09651656473106422,0.10389749778782606,0.7236282470269169,2.606929419881831

21.26000000000004,79.05000000000003,0.04036596054626825,0.1165245785692429,0.3679457805666598,0.08231557080335497,0.11851806733437027,0.5189609585072522,2.8867039630336495,0.6945402720892109

21.26000000000004,79.06000000000003,0.06804543472107316,0.09718854995010144,0.18994713701784258,0.1623180790581556,0.13344602815961298,0.32304792209890637,1.4282890572403673,1.2163575130342088

21.26000000000004,79.07000000000004,0.06680643010067314,0.02,0.3575975536982842,0.22062178467997962,0.089136627034472,0.8940671100815225,0.2993723798730752,2.4750968459592753

21.26000000000004,79.08000000000004,0.09953686697494653,0.12163902336886637,0.26595535073336457,0.2565052736241279,0.12089967667517776,0.3723385502215773,1.2220499493647712,2.121637381224097

21.26000000000004,79.09000000000005,0.0810809469863977,0.12769194582366708,0.27657755640810644,0.27581151538217186,0.08871063057571936,0.36828306297083174,1.5748699344570056,3.1091145816604273

21.26000000000004,79.10000000000005,0.06596919123764475,0.05532549300660446,0.2560902350578852,0.23189774655974044,0.13878903242258195,0.6446840152698932,0.8386565286731574,1.6708650701344794

21.26000000000004,79.11000000000006,0.09113298897600762,0.11170766171579818,0.39671292042335615,0.24465486645767404,0.09124543358186774,0.5605698680654421,1.2257653660699166,2.6812833978155752

21.26000000000004,79.12000000000006,0.10818622647051834,0.06046007050363045,0.15244119874750514,0.22714058208527463,0.10227476718147518,0.4320365422160602,0.5588518281874001,2.2208858364854587

21.26000000000004,79.13000000000007,0.08309430919055474,0.09844681506993173,0.33808403387350927,0.26889335619529103,0.07910579345054135,0.5489582679636238,1.1847600143794939,3.399161352493011

21.26000000000004,79.14000000000007,0.06655057859530024,0.04378006372179961,0.3883330164889639,0.24250059560436082,0.13668496522150902,0.7973675606379967,0.6578464767713783,1.7741570554885338

21.26000000000004,79.15000000000008,0.02676491302949397,0.02245574189861507,0.3507340080540504,0.224901636203307,0.10085761150237821,0.8796550980007032,0.8389992446442746,2.229892544847888

21.26000000000004,79.16000000000008,0.034046590107737515,0.0786873124154793,0.5,0.20121418406038008,0.18933921333376952,0.7280489453849067,2.311165727180416,1.0627179674577258

21.26000000000004,79.17000000000009,0.056723258869358605,0.08887084214900451,0.22800532372754037,0.22539039975297023,0.16411251333464288,0.4390815609301287,1.5667442908562736,1.3733894816176282

21.26000000000004,79.18000000000009,0.047474633935220084,0.0777328122554137,0.3775304822593638,0.2533213965187457,0.1401474065908157,0.6585149155449151,1.6373546386423101,1.807535383637938

21.26000000000004,79.1900000000001,0.06003086091043513,0.04609877767109539,0.2720909364658691,0.23782327722286056,0.10358572513280832,0.7102434449734326,0.7679179824371012,2.295907825990059

21.26000000000004,79.2000000000001,0.06721949774691166,0.07728403751475219,0.40694060763527856,0.24545784928416386,0.16230601526581281,0.6807926307639862,1.149726492910761,1.5123151703955

21.26000000000004,79.21000000000011,0.08129078263070032,0.10387179010322695,0.2837311004278752,0.31249053029457896,0.17763504446742942,0.46402984774390615,1.277780661152358,1.7591716266097426

21.26000000000004,79.22000000000011,0.06316503665822559,0.11846156243362481,0.2466124218137656,0.2841137695107083,0.150054420610079,0.3510270927938743,1.8754293278899787,1.8934048604915554

21.26000000000004,79.23000000000012,0.07975504931478432,0.10004004122396593,0.4169072203871759,0.17247010356687462,0.2229250927733439,0.6129584246453906,1.2543411603155667,0.7736684163449667

21.26000000000004,79.24000000000012,0.06697423244430181,0.08548200957637639,0.23804380609812048,0.3353429700235048,0.1655418659037381,0.47155988512546493,1.2763417560601704,2.0257290685362483

21.26000000000004,79.25000000000013,0.01,0.1392487165886436,0.14682742410995833,0.12166611636317111,0.18806036087839892,0.02649192449310253,5.0,0.6469524770142602

21.26000000000004,79.26000000000013,0.03661993818543545,0.045153066537805896,0.23731531168263156,0.14130106334824508,0.14887827077679602,0.6802964858842825,1.2330186409889243,0.9491046780438398

21.26000000000004,79.27000000000014,0.06035737332834956,0.11152241188346577,0.3518032946588681,0.24020930853039987,0.17580322266284584,0.5186003697413839,1.8477015408209305,1.366353271318787

21.26000000000004,79.28000000000014,0.028269157714764737,0.1391156437183954,0.43000387515872446,0.2525477667450554,0.10200093836653816,0.511119759102874,4.92111030084301,2.4759357172768053

21.26000000000004,79.29000000000015,0.08243786189988403,0.11089632370995267,0.302812937529667,0.12894641435471507,0.11874008183935714,0.4638924765625861,1.3452110598174984,1.0859552414707825

21.26000000000004,79.30000000000015,0.11024252497030876,0.08337903091740355,0.4244197067234188,0.18900277633092208,0.15894817767411573,0.6716059935936283,0.7563236678788641,1.189084259899585

21.26000000000004,79.31000000000016,0.10076285555091727,0.0701681181334775,0.15768250785225735,0.1730741317446183,0.15840497407786575,0.3840866765310104,0.6963688918917488,1.0926054099177542

21.26000000000004,79.32000000000016,0.05767671387209147,0.1325635060418468,0.25007365351822686,0.1811326573982825,0.16650059114715893,0.3071059475268253,2.29838867217698,1.0878799651191824

21.26000000000004,79.33000000000017,0.10868178410549621,0.03402100298952956,0.2664424882846075,0.2809518443391003,0.19595964461393295,0.7735431823418,0.31303316593701136,1.433722972652054

21.26000000000004,79.34000000000017,0.06830002371606093,0.051955029584810644,0.28474405725276614,0.2640553824483016,0.06951144140922577,0.6913859784571202,0.760688308465762,3.798732650555886

21.26000000000004,79.35000000000018,0.05360742086645635,0.07467768938032743,0.3055094388250382,0.2129614474102343,0.09185737261948149,0.6071529840413407,1.3930476048652916,2.3183925373152827

21.26000000000004,79.36000000000018,0.04519792009376927,0.13990615030047612,0.3670910957392383,0.1757826651019487,0.15187863205370886,0.44809897325587505,3.0954112423908122,1.157389045511338

21.26000000000004,79.37000000000019,0.05440590940535356,0.10541070544163195,0.2544193161829704,0.11922452308458364,0.10400181840982306,0.4141083337826184,1.9374863208795268,1.146369600001973

21.26000000000004,79.3800000000002,0.05171469544376048,0.06671362055746206,0.3137028686953325,0.3753755348576757,0.3,0.6492601005757535,1.2900321631210154,1.2512517824418352

21.26000000000004,79.3900000000002,0.06835248667126193,0.07744769178459979,0.2961877109676152,0.2545479730199375,0.16564598095850272,0.5854370798731143,1.1330632643077714,1.5366987559452856

21.26000000000004,79.4000000000002,0.06793721943149315,0.06510707423614406,0.20901100961090585,0.16333316271487322,0.13576345755348795,0.5249706013652095,0.9583417555963247,1.203071618371359

21.26000000000004,79.41000000000021,0.0630913806045996,0.06110844031065434,0.2911333310918778,0.2628719648337353,0.11372653634580276,0.6530312682678803,0.9685703439709208,2.311439115698463

21.26000000000004,79.42000000000021,0.0759881450923876,0.12847558234226683,0.28903404701030994,0.20728434655976896,0.11531188584034342,0.38456230309840145,1.6907319163665724,1.7975974017718128

21.26000000000004,79.43000000000022,0.09847938824358728,0.03427027482945533,0.2877919434997176,0.1918023346596286,0.14064703306575443,0.7871822715088702,0.3479943915765285,1.3637140460231887

21.26000000000004,79.44000000000023,0.09112662406323668,0.19930460449818152,0.3083759456581677,0.2904777683763175,0.14455909663105834,0.21484246561132092,2.1871171716090765,2.0094049765455453

21.26000000000004,79.45000000000023,0.01797306094649981,0.12190918760738029,0.31366735406136176,0.15939512250610152,0.11594504276531971,0.44023988453398033,5.0,1.3747471954558064

21.26000000000004,79.46000000000024,0.01,0.1719048068713862,0.26377048208929055,0.22432445236114132,0.12494238767400018,0.21085812650969551,5.0,1.7954231254720907

21.26000000000004,79.47000000000024,0.090309597337175,0.06990241951898486,0.43517147339715057,0.21920227449396018,0.20563422876172502,0.7231992366441647,0.7740309059356992,1.0659814550687412

21.26000000000004,79.48000000000025,0.021153639047534104,0.10691508260787995,0.19185193707972284,0.21052609979763226,0.2074652481325468,0.2842912665937009,5.0,1.0147535627829802

21.26000000000004,79.49000000000025,0.05529703794321616,0.03073392741900653,0.23760298915303535,0.2569359647187184,0.15066169899673884,0.7709303076880087,0.5557969921460733,1.7053834269699928

21.270000000000042,79.0,0.03273660921821888,0.07577350371732738,0.5,0.35543465525747736,0.0796970136381626,0.7367940578545009,2.3146411707078416,4.459824008277476

21.270000000000042,79.01,0.013660586872599013,0.11632619390572543,0.16330086450108,0.171499130717499,0.17350515783195158,0.1679904328508012,5.0,0.9884382272068284

21.270000000000042,79.02000000000001,0.08384388184614319,0.14824252247125516,0.1326245325290276,0.10744122925871571,0.2241141220805506,-0.05560634349461604,1.7680779924583907,0.47940410097030395

21.270000000000042,79.03000000000002,0.09025465480907889,0.05193372732790116,0.3423476745001257,0.08357818827666037,0.21470905509811813,0.7365651683089974,0.5754132834502372,0.3892625217857738

21.270000000000042,79.04000000000002,0.05006468797819784,0.10584569127676505,0.06208801462261696,0.25544067611441973,0.18276129264048246,-0.26056518191951955,2.1141785825458626,1.3976738306241934

21.270000000000042,79.05000000000003,0.01,0.08980803119069815,0.24717260900276095,0.17667847869116557,0.2169811477642901,0.46698403111532494,5.0,0.8142572773265461

21.270000000000042,79.06000000000003,0.05073266655242482,0.03984843191229954,0.4861824925076541,0.23735023507469385,0.14834921362395004,0.8484939568955399,0.7854590452598443,1.5999426563618864

21.270000000000042,79.07000000000004,0.07875412016207563,0.11915396967033487,0.11800640778466569,0.23178183704182517,0.1769051484916841,-0.00483875889176744,1.512987120849269,1.3102040211209585

21.270000000000042,79.08000000000004,0.022512652936775315,0.0663603867302944,0.07520355142613488,0.10997482073701119,0.11128122168373974,0.06246763691909977,2.9476928650697927,0.9882603639159591

21.270000000000042,79.09000000000005,0.07226079759337378,0.08732438595291771,0.12438187980423684,0.09485813193629933,0.15975327280778426,0.17504202675004002,1.2084614167070735,0.5937789580752758

21.270000000000042,79.10000000000005,0.06618070452480919,0.07688202512352346,0.36503595683470574,0.2423153268242243,0.2114367121985248,0.6520529677681544,1.1616984974605826,1.1460418779218546

21.270000000000042,79.11000000000006,0.08389874498803163,0.08216839770257497,0.3885776719985889,0.27693602211647333,0.11530882942565393,0.6509013966392468,0.9793757655893296,2.4016896473210716

21.270000000000042,79.12000000000006,0.06998741105242352,0.09431820058077621,0.2257411203021572,0.19119274011433873,0.10152782852678406,0.41062050409208006,1.347645226873207,1.8831560046178333

21.270000000000042,79.13000000000007,0.0370879317735522,0.11153430191446063,0.3462212404001154,0.12563993884888297,0.14929444695118313,0.5126905449308696,3.0072936472900755,0.8415580172637592

21.270000000000042,79.14000000000007,0.10205714504993353,0.07936568470885158,0.417825532751208,0.25339738839354636,0.13290688981379822,0.6807438186525715,0.7776592671904978,1.9065782711332482

21.270000000000042,79.15000000000008,0.06128411280918965,0.0649215351327844,0.458434641442992,0.3091329681796729,0.17651738605351913,0.7519030515885023,1.0593534286607795,1.751289065150877

21.270000000000042,79.16000000000008,0.06510086381470073,0.1386592828807111,0.2559664718820251,0.2871105249783855,0.12121702370264589,0.29726186787306186,2.129914636192713,2.368566031169283

21.270000000000042,79.17000000000009,0.037801961227802744,0.15984469073968932,0.05135282823301166,0.160176827660442,0.2296219807801336,-0.5136985651300727,4.2284761193627824,0.6975674848134722

21.270000000000042,79.18000000000009,0.05238153246425325,0.09911548931356294,0.20031210775904212,0.222318651589977,0.07903619510194504,0.3379669055258937,1.8921838377291458,2.8128713815478035

21.270000000000042,79.1900000000001,0.03901591857919147,0.13318472859644293,0.24061958050648552,0.12327201433463829,0.20602673931098447,0.2874093456523506,3.4135997076361275,0.5983301715450337

21.270000000000042,79.2000000000001,0.06025161820229575,0.048816459892016904,0.25830612034217265,0.3511886999624539,0.10491753858459249,0.6821043904430719,0.8102099373844845,3.3472830602537496

21.270000000000042,79.21000000000011,0.11667125440426869,0.09929045757174834,0.26631405989914025,0.22402910341706367,0.05318086327079638,0.456842282576574,0.8510275988171154,4.21258868730752

21.270000000000042,79.22000000000011,0.024042965712057628,0.048905267241154814,0.39788945979307955,0.09422901617726955,0.15469375781744082,0.7810839550196313,2.0340779762132613,0.6091326337004433

21.270000000000042,79.23000000000012,0.016673158063696025,0.03354300289872132,0.4143428426687713,0.19665279476893782,0.1298896006993032,0.8502162849163873,2.011796599624271,1.5139995315929309

21.270000000000042,79.24000000000012,0.10909510982480644,0.06286514370163583,0.2706326346075352,0.2498311057163916,0.08695953160484574,0.6229951272748445,0.5762416275575092,2.8729582694207405

21.270000000000042,79.25000000000013,0.05856028968544215,0.18191676538950216,0.3985484876051959,0.2325439998380505,0.05819115541423398,0.37320360014788356,3.106486768696386,3.9962086640669736

21.270000000000042,79.26000000000013,0.044647817840200575,0.13008063314678292,0.3253661366631235,0.19748729949918298,0.14166196063642425,0.4287778867220218,2.9134824308997023,1.394074305286704

21.270000000000042,79.27000000000014,0.0957971406218803,0.101620188882173,0.29695059728627216,0.130791845506686,0.1906918445811879,0.49007708325251,1.0607851979340204,0.6858806454222153

21.270000000000042,79.28000000000014,0.046311533807892026,0.03041197760439969,0.38205441571101184,0.2558578690957108,0.1709676746543191,0.8525359731609913,0.656682580734324,1.4965277469169482

21.270000000000042,79.29000000000015,0.11914029140640597,0.10879540612782318,0.29952520482380746,0.20460858719838607,0.1443753324419601,0.46710793806063144,0.9131705550844103,1.4171990713089457

21.270000000000042,79.30000000000015,0.0845777761401759,0.10342800035606615,0.4989811177097926,0.06464882360964225,0.1653023786608835,0.6566187420237893,1.222874435269629,0.3910943332712674

21.270000000000042,79.31000000000016,0.049482657755626686,0.09820144918314055,0.15025888332056087,0.18931198405306682,0.13981929338110377,0.2095201016270586,1.9845629446514066,1.3539761168844116

21.270000000000042,79.32000000000016,0.1287192463979628,0.02,0.2434829100908155,0.283680480089919,0.06951378784847799,0.8481874969764384,0.15537691949056376,4.080923921167646

21.270000000000042,79.33000000000017,0.04570855230989749,0.055207286079201584,0.2832481103046227,0.18761493873799778,0.06977530073882428,0.673769207388956,1.2078108618300345,2.6888445693895933

21.270000000000042,79.34000000000017,0.0860228611602768,0.08807688943404769,0.3407452690458172,0.33605894895864036,0.13048157355076243,0.5892148401298436,1.0238777011561624,2.575528019443661

21.270000000000042,79.35000000000018,0.07261877741219228,0.11191163638068388,0.42449604871032753,0.24412775639838996,0.13242733568169254,0.5827366403565494,1.541084003540194,1.843484617109842

21.270000000000042,79.36000000000018,0.10257223868196139,0.02,0.29616014327640344,0.23751307135961927,0.18282913392533445,0.8734818384353458,0.19498453224282408,1.2990985962155643

21.270000000000042,79.37000000000019,0.11024533590180297,0.08361504098080175,0.15727703504939883,0.20451212138576086,0.17796521118873346,0.30578836486420274,0.7584451552620267,1.149169098301787

21.270000000000042,79.3800000000002,0.06424012447197033,0.0956419507951541,0.3846513896455205,0.20841996545649297,0.17017665078794347,0.6017352614654691,1.4888195101179056,1.224727154806517

21.270000000000042,79.3900000000002,0.04055746388961177,0.12372447954064443,0.37679587661421693,0.1944603455416279,0.12572586434613686,0.5056165926340673,3.0505970386199377,1.54670120104792

21.270000000000042,79.4000000000002,0.0768391642881707,0.1524565943803413,0.10801413406208032,0.22972937106505936,0.07052739149448883,-0.17062362656624902,1.9841001082491185,3.257307067102861

21.270000000000042,79.41000000000021,0.04258853890743397,0.11268285275234793,0.30271958663294146,0.24946070134469328,0.1599835568532969,0.4574762105780153,2.645849220906093,1.5592896301056547

21.270000000000042,79.42000000000021,0.12320161742579577,0.05720237973191826,0.14498581693199206,0.1464918139146531,0.16545846566310404,0.434166972182734,0.4642989343864849,0.8853691060111331

21.270000000000042,79.43000000000022,0.06677605993247915,0.02,0.23843489024981607,0.13638743198929437,0.03,0.8452221368180735,0.29950853629687374,4.54624771782232

21.270000000000042,79.44000000000023,0.051600353460633706,0.07311788971753941,0.21551910730374282,0.13277634643871594,0.0971230906708623,0.4933574663208124,1.4170036573803941,1.3670935035620788

21.270000000000042,79.45000000000023,0.06798040917594415,0.12872527300833775,0.38762646982422183,0.35429581833739304,0.10410728113030054,0.5014047117290336,1.8935642544577773,3.4031800096060416

21.270000000000042,79.46000000000024,0.02190621131410595,0.18748363543126426,0.3192830174172421,0.29750880374031924,0.14439751005616705,0.26007903483611866,5.0,2.0603458011053037

21.270000000000042,79.47000000000024,0.033051578844677236,0.11672196409190659,0.17994089992442142,0.23181445411760207,0.09813197836171046,0.21310026794498044,3.5315094715226603,2.3622722964670726

21.270000000000042,79.48000000000025,0.09809241723832948,0.10529363291206445,0.3974065962957589,0.13617397307945156,0.13621327155876306,0.5810877862258187,1.073412561022911,0.9997114922882848

21.270000000000042,79.49000000000025,0.042253171630854784,0.10312558593543361,0.16691941760718365,0.25353396104722964,0.12741325298234538,0.23623407510318545,2.4406590490372015,1.9898554892352855

21.280000000000044,79.0,0.03635267051954147,0.07439525012956826,0.29981137904709704,0.21624000574826613,0.13868252642311307,0.6023841142345716,2.046486512866455,1.559244781369246

21.280000000000044,79.01,0.08373958257581818,0.09125758825785459,0.1862989330708475,0.23909182587922145,0.11064028531496208,0.34242158794819333,1.0897783980025424,2.1609834517553463

21.280000000000044,79.02000000000001,0.10309112463988945,0.16304278103305253,0.23203229174695156,0.15543657788954987,0.11433074729666541,0.1746238005120945,1.581540423042506,1.3595343459994154

21.280000000000044,79.03000000000002,0.08896859931995146,0.05839767976832415,0.3199270748038424,0.234718820019229,0.09208664701096454,0.6912827981931657,0.656385288169753,2.5488909346041506

21.280000000000044,79.04000000000002,0.0971614305741739,0.1605111516283932,0.3225449399059574,0.1935316523255447,0.1649233720286907,0.3354347271128416,1.6520048183178724,1.1734640750283154

21.280000000000044,79.05000000000003,0.044456147342915524,0.08285887382031668,0.40499690735560095,0.1693072190078852,0.17429513142956743,0.6603140639079399,1.863833880943297,0.9713823761001833

21.280000000000044,79.06000000000003,0.024385679997743975,0.1931504696729427,0.2639746300328601,0.32878493220780675,0.10702910249373196,0.1549338690656127,5.0,3.071920853675005

21.280000000000044,79.07000000000004,0.11196000955866381,0.03910739962009731,0.3037450862963399,0.11466045340289788,0.22141200480085105,0.7718704033651231,0.3492979300316723,0.5178601469881597

21.280000000000044,79.08000000000004,0.05711960483473509,0.11863616804658471,0.23022626775957386,0.26153433850198843,0.12946992762789628,0.3198684874831467,2.0769780915350955,2.0200392716032765

21.280000000000044,79.09000000000005,0.05915500950634768,0.06554919456209377,0.29309898826228653,0.2696140293487075,0.22152928118982668,0.6344652072255748,1.1080920280175215,1.2170582045809626

21.280000000000044,79.10000000000005,0.10640582425547078,0.038229312323031055,0.3197486048008584,0.15982494271141073,0.11273364130841837,0.7864152477923861,0.35927838118445554,1.4177218150204791

21.280000000000044,79.11000000000006,0.08312690028201877,0.1034013616964363,0.26686901525457013,0.16367700772072472,0.04333111117002668,0.44148185674495755,1.2438977180821613,3.777355413313496

21.280000000000044,79.12000000000006,0.07999663316244715,0.13485887154383713,0.0972249515907585,0.20518820231134913,0.16458989124561593,-0.16215658389528254,1.6858068401629096,1.2466634532280136

21.280000000000044,79.13000000000007,0.13115007034703136,0.06050234245625843,0.3116470896330982,0.24024253473235255,0.15672725525594763,0.674849201567645,0.461321463648729,1.5328701710926478

21.280000000000044,79.14000000000007,0.0467744530885945,0.03415936158166214,0.3158561477355548,0.2095001505730012,0.14583968976537734,0.8048122970977017,0.7302995385949604,1.4365098469860158

21.280000000000044,79.15000000000008,0.09379520384243584,0.0902662094265999,0.21228265236521443,0.25024937221342836,0.11182837607779862,0.40329499894878224,0.9623755334227776,2.237798497722536

21.280000000000044,79.16000000000008,0.06755039374691121,0.09026258684891077,0.15276129639275857,0.3430085756776146,0.14203138872570703,0.2571710594220912,1.3362259153288134,2.4150195144436384

21.280000000000044,79.17000000000009,0.07377776836589632,0.11551278510217786,0.42968791505040704,0.18375982615951653,0.11801702710652154,0.576255917871484,1.565685537853771,1.557061980877977

21.280000000000044,79.18000000000009,0.1114540527923745,0.13138378285457736,0.3321445510894511,0.0989374020507569,0.12828252168341028,0.43311433949106637,1.178815659413014,0.7712461578967156

21.280000000000044,79.1900000000001,0.0807150726886872,0.09084339274909797,0.2609918969078404,0.27651465081214194,0.18530161278825147,0.48360272295677814,1.1254823865045234,1.4922409281936346

21.280000000000044,79.2000000000001,0.08150888237148741,0.16726013259176814,0.17109671168526308,0.3362320203149231,0.1522508614765023,0.01133885469513316,2.052047918216488,2.2084079973890645

21.280000000000044,79.21000000000011,0.09741522011929243,0.10182938978140921,0.2035185171578777,0.24559378541357463,0.1733575693665964,0.3330270980484725,1.0453129352084818,1.4166891366165417

21.280000000000044,79.22000000000011,0.05417141811371175,0.07882293975972147,0.4168590396786359,0.14165759272523898,0.13108657466870793,0.6819616485427551,1.455065094451782,1.0806414995218447

21.280000000000044,79.23000000000012,0.03982370997982805,0.028037305635884247,0.3012661940868178,0.2088275345735315,0.1253991327097586,0.8297175359449285,0.7040354999492128,1.6653028605097375

21.280000000000044,79.24000000000012,0.03353572417936718,0.08181361918735056,0.23334129329994302,0.13890335610518117,0.08464587345556507,0.48080378271311697,2.4395960112806123,1.640993828411485

21.280000000000044,79.25000000000013,0.01,0.07868452218355174,0.34026892312247975,0.2618998845774016,0.12363816937158732,0.624375819813134,5.0,2.118276950368369

21.280000000000044,79.26000000000013,0.12632621389820772,0.13037219185125593,0.2087601812553822,0.12200967181110471,0.03,0.2311427501389358,1.0320280148117602,4.066989046813527

21.280000000000044,79.27000000000014,0.031423749028347506,0.11027934496267117,0.44118430302805295,0.19529098492202096,0.11226890168471523,0.6000485421134104,3.5094267241074575,1.7394931438494636

21.280000000000044,79.28000000000014,0.057762391292424775,0.057752805675099876,0.42728005348968806,0.17483562259130564,0.13750629114045493,0.7618602343245713,0.9998340491608151,1.271473625054533

21.280000000000044,79.29000000000015,0.05597560100333025,0.0983101754564383,0.24624259287973832,0.224577727959442,0.1696036827135046,0.4293461872174808,1.7563040596019497,1.3241323786959662

21.280000000000044,79.30000000000015,0.07338220093427084,0.11810124686915885,0.2309329752969304,0.18975608260035148,0.12780610612374887,0.32326838238158007,1.6093990804936937,1.4847184395724207

21.280000000000044,79.31000000000016,0.08851211637617665,0.15218125437550992,0.05,0.22747334722751283,0.15844367711224658,-0.50539430394071,1.719326804443435,1.4356732387799616

21.280000000000044,79.32000000000016,0.08973420465079004,0.1263801586965589,0.14744192284488053,0.21636453884763981,0.03189056693048424,0.07691769787909691,1.4083833366277891,5.0

21.280000000000044,79.33000000000017,0.04630767684292947,0.12113386617245554,0.1625530225042422,0.1454338680593063,0.13785815738964893,0.1460030687720273,2.6158484763064966,1.0549529364646135

21.280000000000044,79.34000000000017,0.05866634858640522,0.0929234397846029,0.3109190340987569,0.25808139444702544,0.05654486035432617,0.5398035332042277,1.5839308541480115,4.564188369612998

21.280000000000044,79.35000000000018,0.0720373985146465,0.10587248021693424,0.2656766295558828,0.21048640437097565,0.07992482421702961,0.4301023608794279,1.4696877212804915,2.633554795642225

21.280000000000044,79.36000000000018,0.05597926621449103,0.14014019602824251,0.16466645125849505,0.14440296944938055,0.13080172260680312,0.0804649617734016,2.5034303815440544,1.103983697317696

21.280000000000044,79.37000000000019,0.11154036728059716,0.036668904100810085,0.27198359575356396,0.37016485893439893,0.2037931993936738,0.7623936034457482,0.3287500746316241,1.8163749323043024

21.280000000000044,79.3800000000002,0.07792924854914486,0.07582242691131774,0.351533714764755,0.24635011167019202,0.15836033817349893,0.6451557867112747,0.972964942247647,1.5556301177175362

21.280000000000044,79.3900000000002,0.08512633358149178,0.05871725004974626,0.3546839349915793,0.20197176126204175,0.14053154985685173,0.715930905811636,0.6897659926180117,1.4371987025266169

21.280000000000044,79.4000000000002,0.08284643806001958,0.10460612474904077,0.11283297191413291,0.3114643168691206,0.13846348052664068,0.03783517908029442,1.2626508401844858,2.249432958492264

21.280000000000044,79.41000000000021,0.09804421572455688,0.13846888702602722,0.2908736519516384,0.3410270926570554,0.10357855533977232,0.3549724312270907,1.4123106178319322,3.2924488202130986

21.280000000000044,79.42000000000021,0.06815064676110828,0.06520102853115266,0.1662659223028609,0.20162554043802072,0.11188082933136143,0.43662774907558943,0.9567191440461751,1.8021455638360049

21.280000000000044,79.43000000000022,0.023695041561321614,0.02,0.3956728697140498,0.23581782405042587,0.16026880227353535,0.9037704815378161,0.8440584442038276,1.4713894442214017

21.280000000000044,79.44000000000023,0.0744706385525762,0.07223117019901662,0.3848146416353727,0.1420398027397865,0.06945197407777069,0.6839215310022985,0.9699281690867827,2.0451514074491035

21.280000000000044,79.45000000000023,0.042819293186242016,0.1250789492806916,0.2174972773675775,0.2005965074462314,0.1681927025141464,0.26977449358970396,2.9210885953804353,1.1926588034346715

21.280000000000044,79.46000000000024,0.04638149954750412,0.10986519611799044,0.2315954797599838,0.19666562123680117,0.1189346466440526,0.35649868991018313,2.3687288456164115,1.6535603932134737

21.280000000000044,79.47000000000024,0.07971092056264956,0.1053074499124182,0.2629732949501935,0.2232378923535077,0.1794578537434734,0.42811319134749154,1.3211169691302098,1.243957216540771

21.280000000000044,79.48000000000025,0.09914849214300578,0.07680026792501586,0.08472066052689078,0.23329323350458248,0.1860546728615992,0.049036324102914086,0.7745984450957052,1.2538961252144043

21.280000000000044,79.49000000000025,0.0625181473020785,0.03665877055120351,0.3444968173440829,0.24888799141795578,0.05416579937470795,0.8076440605579849,0.5863700713240383,4.594928789598517

21.290000000000045,79.0,0.07694499037796855,0.11713177286497817,0.24011554536598964,0.24083498594099623,0.11744096183863856,0.3442538717311645,1.5222793860571884,2.050689827173159

21.290000000000045,79.01,0.11862644833905672,0.06296872759861438,0.3653175082567891,0.1391480161359574,0.10356361560296817,0.7059502624073533,0.5308152475875901,1.343599440705597

21.290000000000045,79.02000000000001,0.07466259538465657,0.2385810301357828,0.15935907820374837,0.1894887631177474,0.055523601746342105,-0.19908008831452728,3.1954558850664663,3.4127606426208628

21.290000000000045,79.03000000000002,0.1453704934254113,0.1544403748344338,0.20818770517501095,0.22206175996504982,0.09435333618952864,0.148216129110453,1.0623914873580382,2.3535125380584376

21.290000000000045,79.04000000000002,0.08416528936894573,0.07257406789784104,0.12034747419609304,0.20324315856537245,0.2678627922632661,0.2476312689343311,0.8622802625139018,0.7587584552980439

21.290000000000045,79.05000000000003,0.014257117225324807,0.09251396713579005,0.1714709436505797,0.3555050403996555,0.176095494810621,0.2990965515781925,5.0,2.018819621592793

21.290000000000045,79.06000000000003,0.08956024863313525,0.09172223173545538,0.15460180039318358,0.14099427092029426,0.24130439843028662,0.2552717576471107,1.0241399843446422,0.5843004594157771

21.290000000000045,79.07000000000004,0.07827475154648254,0.08567992311912882,0.3732973678846505,0.19708094662804904,0.18671492200091558,0.6266485299824748,1.09460485427141,1.0555179222447515

21.290000000000045,79.08000000000004,0.10541258262248152,0.18167935632755597,0.20477381512486714,0.3462127978499776,0.10798784194957493,0.05976004467640491,1.7235073046816538,3.2060349691128995

21.290000000000045,79.09000000000005,0.08679544053809785,0.10235664678976047,0.2879175684744682,0.20050857678523484,0.12581144016629647,0.47546292934451356,1.1792859859603297,1.5937229266339534

21.290000000000045,79.10000000000005,0.06232632048048581,0.06545473044365742,0.2383236596138269,0.2534290954889952,0.17414180901201387,0.5690626284527713,1.0501940405599863,1.455302990024533

21.290000000000045,79.11000000000006,0.029631052911317995,0.17015762740622975,0.15035347339872648,0.21113205699504414,0.16641531017365027,-0.06178929201386991,5.0,1.2687057257403929

21.290000000000045,79.12000000000006,0.05996930228141815,0.09633233326080726,0.26136995768284393,0.23857482801272784,0.11549289921458167,0.46138263174248656,1.606360745171123,2.065709921809941

21.290000000000045,79.13000000000007,0.04060438637371984,0.12493358703875414,0.3390103331863682,0.20430692193332928,0.06868034147103791,0.4614280665594098,3.0768495201771917,2.974751104317226

21.290000000000045,79.14000000000007,0.048584296505857105,0.0696709397022078,0.15922406074567394,0.2666945830909817,0.3,0.3912410530116967,1.4340217841871272,0.8889819433402784

21.290000000000045,79.15000000000008,0.08353735213261701,0.10834462510977902,0.36181127907314753,0.11154605148154631,0.13676251638285777,0.5391119236287193,1.29696024848961,0.8156185945549476

21.290000000000045,79.16000000000008,0.11585713513054086,0.1060843996457258,0.19682790785224047,0.19396815941279846,0.127353055340867,0.29957022521168736,0.9156483926055261,1.5230742500941599

21.290000000000045,79.17000000000009,0.07748014589468802,0.02,0.23440160739272647,0.23986008736859804,0.149126723195263,0.8427682887139633,0.2581306442216976,1.6084312862805132

21.290000000000045,79.18000000000009,0.02964350813894301,0.17389100441842342,0.3366683123010158,0.2561586673604298,0.13114357053444636,0.31882154045610933,5.0,1.953268971716916

21.290000000000045,79.1900000000001,0.0787380800466027,0.1447257784368996,0.21815638427806266,0.3230066835927641,0.1492364453852719,0.20235385854059232,1.8380658782565462,2.164395450068807

21.290000000000045,79.2000000000001,0.10117894459936794,0.07703218735415812,0.28915748593359847,0.19082827331940566,0.20726736430581857,0.5792771178307419,0.7613460249367411,0.9206865435205417

21.290000000000045,79.21000000000011,0.04686651287041688,0.06324397349629231,0.25483091712120315,0.38575646799630836,0.13651257601567632,0.6023328128565565,1.3494490946278255,2.825794362487386

21.290000000000045,79.22000000000011,0.061019484999810754,0.10646246455213952,0.30013680067039467,0.17146833213381876,0.08442447803360935,0.47632731447417465,1.744728989076142,2.0310262606830056

21.290000000000045,79.23000000000012,0.06536064584187415,0.1246022803695452,0.05002608944766358,0.37236629856974474,0.1342978102760668,-0.4270565599234428,1.9063807980165193,2.7726907648533343

21.290000000000045,79.24000000000012,0.04125305060753097,0.10642675794252643,0.10603181847920548,0.2742226988688815,0.11897991092950169,-0.001858901013960952,2.579851819858201,2.3047815088791466

21.290000000000045,79.25000000000013,0.08412841301531387,0.09968309584776075,0.35149670060469806,0.15275789942573964,0.21321494686233972,0.5581225194059833,1.1848921447160337,0.7164502376689442

21.290000000000045,79.26000000000013,0.0609315555417646,0.11208963957223411,0.39451814056491974,0.23789274660762263,0.2003959532368756,0.5574894662306111,1.8395991763486832,1.1871135252302878

21.290000000000045,79.27000000000014,0.07702597331720881,0.14955222797566922,0.20065132964686305,0.21251349151274151,0.1470362500215369,0.14591257154411852,1.941581798202331,1.4453135967292594

21.290000000000045,79.28000000000014,0.03769523466593492,0.11420412820514272,0.2681971647829022,0.25959092155724484,0.07754320725903405,0.4027000937528309,3.029670166913211,3.3476938909079266

21.290000000000045,79.29000000000015,0.051076250990295544,0.04931378004359914,0.3229719252902462,0.19987098880966297,0.08000538682799949,0.7350756186776978,0.9654933357661547,2.4982191385379595

21.290000000000045,79.30000000000015,0.08575144073483094,0.14562251410849478,0.363721760165887,0.19369276420367326,0.14187616307922438,0.42819612790441103,1.6981932045781454,1.365224149450615

21.290000000000045,79.31000000000016,0.052775005437244726,0.1565645825395281,0.09253227283293211,0.3107366207933939,0.15775614846606065,-0.2570578804985168,2.966642654902922,1.969727478883477

21.290000000000045,79.32000000000016,0.11564891553699984,0.2,0.2075959753021797,0.2076895373880971,0.12202885903369376,0.01863604098319338,1.7293720299787536,1.7019706556508427

21.290000000000045,79.33000000000017,0.05173091443155954,0.0456402386704125,0.2638420620150304,0.27214956269341767,0.1165715207896347,0.7050542883739652,0.8822623586630912,2.3346144977475083

21.290000000000045,79.34000000000017,0.07034054177255412,0.10011528052600734,0.3683140197236233,0.19822539604689987,0.11076003834106397,0.5725490250021408,1.423294132527445,1.789683344615095

21.290000000000045,79.35000000000018,0.0914577249561902,0.02,0.5,0.3303664281459204,0.1390503019877989,0.9230769228994082,0.21868026990297773,2.375877097608324

21.290000000000045,79.36000000000018,0.020809028012006486,0.14581575613171388,0.2769994273190475,0.1990998911358108,0.03,0.31026244158420635,5.0,5.0

21.290000000000045,79.37000000000019,0.010415735640574096,0.06793198807332515,0.16000225378962088,0.17010995281269048,0.08479366856151055,0.4039334543304953,5.0,2.0061633786804958

21.290000000000045,79.3800000000002,0.017350310562894468,0.16661783179299408,0.34182680772015006,0.3195162026781065,0.10832745772762842,0.34459794100782676,5.0,2.9495403020213344

21.290000000000045,79.3900000000002,0.1008775231028127,0.07607002155902838,0.4345995789540917,0.2176245031647905,0.19987515974759187,0.7020773450477679,0.7540829626247939,1.0888021469537925

21.290000000000045,79.4000000000002,0.04632425562322379,0.021752678481305316,0.31420141209797126,0.32427520143150046,0.0986293179035493,0.8705020767133815,0.46957426820351533,3.287817537375966

21.290000000000045,79.41000000000021,0.1395059785700447,0.07028945037189491,0.21363514548459234,0.2743288405716297,0.148163407091556,0.504872410330614,0.5038454340235938,1.851528969072358

21.290000000000045,79.42000000000021,0.0457125720402754,0.02,0.400999394148024,0.2007745205407343,0.15028713754654538,0.9049879865707484,0.4375164000535173,1.3359394801498468

21.290000000000045,79.43000000000022,0.06805653909590811,0.1188239781802879,0.37245456184986603,0.08436945695879139,0.2036758252830336,0.516266360021311,1.745959750292918,0.4142340250745312

21.290000000000045,79.44000000000023,0.10866329857703322,0.02,0.20439191558046055,0.20964771870096383,0.20172887034820292,0.8217404580788866,0.18405478430618588,1.0392549080117621

21.290000000000045,79.45000000000023,0.12246278664477056,0.08955830324732168,0.34604256175345766,0.2178141037473319,0.13554485156024948,0.5888056683422714,0.731310348456904,1.6069522455437464

21.290000000000045,79.46000000000024,0.12400510729908876,0.02,0.40852655676591115,0.29210524133129817,0.11446576294052307,0.906656893349748,0.16128367951517913,2.5519005296621953

21.290000000000045,79.47000000000024,0.09829098691779102,0.07524808781852946,0.4278890042559137,0.3212913023367997,0.10486834485871059,0.7008843552228501,0.7655644744406656,3.0637586820245946

21.290000000000045,79.48000000000025,0.09264187577434056,0.1536151262321764,0.3039551024690792,0.16185089745992937,0.12582683887670598,0.3285615338890471,1.658160791568383,1.2862986845746989

21.290000000000045,79.49000000000025,0.07957580847603213,0.13276369035465477,0.2756920553820934,0.3186992681749973,0.11599833228381494,0.3499237469034512,1.6683926023548141,2.747446981569408

21.300000000000047,79.0,0.09095083228499877,0.061860255801402086,0.3907273822081291,0.2775781509209335,0.17408137046791106,0.7266374481203518,0.6801505184641409,1.5945310518602978

21.300000000000047,79.01,0.050944428510143566,0.09497186044243598,0.14788394970191476,0.2988388891687301,0.16723549087425957,0.21787450424283025,1.864224666630692,1.7869346239114192

21.300000000000047,79.02000000000001,0.04281403349733029,0.09676067488177711,0.31365792909210427,0.2583082938494869,0.17563005955725006,0.5284781246692278,2.2600223980720826,1.4707521841852533

21.300000000000047,79.03000000000002,0.06713876627767087,0.11476521383373539,0.13369733726356126,0.0871251616326747,0.2088241855718076,0.07619709021981519,1.7093732879772454,0.41721777270379207

21.300000000000047,79.04000000000002,0.062014461324251535,0.04100566546876602,0.37813762722596495,0.21192042972305528,0.2388234560700079,0.8043358143924879,0.661227470609464,0.8873518251582393

21.300000000000047,79.05000000000003,0.05340315852018107,0.11920269095389222,0.24669544843888896,0.14160046975581422,0.1517331696703768,0.34843784027360997,2.2321280994200494,0.9332202706244339

21.300000000000047,79.06000000000003,0.08777162342370072,0.02,0.4002583235647525,0.208017595895733,0.20029318856978154,0.9048204453128006,0.22786407721624813,1.0385655012896444

21.300000000000047,79.07000000000004,0.09541915625711452,0.06994461790544639,0.32344127563555874,0.2905002965293706,0.12755699080828803,0.6443969187198348,0.7330249037590791,2.2774157218731887

21.300000000000047,79.08000000000004,0.06929220658875457,0.07542904630193692,0.1528779769938135,0.2429605585112459,0.2042103491791495,0.33923148547920745,1.0885646439396526,1.1897563437351846

21.300000000000047,79.09000000000005,0.11084590243165694,0.12011307304284816,0.41856277320773133,0.30166636064781793,0.1978554578587908,0.5540432194738633,1.0836040872917658,1.5246805105100956

21.300000000000047,79.10000000000005,0.03214932657599386,0.09550523410707329,0.4321245266427804,0.24492277444994529,0.19502079849714807,0.6379838999102593,2.970676029068682,1.255880276420563

21.300000000000047,79.11000000000006,0.060470216221607406,0.03819747784574696,0.36612864925992944,0.12981718422317418,0.14912349205957462,0.8110560988985196,0.6316742384812358,0.8705347651345162

21.300000000000047,79.12000000000006,0.04465533038191474,0.054840274967317734,0.2026412134963863,0.04394070953990579,0.1108220918004539,0.5740254934579532,1.2280790305544342,0.3964977450468594

21.300000000000047,79.13000000000007,0.010043901487807032,0.10200720038189452,0.2490986045642679,0.2305166133175684,0.0743335781067244,0.4189375455157575,5.0,3.101110142666525

21.300000000000047,79.14000000000007,0.06343957942471778,0.09071730632541591,0.2951427217405852,0.20482514735541535,0.1418781396239432,0.5297916355493119,1.4299796279398416,1.4436695304431686

21.300000000000047,79.15000000000008,0.0621475747485002,0.0705350356145682,0.21112896006686638,0.15111379824326499,0.2203506271124572,0.4991547608427601,1.134960387215663,0.6857879197119979

21.300000000000047,79.16000000000008,0.11108349229726257,0.07428664841951879,0.4516346572463307,0.10015609252440014,0.1280277549317943,0.7174989959330809,0.6687460649315113,0.7822998419329266

21.300000000000047,79.17000000000009,0.08448435053664191,0.12118671988636945,0.29773264717261433,0.1674679750569068,0.1825963292730006,0.42143176259321535,1.4344280209666342,0.9171486394713324

21.300000000000047,79.18000000000009,0.03471439527012238,0.0724522970852292,0.05,0.20498559605946198,0.18535757002594433,-0.18335545842203688,2.0870966154745902,1.105892766722077

21.300000000000047,79.1900000000001,0.1209427769900241,0.08945635023883478,0.3190355812756336,0.26491144765944347,0.12879568895363905,0.5620165620638842,0.7396584764400415,2.056834740401263

21.300000000000047,79.2000000000001,0.10183101086575898,0.17959746352321931,0.25118426031828067,0.2312041757097546,0.20861724187597358,0.1661788158979159,1.7636814347606702,1.1082697360958418

21.300000000000047,79.21000000000011,0.0825429311040568,0.035672694524640586,0.2794073443881677,0.3302647073020869,0.03,0.7735642366529575,0.4321714046773196,5.0

21.300000000000047,79.22000000000011,0.05816547703450332,0.026000000000000002,0.250938063421443,0.17388925929218169,0.08130248606308865,0.8122323835200295,0.44700054535574335,2.1387938733308682

21.300000000000047,79.23000000000012,0.036056822898293824,0.1236035865919416,0.3694046416606821,0.2787741224440159,0.09647838518207433,0.498573940418965,3.428022113811591,2.8894982189944685

21.300000000000047,79.24000000000012,0.053553796717866566,0.06493427754823311,0.40156877785535194,0.22011091201900634,0.10109424885662772,0.7216126375500916,1.2125055814262977,2.1772842104345633

21.300000000000047,79.25000000000013,0.09726245859112367,0.07917049889029233,0.31880531622587965,0.2651268386882961,0.15871314755929192,0.6021341201485392,0.813988253594473,1.6704781084516167

21.300000000000047,79.26000000000013,0.12101758917803629,0.06047374487475248,0.2574688812861989,0.185643959571407,0.15622189015269214,0.6195933484230662,0.4997103746283928,1.1883351255776258

21.300000000000047,79.27000000000014,0.11065730584816365,0.08114799436929646,0.28816627951909823,0.29091762617233624,0.16123952860874735,0.560547749519985,0.7333270376861466,1.8042574826538411

21.300000000000047,79.28000000000014,0.04957451734640969,0.1553015244838505,0.2951599616577786,0.23626573308416177,0.1711640747066212,0.31047812398085356,3.1326885763786256,1.3803465087582865

21.300000000000047,79.29000000000015,0.030531477001327512,0.12326513834472155,0.21385699601353245,0.16773885105575215,0.0936747715427143,0.2687211796828159,4.03731329262684,1.7906512939847483

21.300000000000047,79.30000000000015,0.06822658740733391,0.12548894047547576,0.3528928648571401,0.21415831797607127,0.08009119665963071,0.47536073027697145,1.8392967472099722,2.673930801893273

21.300000000000047,79.31000000000016,0.010826819033112174,0.03417091776829076,0.3419042323860637,0.19793108987439734,0.16063598410038973,0.8182761195724865,3.1561363820869808,1.2321715514718221

21.300000000000047,79.32000000000016,0.0734550314255411,0.04459385053788173,0.45084412397768486,0.24864248454463972,0.10912839631767454,0.8199821052373542,0.6070904825951368,2.278439825991701

21.300000000000047,79.33000000000017,0.05921192241103754,0.02,0.4232349780288655,0.13151562754377838,0.061936247731597865,0.9097544145345621,0.33776981310262055,2.1234032113369867

21.300000000000047,79.34000000000017,0.04953890494395028,0.05790476715668615,0.23003250824100543,0.2117453808518952,0.18884721422707038,0.5977959636757736,1.1688745866569676,1.121252339392027

21.300000000000047,79.35000000000018,0.015558907981993615,0.12836812745542256,0.3815298374509154,0.24117150768544687,0.20985509532511107,0.4964948428306554,5.0,1.1492287437524307

21.300000000000047,79.36000000000018,0.07868800319708892,0.11059786062993096,0.2053046616905722,0.21551163150350586,0.2177780444849291,0.29979754620184834,1.40552379010515,0.9895930139066916

21.300000000000047,79.37000000000019,0.047178974810140016,0.08087946948191108,0.3708932100941048,0.30718588710722305,0.14909038607373204,0.6419461681927604,1.7143117169450819,2.060400371820524

21.300000000000047,79.3800000000002,0.027942494928688652,0.08866798865127383,0.25053858012400954,0.2667815941849669,0.17085660479864107,0.47720358721075035,3.173230900112467,1.5614356515115837

21.300000000000047,79.3900000000002,0.01,0.061824578296979626,0.20077467766246232,0.21177634422814082,0.20787341116809138,0.5291336367458328,5.0,1.0187755275493886

21.300000000000047,79.4000000000002,0.06197455284847808,0.09739035529606713,0.3320045342697617,0.22716823682483003,0.10712921049882404,0.546383258441385,1.571457165282525,2.120506961220189

21.300000000000047,79.41000000000021,0.11584754790008944,0.11965513117922025,0.05,0.23239658860373272,0.19455388420270026,-0.41056896218824684,1.0328671883424574,1.1945101452827032

21.300000000000047,79.42000000000021,0.11239777643643314,0.02420452850357667,0.13070244255949934,0.2396309722916703,0.15260981170715598,0.6874959419599559,0.21534704021240936,1.5702199580357115

21.300000000000047,79.43000000000022,0.04872711230240884,0.10064590751348942,0.2889508116225943,0.08330394030346988,0.18434558261712503,0.4833328793895665,2.0655011666259537,0.4518900809860916

21.300000000000047,79.44000000000023,0.04425363818914351,0.1257773948381821,0.31584417666350734,0.189693159296138,0.14778465104379215,0.43038382644213685,2.8421933133809323,1.2835782189015659

21.300000000000047,79.45000000000023,0.07626322768224758,0.07169598844146052,0.27156812298420463,0.1065892652264523,0.20311283548739537,0.5822692435116394,0.9401121684250269,0.5247785789519397

21.300000000000047,79.46000000000024,0.03212843682434806,0.11614802448481855,0.1514563701282641,0.29967966632215604,0.14929618812707204,0.1319423235978695,3.6151159410060654,2.007282770450631

21.300000000000047,79.47000000000024,0.07101375699458072,0.2,0.22851081578617388,0.2056405335997869,0.06374104702662423,0.06653464680281782,2.816355706030693,3.2261869371438707

21.300000000000047,79.48000000000025,0.0848224083515374,0.08358628828051935,0.3503209327237643,0.19606613352241808,0.2103563316157311,0.614727369054637,0.9854269621249403,0.9320667075872745

21.300000000000047,79.49000000000025,0.09852799671652585,0.10331228200020787,0.3702781770628616,0.272075813242318,0.09020346295138931,0.5637062358359936,1.0485576215721821,3.0162457630625026

21.31000000000005,79.0,0.06451537770560103,0.06675771665354376,0.2669776882404088,0.25336273582149027,0.20893291051219515,0.5999362626524242,1.0347566568500828,1.2126511571542804

21.31000000000005,79.01,0.06128978749469058,0.10335004650408136,0.38518337810370223,0.14449558399345436,0.14158785592798323,0.5768967226105349,1.6862523196773875,1.02053656328334

21.31000000000005,79.02000000000001,0.04094052239730266,0.1486301244990788,0.31013970234592725,0.2618839495476995,0.20472054925988453,0.3520492594780193,3.6303914907014483,1.2792264888236777

21.31000000000005,79.03000000000002,0.04235358937880363,0.10353369361080467,0.19655443460418306,0.19943831187415162,0.2024784307433374,0.309978077159184,2.444508125164205,0.9849854675556133

21.31000000000005,79.04000000000002,0.06024563324295357,0.054772187211644785,0.244149794658843,0.10048269779757461,0.1670671487157676,0.6335352328350855,0.9091478364888173,0.6014509645363096

21.31000000000005,79.05000000000003,0.07794096520448465,0.103634470853017,0.13281338427921974,0.1739806636733939,0.1708067658813555,0.12340527850228754,1.3296534171492225,1.0185818030907796

21.31000000000005,79.06000000000003,0.09420753878699674,0.15368783754870435,0.263186100960864,0.2091521774588455,0.16633143085962715,0.2626651687015446,1.631375146452505,1.2574423021083252

21.31000000000005,79.07000000000004,0.04258463147958884,0.11296543058057987,0.38611006192214,0.21365343479556897,0.04432876218594487,0.5473012307558688,2.652727671705985,4.81974735539393

21.31000000000005,79.08000000000004,0.11134065706878479,0.17331533383173403,0.34432900847110337,0.1411725604111034,0.15075651094490877,0.3303690596627526,1.5566221561724742,0.9364276171730294

21.31000000000005,79.09000000000005,0.058306291968722,0.08517952119949349,0.4169009325919193,0.3017165908133209,0.08885679119640383,0.6606937370722039,1.4608975837307177,3.3955377682598344

21.31000000000005,79.10000000000005,0.06567898116954592,0.12447600957694693,0.2473114756201082,0.21365278587759678,0.15303935718728165,0.330391610532605,1.8952183357731842,1.3960643174718326

21.31000000000005,79.11000000000006,0.04378364962556424,0.10547071352865946,0.41310997945143374,0.22312871536623674,0.08715287268083763,0.5932331651137277,2.408906388337873,2.5601992022378433

21.31000000000005,79.12000000000006,0.01,0.056083570812509045,0.26006957735521147,0.24824491468378573,0.08487240293869455,0.6452126371677495,5.0,2.924919123246779

21.31000000000005,79.13000000000007,0.09248136189083031,0.10668084019195322,0.42745850825699827,0.16473466222674005,0.2241867250876933,0.6005505285024835,1.1535388092849543,0.7348100655327434

21.31000000000005,79.14000000000007,0.08794531691277176,0.07031977350110143,0.279014325255797,0.3018539017431427,0.19723236940620759,0.5974067588523199,0.7995851955470161,1.5304480826289637

21.31000000000005,79.15000000000008,0.057280173286452296,0.06826478900460636,0.35282313738043747,0.1936047747787239,0.14337287075279032,0.6757694307484212,1.1917699435726936,1.3503584996739706

21.31000000000005,79.16000000000008,0.0676097215167448,0.10097313229169291,0.43051123643099587,0.15623901215469316,0.15263843251244913,0.6200334825825176,1.4934706115796972,1.0235889446754602

21.31000000000005,79.17000000000009,0.08095817653112154,0.10510977093520282,0.26455723714189017,0.25884132453487435,0.1308241987128474,0.43132728287806066,1.298321865796531,1.9785431662009552

21.31000000000005,79.18000000000009,0.01848362429340223,0.0454707013969126,0.3066388987544286,0.3228171701161228,0.1715338187989739,0.7417241596681549,2.460053311467607,1.8819447511178444

21.31000000000005,79.1900000000001,0.0493684196796096,0.13501943084731272,0.4145863425206419,0.26883805614400436,0.1090572816725574,0.508668076591138,2.734935236940258,2.465108718780238

21.31000000000005,79.2000000000001,0.0889479403886532,0.1155602511320165,0.27329968360700574,0.2824084295598261,0.19236701314339544,0.4056458851701685,1.2991897338731317,1.4680709795213398

21.31000000000005,79.21000000000011,0.027371317304920848,0.06431086257556214,0.15541077174939646,0.18105585754063488,0.12984565794929195,0.4146151079398948,2.3495713276848065,1.394392852719823

21.31000000000005,79.22000000000011,0.07368673796499714,0.030816608142030383,0.5,0.10536661895820369,0.12132765020843594,0.8838898116089869,0.41821105060788366,0.8684468766216396

21.31000000000005,79.23000000000012,0.024062545861296056,0.08634381683674006,0.2423235535662998,0.3212096265469844,0.14322565092423944,0.4745823611599348,3.5883076119884283,2.2426822587290807

21.31000000000005,79.24000000000012,0.07863289947300393,0.0741222514455508,0.30607560509376824,0.3604160422583285,0.11240265850371667,0.6100859055296144,0.9426366298082983,3.2064725757866652

21.31000000000005,79.25000000000013,0.06345075553107357,0.12519730376675345,0.40670066694512713,0.3891557689966475,0.15821411747482125,0.529243160579634,1.9731412576817433,2.4596779033489935

21.31000000000005,79.26000000000013,0.01594604552283274,0.10019793361990668,0.2311506096268947,0.23099398112569502,0.11473187053432703,0.3952112620876326,5.0,2.0133375307887915

21.31000000000005,79.27000000000014,0.0992221806337131,0.026000000000000002,0.19211320867780232,0.1618507155467709,0.16484618014093874,0.7615916963883935,0.2620381834761054,0.9818287285165499

21.31000000000005,79.28000000000014,0.04212225269605642,0.07570612246795051,0.31917372967749913,0.14080221115262506,0.20204032694557067,0.6165612295109296,1.79729519298261,0.6969015206596195

21.31000000000005,79.29000000000015,0.03973242688956641,0.07883523555726424,0.11539236020877727,0.09723872026701115,0.10509391565958806,0.18821797432289913,1.9841535373101191,0.9252554685416197

21.31000000000005,79.30000000000015,0.06993707591692606,0.11622644099095901,0.2668093923132247,0.20728349671129123,0.1343512271352381,0.39313019354867734,1.6618716081700367,1.5428478100044047

21.31000000000005,79.31000000000016,0.09825912048285917,0.06277201301555459,0.32100386643155776,0.32689745706576606,0.16376653565176763,0.6728715043809902,0.6388415919377245,1.9961187770453137

21.31000000000005,79.32000000000016,0.033205345430645745,0.1576669869348991,0.27040481031750124,0.20428361576893708,0.11872713225092613,0.2633619502146115,4.748241116460774,1.7206144183212355

21.31000000000005,79.33000000000017,0.06541039549543674,0.026000000000000002,0.1439549056814434,0.28207512362924786,0.16355602804132965,0.6940364865556141,0.39749033411768353,1.7246391150163245

21.31000000000005,79.34000000000017,0.07630449500991472,0.18538870988573167,0.4586177956204198,0.371870145001546,0.1679299430325833,0.42426448080290685,2.429590938498235,2.214436199194975

21.31000000000005,79.35000000000018,0.08411316821789179,0.08100724116487201,0.31045381539493655,0.1850133281717257,0.1941430888147114,0.5861287357364401,0.9630744244316011,0.9529740626152472

21.31000000000005,79.36000000000018,0.06849324665831416,0.12418339489373836,0.4441152117761936,0.3554872019703651,0.1095004976957505,0.562964281578778,1.8130750223001244,3.246443706890261

21.31000000000005,79.37000000000019,0.05206916482749767,0.09281205936234535,0.27589637498197545,0.3521466085248151,0.09248123798847227,0.4965558108144606,1.7824764328673035,3.807762696558341

21.31000000000005,79.3800000000002,0.0381322933805357,0.1350222214410147,0.21479880183094402,0.20322220629235943,0.12406113052180873,0.22804970273357253,3.5408890763398646,1.638081204594753

21.31000000000005,79.3900000000002,0.06542431649138847,0.07376552141788338,0.3306180920255368,0.17167260151864813,0.09087238302264082,0.6351705707285643,1.1274939542523679,1.8891614329840984

21.31000000000005,79.4000000000002,0.030555829640428953,0.04513518299288325,0.28302128736719934,0.2606066632473148,0.1673049102023706,0.7249166961138829,1.477138188565179,1.5576749228478692

21.31000000000005,79.41000000000021,0.01,0.14572017149083819,0.18772385420088597,0.18717325402367269,0.08081243499117508,0.12596921660334118,5.0,2.3161442148414175

21.31000000000005,79.42000000000021,0.07557679412472708,0.0841807741647099,0.45337842587877175,0.13024113480527902,0.25537082091262997,0.6868037076019127,1.113844203478636,0.51000789475019

21.31000000000005,79.43000000000022,0.08947804523258283,0.12662304062845306,0.24507297771062309,0.3607040468959213,0.20333639307868298,0.31867421550436886,1.4151297131917133,1.7739276341886845

21.31000000000005,79.44000000000023,0.01,0.13775007656178717,0.1241733615204663,0.2957513171093879,0.13898878848001106,-0.05183467022097433,5.0,2.1278789471507196

21.31000000000005,79.45000000000023,0.031828078858698726,0.06097232741108325,0.4419166053957569,0.26542297471612963,0.18154972464989408,0.7575117546984144,1.9156772700671996,1.461985002080178

21.31000000000005,79.46000000000024,0.08057462783015273,0.14536552667723512,0.2595701984187618,0.1459193606868234,0.05615990678445559,0.28203160312972964,1.804110430435339,2.5982835225678085

21.31000000000005,79.47000000000024,0.12360486409134769,0.06422420974147947,0.2501176107384621,0.12363316241477479,0.263988666569973,0.5913734311712664,0.5195928992086959,0.46832753835351393

21.31000000000005,79.48000000000025,0.062383811230258907,0.08235322577422013,0.1352612412970276,0.21690605018933234,0.10812926938997053,0.24312728933215855,1.3201057136160448,2.0059883065190904

21.31000000000005,79.49000000000025,0.03979991176312257,0.09035115861536647,0.48679414865972453,0.17410902758463925,0.13143512930502693,0.6869032546542163,2.2701346406518854,1.3246765029470133

21.32000000000005,79.0,0.0619531067668544,0.036151125542121965,0.14025194127903423,0.1997234947500864,0.053363335640577554,0.5901304186703307,0.5835240130864723,3.7427100832119904

21.32000000000005,79.01,0.10856629257444508,0.06482651828718192,0.27594494807056846,0.29483742085419906,0.17029436523704403,0.6195308309639871,0.5971145987417615,1.731339849505069

21.32000000000005,79.02000000000001,0.04782107462626342,0.1498429156965248,0.36226203225404796,0.27432255221957774,0.09048279214614377,0.41479606351420323,3.1334075311827068,3.0317648849001886

21.32000000000005,79.03000000000002,0.043104239800491814,0.17038794180640823,0.31407169330031404,0.3830039851617977,0.15070278807830056,0.29658559981492566,3.952927651659254,2.541452549030846

21.32000000000005,79.04000000000002,0.05247769433453839,0.09293441690690965,0.2668345688007857,0.15305637436359032,0.11822627835377213,0.48336615648918,1.77093178174658,1.2946053649437774

21.32000000000005,79.05000000000003,0.03824014175223793,0.10498493834051467,0.10353341417126366,0.19807659019192841,0.09137280325348175,-0.006961133881358993,2.7454118435591166,2.167784974547142

21.32000000000005,79.06000000000003,0.0704001094798431,0.08331029977454055,0.19362751642327736,0.274928718682206,0.10486192491186799,0.39834652458623454,1.183383098005772,2.6218164376735436

21.32000000000005,79.07000000000004,0.115340353754086,0.14916333543311805,0.29428003380425843,0.25286548387090035,0.1561894017042748,0.3272496747171656,1.2932449957784993,1.618966978231807

21.32000000000005,79.08000000000004,0.07617237819347998,0.11271766595470176,0.19768259300130706,0.39415995213735755,0.08064545135655743,0.2737269849741787,1.4797708628765487,4.887565820741744

21.32000000000005,79.09000000000005,0.05878939493621042,0.10381368368539251,0.2976359459998839,0.25033756941328245,0.1070994164488197,0.482805931140505,1.7658573220807947,2.3374316824515073

21.32000000000005,79.10000000000005,0.05748566193253267,0.18226156749538538,0.3463743408815218,0.4199611647448634,0.17752366906322237,0.31044575435477717,3.1705569884928644,2.3656629379304586

21.32000000000005,79.11000000000006,0.019224275739099215,0.06308514060616213,0.37535028858001823,0.25810124612061713,0.274303993743714,0.7122260819164569,3.2815353428219476,0.9409314188391713

21.32000000000005,79.12000000000006,0.09249329331441364,0.15635156737987407,0.15738206421874018,0.29435172133120335,0.16787944097764854,0.0032846234344937747,1.6904097757590404,1.7533518067591025

21.32000000000005,79.13000000000007,0.06354488408961474,0.04238200669334207,0.5,0.236464744470102,0.09795691789113382,0.843718979566037,0.6669617426145006,2.4139667653846018

21.32000000000005,79.14000000000007,0.06034560259227997,0.15882568524451007,0.3585479344554225,0.22040010483187608,0.12528429149638254,0.38603098721605605,2.6319346921499664,1.7591998328243723

21.32000000000005,79.15000000000008,0.15,0.07855297664191904,0.2825285846331035,0.28286610826875996,0.14503945030762694,0.5649017557541066,0.5236865105970026,1.9502701332208396

21.32000000000005,79.16000000000008,0.0744825872509692,0.08357205008698666,0.3925536583076744,0.3317084719415104,0.12580875246821255,0.6489496423068121,1.1220347340135626,2.636608862023813

21.32000000000005,79.17000000000009,0.04284626849714303,0.026000000000000002,0.5,0.3234559037420989,0.1882529083368445,0.9011406842393268,0.6068206369255145,1.7181987063462163

21.32000000000005,79.18000000000009,0.052489272113832204,0.07472821130489003,0.14152798989432433,0.21237797596457286,0.15379367415070896,0.30889185229425825,1.4236854151922747,1.3809279022644445

21.32000000000005,79.1900000000001,0.09961337127590109,0.051147738758922284,0.26377373575087637,0.31431345206698,0.18813261924549116,0.6751714764939637,0.5134625809010233,1.6707015144979585

21.32000000000005,79.2000000000001,0.06843811231613131,0.06825414618505865,0.05,0.06416149406040425,0.12683781048511608,-0.15436368836536135,0.9973119330066548,0.5058546324981531

21.32000000000005,79.21000000000011,0.021771660650477316,0.08688756136844228,0.30736515326481517,0.11774358489451461,0.2086550109860603,0.5592291026976012,3.990855927999768,0.5642979015057106

21.32000000000005,79.22000000000011,0.09237686803725435,0.1305116645789136,0.32553942419252724,0.26471439565678284,0.13387572078592008,0.42764454328184104,1.4128175939565115,1.977314436889977

21.32000000000005,79.23000000000012,0.044635677433828375,0.10032413405602232,0.2859837884557377,0.21768758493771423,0.09346050654309769,0.4806001728996472,2.2476220727239755,2.329193289835339

21.32000000000005,79.24000000000012,0.1207589332865245,0.10414706613604174,0.22534664290018305,0.2587859555786869,0.25070601905210826,0.36783578382078597,0.8624377776067996,1.0322287293057626

21.32000000000005,79.25000000000013,0.09684144197143751,0.062190991780026995,0.08674854838118196,0.2647302318842773,0.050411112651941245,0.16488272058639444,0.6421939868899336,5.0

21.32000000000005,79.26000000000013,0.05090034313023547,0.05624983641588781,0.3299533683411918,0.25576619862226607,0.10454306373475061,0.708703419554978,1.1050973892544338,2.4465152372667327

21.32000000000005,79.27000000000014,0.10263049085205134,0.16324900073404938,0.43904344839154796,0.15849180253047152,0.10994860740847719,0.45790786189018917,1.5906481516328208,1.4415080474598243

21.32000000000005,79.28000000000014,0.06611566531581999,0.06171195860946696,0.2352981544266727,0.25513402602557306,0.266535313652825,0.5844454048527281,0.9333938972154803,0.9572241007515233

21.32000000000005,79.29000000000015,0.08954321025366441,0.20434482910697513,0.3393059929023308,0.34141082036943055,0.23128294420732232,0.24824971894960277,2.2820806658582424,1.4761608184811648

21.32000000000005,79.30000000000015,0.078381984518832,0.08103755204476198,0.13938556865801174,0.3000385422751807,0.21545640718210654,0.264709148481104,1.033879818670628,1.3925719177259233

21.32000000000005,79.31000000000016,0.03832930035027149,0.09067151744573672,0.34282130636926866,0.3552488006254032,0.12404706688117995,0.58167004160828,2.365592807084338,2.863822654342166

21.32000000000005,79.32000000000016,0.04429350503047378,0.13321460640919366,0.25866177022555203,0.23108689104516114,0.2617089001920852,0.32011922959385575,3.0075426638011193,0.882992098424059

21.32000000000005,79.33000000000017,0.09437882452743242,0.18342440594080542,0.22265820493972677,0.27944853129515573,0.1586376001920449,0.09661531407165384,1.943491102637559,1.761552940669193

21.32000000000005,79.34000000000017,0.053316740036801286,0.08560749758883278,0.2237636358784056,0.10677792750782442,0.18890316851515238,0.4465708765279683,1.6056401304576975,0.565252178090037

21.32000000000005,79.35000000000018,0.051130546102737554,0.07433027785913462,0.2613388417967181,0.17590120192030387,0.14884476905530653,0.5571217396274141,1.453735259631452,1.1817761747258064

21.32000000000005,79.36000000000018,0.03446632261951681,0.08744318205910756,0.3398433315692731,0.19928425481953058,0.1372066714338335,0.5907046943929813,2.5370615476072302,1.4524385191458382

21.32000000000005,79.37000000000019,0.07570797196780117,0.10301830112928073,0.17128367988046825,0.28602236865933817,0.12691106630367702,0.2488694338808816,1.3607325399895995,2.253722837294283

21.32000000000005,79.3800000000002,0.12475574757729162,0.12497214747478613,0.2636884668432352,0.16942992131371912,0.12883800032903778,0.35690860926611323,1.0017345877967425,1.3150617112149208

21.32000000000005,79.3900000000002,0.03073401257236902,0.08930919435976187,0.3001528222001062,0.2676438013824113,0.16956458243389974,0.5413714786581667,2.9058748466012716,1.5784180716447864

21.32000000000005,79.4000000000002,0.06336658370017989,0.11371545192092188,0.19529607754683548,0.21148647981255625,0.15731998993876511,0.26400511896765755,1.7945649757530255,1.3443077371187475

21.32000000000005,79.41000000000021,0.10488661666245996,0.20060870607808326,0.48576652016752364,0.23867787833035126,0.13720643148981143,0.4154547004962216,1.9126244345587784,1.7395531358464016

21.32000000000005,79.42000000000021,0.06001075826262557,0.10385238449058692,0.2216504519938882,0.22842257783932052,0.21407619963493826,0.36189567113873705,1.7305627744785461,1.067015287650591

21.32000000000005,79.43000000000022,0.07585115388748898,0.13115194851224254,0.24095630863667375,0.2199828647307521,0.03,0.29508713656676316,1.7290699167724592,5.0

21.32000000000005,79.44000000000023,0.03028819415559051,0.02748356699639264,0.2109692050177735,0.18036739263350565,0.1637343623960551,0.7694841892361469,0.9074019654149503,1.1015854575905

21.32000000000005,79.45000000000023,0.0748892129162263,0.02,0.4895480087138355,0.09076498659468406,0.1739469353329442,0.9214990552252081,0.26706115867002883,0.5217969857806065

21.32000000000005,79.46000000000024,0.05630567204986031,0.10341502916920191,0.36589052285997237,0.19244320548703966,0.19522814341275363,0.5592848678221587,1.8366716037765738,0.9857349561615226

21.32000000000005,79.47000000000024,0.09137189987039261,0.08390703074876019,0.21784079937566042,0.17590222976958092,0.134456427947327,0.44385992279476844,0.9183023530861099,1.3082470828963677

21.32000000000005,79.48000000000025,0.09730158154693919,0.06692869300340532,0.42302315588602196,0.17308133074555604,0.14791600336919286,0.7267948138518012,0.6878479452292715,1.1701325528417517

21.32000000000005,79.49000000000025,0.13924690926055502,0.09708120816744868,0.3333698694289134,0.2380811143812943,0.18663741916573096,0.5489326743610605,0.6971875254773103,1.2756344109233462

21.33000000000005,79.0,0.08474899519640686,0.09362385083212306,0.2955253421111533,0.26950423669533463,0.22059832021400835,0.5188279839413088,1.104719300856331,1.2216966852318352

21.33000000000005,79.01,0.07701388949746452,0.14097121002535526,0.23625227912475827,0.23935361532496174,0.1308332007410609,0.25258519634822646,1.8304647481406573,1.829456237302746

21.33000000000005,79.02000000000001,0.07295152904731955,0.09912443473035831,0.19665840130430667,0.2924790633314619,0.15902878915637722,0.329748567728057,1.358771171611561,1.8391579581225614

21.33000000000005,79.03000000000002,0.05640501121567876,0.08530998917635015,0.3062766099054646,0.31534720176974884,0.22942869821743697,0.5642854510108479,1.5124540743179806,1.374488911293195

21.33000000000005,79.04000000000002,0.07703451530385008,0.13492664955837058,0.21889127700044592,0.2015460667136034,0.03911864620605644,0.23731026925337698,1.7515090326851999,5.0

21.33000000000005,79.05000000000003,0.057897957695828395,0.08645475700215083,0.45597556295751585,0.1895000599999916,0.11063937000926966,0.6812318417501406,1.493226363994137,1.7127724047311328

21.33000000000005,79.06000000000003,0.07169382928808765,0.11602146734689113,0.14827088947569544,0.2434975565736773,0.21825179893014696,0.12202177355529974,1.6182908394926494,1.1156726205956413

21.33000000000005,79.07000000000004,0.10604792606823794,0.07568357175228672,0.42971567728550086,0.26146369769313094,0.1994068916804139,0.7004998644877171,0.7136732842113273,1.311206926494064

21.33000000000005,79.08000000000004,0.03620372304160986,0.06860692458010119,0.26586811512022673,0.31884910149220264,0.17072226054633335,0.589763561005583,1.8950240093193482,1.8676480752133868

21.33000000000005,79.09000000000005,0.10047635683387039,0.09778672920742641,0.30780857340211787,0.3040821131458043,0.12199015634454254,0.5178113326058233,0.9732312375914048,2.492677458644312

21.33000000000005,79.10000000000005,0.10567345202019493,0.12317908946426964,0.3621157766629512,0.21899626745339473,0.10014907505072748,0.4923536262730802,1.165657854388664,2.186702843973332

21.33000000000005,79.11000000000006,0.06249794419026655,0.11325308141467169,0.21667507049956453,0.21295956039108896,0.11449921903787968,0.31346821559025445,1.8121089053533839,1.8599215085881378

21.33000000000005,79.12000000000006,0.01,0.10807442082789115,0.36702483846987227,0.32012549561308923,0.2212804110409329,0.5450448775067068,5.0,1.4466960449074824

21.33000000000005,79.13000000000007,0.04756534038716582,0.02024560864918229,0.05,0.294259844464125,0.11227786554223086,0.4235765321225731,0.42563783716937764,2.6208179393236133

21.33000000000005,79.14000000000007,0.104589836396832,0.07620904465646255,0.21040104667781562,0.28492786280933224,0.148591148211981,0.4682040375822715,0.7286467520079822,1.9175291802113243

21.33000000000005,79.15000000000008,0.06487395813103221,0.12509273868575063,0.19089371926590343,0.2144285517018024,0.1056546177569107,0.20823987517020862,1.928242735555991,2.0295237070679253

21.33000000000005,79.16000000000008,0.03546093303115129,0.08126495683027365,0.1588493987628343,0.13081841433000035,0.18529870150494926,0.3231145497677862,2.2916756456948675,0.7059866755510296

21.33000000000005,79.17000000000009,0.05017675236315203,0.08312466389941589,0.2636045161921158,0.14837445366280497,0.11604368598267575,0.5205210942817204,1.6566369846366522,1.2786085884680969

21.33000000000005,79.18000000000009,0.09041860079513507,0.1322550602362352,0.32457499681818086,0.2370843460023552,0.137920305492277,0.4209879222481597,1.4626974862132724,1.7189952196250862

21.33000000000005,79.1900000000001,0.0814820070460398,0.06414107090964073,0.35716599984994246,0.24165579055970027,0.058450893347856345,0.6955139118421385,0.7871807918855142,4.134338695357664

21.33000000000005,79.2000000000001,0.05779203702490754,0.030727871270281558,0.3118876757200531,0.14049244385958895,0.061771588189750544,0.8206276884908567,0.5316973202358061,2.274386133647468

21.33000000000005,79.21000000000011,0.053835267645557676,0.08583475521897768,0.22213065351065805,0.22021987276224475,0.14264365966607276,0.44256885476082247,1.5943963653094397,1.543846204755209

21.33000000000005,79.22000000000011,0.05296725552868358,0.07271304195004788,0.32650164378252994,0.26098570498802043,0.07582214224010925,0.6357196036092612,1.3727923239933026,3.4420776956860175

21.33000000000005,79.23000000000012,0.036927694465043105,0.05325014720986711,0.3029285694850988,0.13591413397449534,0.24715433196672237,0.7009919753822881,1.4420111473808424,0.5499160497733199

21.33000000000005,79.24000000000012,0.11294127068408137,0.08470486176404955,0.3850056167936158,0.2935498041263043,0.03864384439438469,0.6393316067543632,0.7499903372433842,5.0

21.33000000000005,79.25000000000013,0.05469038592365786,0.11120022588986843,0.36999367029316627,0.18947281960080736,0.10153123506679186,0.5378153097999344,2.033268257455079,1.8661530049304358

21.33000000000005,79.26000000000013,0.1007547556247629,0.09098845753728435,0.29624764139207793,0.3036329178803605,0.1421950433633745,0.5300621103489366,0.9030686133153094,2.1353270162230933

21.33000000000005,79.27000000000014,0.10975948155767147,0.10345924290744642,0.20437469938388983,0.1779583287956818,0.12292335311020766,0.32782433182158277,0.942599594540043,1.4477178188538384

21.33000000000005,79.28000000000014,0.0939493269444367,0.16353630794061375,0.22970498441680787,0.14313621619810213,0.08579272716680084,0.1682648230115828,1.7406863155418177,1.6683956875851815

21.33000000000005,79.29000000000015,0.05093139061845636,0.07710484553769414,0.2409210640362131,0.18263041071107414,0.0929236080252333,0.5151033721324481,1.5138963309272668,1.9653822574877078

21.33000000000005,79.30000000000015,0.07587190271009603,0.10177394538578341,0.2652733666083913,0.20773963138458196,0.0911072961250347,0.4454450852391972,1.3413917618557563,2.2801645970424347

21.33000000000005,79.31000000000016,0.0629141318082702,0.07009146549603115,0.32450504275899267,0.18690640652599055,0.12612391525899339,0.6447436099309379,1.114081421296977,1.4819267701449692

21.33000000000005,79.32000000000016,0.03640894417809378,0.05642561120451752,0.3701174390128237,0.1986799004898761,0.2378764544758676,0.7354282939903123,1.5497733406806633,0.8352230608284509

21.33000000000005,79.33000000000017,0.07313077845164566,0.06670369386328555,0.2943881306984805,0.23687756047732722,0.14399686482790683,0.6305444246722187,0.9121151884931563,1.6450188731256186

21.33000000000005,79.34000000000017,0.02790880626520343,0.07076965713912871,0.302012478790066,0.2012174441142458,0.19906502446937244,0.620316263311575,2.535746467013508,1.0108126455138444

21.33000000000005,79.35000000000018,0.09879038165384435,0.10411903190188118,0.3156306305000196,0.2082721324233531,0.16508881729140323,0.5038993893108386,1.0539389569453657,1.2615762576429879

21.33000000000005,79.36000000000018,0.04910148108104559,0.23857994090843432,0.2506094686867857,0.11154498246697404,0.1952531198991071,0.024590736307734323,4.858915355908493,0.5712839951929277

21.33000000000005,79.37000000000019,0.06895478967618249,0.06073826254896236,0.2105607742357245,0.23971886112072638,0.03,0.5522412221110936,0.8808418203595456,5.0

21.33000000000005,79.3800000000002,0.07129863614638152,0.0725349877753774,0.1284562102689496,0.20575576916157637,0.12397709894258441,0.27822722094236435,1.017340465317226,1.6596272275325794

21.33000000000005,79.3900000000002,0.054912850788874874,0.08649507947554587,0.2353850641923338,0.3244205086337939,0.20437677115753147,0.4625634342457555,1.5751336540618295,1.5873648782962595

21.33000000000005,79.4000000000002,0.08016081404425537,0.10467195394838558,0.3531145453268002,0.14563043829221575,0.11025320886252901,0.5427040590264323,1.3057745865706976,1.3208725592895003

21.33000000000005,79.41000000000021,0.04819289030132134,0.09920203247818701,0.23640885619606522,0.08451932700502664,0.2267836582434762,0.4088270920499543,2.058437077587426,0.3726870252574262

21.33000000000005,79.42000000000021,0.08845891892371434,0.1398438317579202,0.28381929625742847,0.25406479457509545,0.21267450768838358,0.33983477660654193,1.5808901273192186,1.1946179973196234

21.33000000000005,79.43000000000022,0.0218206095925945,0.02,0.35514312874125453,0.23475689128190239,0.11484346419362229,0.8933740297375233,0.9165646735704007,2.044146723767365

21.33000000000005,79.44000000000023,0.06587138738638924,0.02,0.36146894964229026,0.139609688562812,0.11296182404767749,0.8951421862067072,0.30362196339241415,1.235901505806928

21.33000000000005,79.45000000000023,0.12012786997174536,0.06810487311958927,0.2023467147834199,0.10281757314970563,0.0872597078822718,0.49636181711877025,0.5669364909151741,1.1782938028006542

21.33000000000005,79.46000000000024,0.031830060261829524,0.1316520075017435,0.41090593564538835,0.31721777114789224,0.10628028840680526,0.5146988107341124,4.136090412810527,2.984728171184635

21.33000000000005,79.47000000000024,0.041387650884251156,0.024954078735771205,0.4248350089355733,0.3082877273424665,0.07595054679154928,0.8890409773637865,0.6029353718399418,4.059058689632273

21.33000000000005,79.48000000000025,0.0770172354897641,0.02,0.2000150142781692,0.04,0.15884055902164523,0.8181942254575106,0.25968213279597485,0.2518248501591253

21.33000000000005,79.49000000000025,0.06686745345818453,0.11006717624876322,0.23151631303591025,0.1766243879520364,0.06441767533267319,0.3555474446552578,1.646050064595156,2.7418621793740017

21.340000000000053,79.0,0.07779890297820635,0.10566628894810795,0.38950906831462234,0.33969344383487193,0.17610665080951046,0.5732166900999301,1.3581976707549241,1.9289075232565627

21.340000000000053,79.01,0.08183561390442942,0.06777116284642871,0.2566146478744735,0.22749074514665768,0.1771439348450117,0.5821570448785993,0.8281377694894615,1.2842141347784468

21.340000000000053,79.02000000000001,0.08608164405685256,0.05613841597116198,0.050222205254819026,0.18825714361813295,0.06249977974080305,-0.05562407066249233,0.6521531567040018,3.012124908242142

21.340000000000053,79.03000000000002,0.10021099525868608,0.056590251214612114,0.13313184952673593,0.20250684706594269,0.22287093031641605,0.4034406006084154,0.5647109981500348,0.9086283558271833

21.340000000000053,79.04000000000002,0.0790945597078547,0.0996214126989566,0.2490630374827569,0.14353721183622717,0.1708804647207601,0.4285870065701569,1.2595229424244603,0.8399860802508127

21.340000000000053,79.05000000000003,0.05944227036144299,0.06996738895267864,0.1585957349715453,0.10236569790403507,0.18250490107224235,0.38776310219435706,1.1770645436240987,0.5608928705285868

21.340000000000053,79.06000000000003,0.08673721103608115,0.1146025567590196,0.23445762293636183,0.2950783117514304,0.10690673992286018,0.3433650502546612,1.32126171983119,2.7601469438534276

21.340000000000053,79.07000000000004,0.1234364580468556,0.02,0.27993962136836426,0.09209441656266054,0.17577895592365464,0.8666398260283895,0.16202668401426,0.5239217403832308

21.340000000000053,79.08000000000004,0.06234098760852188,0.06020592539488666,0.4238254604034798,0.23810900164761062,0.2007996724861019,0.7512313159893796,0.9657518690012131,1.1858037345429966

21.340000000000053,79.09000000000005,0.03696412085987978,0.049257841563556524,0.2494546083772284,0.282560564493033,0.13936958004976466,0.6701989380969485,1.3325852281735615,2.027419212925785

21.340000000000053,79.10000000000005,0.09929242007860814,0.08386637286509876,0.3866541799572837,0.1186141590769163,0.2442161229624165,0.6435166438778989,0.8446402324995115,0.4856933997212011

21.340000000000053,79.11000000000006,0.06234856508139095,0.07241808966039281,0.42317601620368533,0.15520121181834223,0.14614323174564522,0.7077524173960138,1.161503708220174,1.0619801537047158

21.340000000000053,79.12000000000006,0.01,0.1256737511958289,0.42463096693521635,0.30452254318740835,0.20079929002262198,0.5432575913584488,5.0,1.516551891201636

21.340000000000053,79.13000000000007,0.09114265031451142,0.026000000000000002,0.310575459338566,0.30792290449906773,0.1582304403629309,0.84550269889926,0.2852671047172046,1.9460408730341978

21.340000000000053,79.14000000000007,0.04954015442138103,0.09521965905322816,0.08667108521611219,0.17579000051847468,0.17267607664284143,-0.046998399323483764,1.9220702876922258,1.018033324791544

21.340000000000053,79.15000000000008,0.06276400153087383,0.1155534569284662,0.32998248654039664,0.3028574302352786,0.05965338661825936,0.4812833458380399,1.8410785470317284,5.0

21.340000000000053,79.16000000000008,0.07531940991706904,0.1673058974624761,0.38963998878136463,0.3028575006417977,0.16159268691076606,0.3992023224705649,2.221285289204481,1.8742030115609123

21.340000000000053,79.17000000000009,0.07095499039337053,0.07358936115625879,0.2775932894564693,0.23693368851109584,0.1061112449371345,0.5809054857527354,1.0371273485426569,2.2328801101917044

21.340000000000053,79.18000000000009,0.08640355451416966,0.10565834417409839,0.4610583870075363,0.15478878404883975,0.10036008471111331,0.6271211404500053,1.2228471924090385,1.5423341295512667

21.340000000000053,79.1900000000001,0.051935408882903114,0.020345488297503024,0.37348335614675776,0.18855859075697035,0.2297051592232965,0.8966785260686181,0.3917459917221536,0.8208722490711896

21.340000000000053,79.2000000000001,0.08027317394528084,0.02,0.3452273377152908,0.23724707207687318,0.1316314875968801,0.8904791729467153,0.2491492361908888,1.8023580545044342

21.340000000000053,79.21000000000011,0.05697359967248078,0.12593097503126544,0.39793807112059665,0.20369836195967153,0.0919749084512226,0.519227272608425,2.2103390962508964,2.2147166566219307

21.340000000000053,79.22000000000011,0.08680431442662331,0.09173758825407452,0.32353698512610113,0.28232700247643516,0.1240034185945536,0.5581834566211221,1.0568321258494375,2.2767678943744745

21.340000000000053,79.23000000000012,0.08298102452038976,0.18059665986951443,0.05,0.1310589772708102,0.07675748855390155,-0.5663423741123556,2.1763609294496344,1.7074422257579756

21.340000000000053,79.24000000000012,0.03633683893866024,0.03666388444120719,0.24208610485297768,0.11140155296535853,0.21329422340981066,0.7369407290677225,1.0090003811888808,0.5222905296365633

21.340000000000053,79.25000000000013,0.09685946348524901,0.11221608558114718,0.41261680272480006,0.22836097780376535,0.10663596279167128,0.5723740332966696,1.158545395849548,2.1415005933387725

21.340000000000053,79.26000000000013,0.048081096646576546,0.21579052770827642,0.21304086599018557,0.21719026924021392,0.16770499669718042,-0.006411987923120923,4.4880533579684005,1.295073333461138

21.340000000000053,79.27000000000014,0.08828173394843228,0.14020269163457377,0.2723527494763217,0.2054479163653835,0.20886533571051313,0.3203207245403745,1.588127976254489,0.983638168431022

21.340000000000053,79.28000000000014,0.07493861940203808,0.13252623829073037,0.19111636860970893,0.10924323558934418,0.11587236593926031,0.18103342715595855,1.7684638330857712,0.9427893752711495

21.340000000000053,79.29000000000015,0.11894551030385148,0.0910422432329707,0.4748922595201934,0.21586820913586718,0.167301121613636,0.6782587284430251,0.7654113461185562,1.2902974404759935

21.340000000000053,79.30000000000015,0.056976020528842174,0.02768474171496012,0.46554924574181855,0.21050714243994073,0.0890156972547751,0.8877419542716602,0.48590163738015885,2.3648316948072354

21.340000000000053,79.31000000000016,0.05308049611645175,0.14456291742841043,0.20991311048594455,0.259643528736616,0.2626284784556807,0.18435715786932616,2.7234658251669592,0.9886343254338585

21.340000000000053,79.32000000000016,0.06285741182336564,0.08544340273013193,0.31392980003892634,0.2621081151821545,0.1869790067308275,0.5721124894393773,1.35932104290744,1.4018050455220425

21.340000000000053,79.33000000000017,0.05422460651496929,0.110159330255317,0.23205059522361363,0.2040177145231591,0.13034967806195602,0.35618857273671456,2.0315376566495242,1.5651570253182556

21.340000000000053,79.34000000000017,0.087198257058259,0.0272786277371461,0.3624944639031567,0.2953900445753173,0.10115831345554804,0.860028163230307,0.3128345522736449,2.9200768003423936

21.340000000000053,79.35000000000018,0.014590681746899793,0.04244161341968493,0.3528683077242522,0.12082728875859505,0.13392017235801482,0.7852742307294881,2.9088163161273277,0.9022336705582984

21.340000000000053,79.36000000000018,0.031349527425606746,0.14684349596888546,0.3839705571613463,0.24994724531932375,0.12244081388242008,0.44672340483346423,4.684073654664862,2.041371967318111

21.340000000000053,79.37000000000019,0.030805912352621513,0.07536790844168224,0.33689184477080897,0.09511969846431882,0.2369072276999713,0.6343668869633574,2.446540369729208,0.4015061057766948

21.340000000000053,79.3800000000002,0.09122922775920451,0.14721101904169764,0.5,0.15311466839993657,0.07780326388925074,0.545091122561781,1.613638770119711,1.9679723002506788

21.340000000000053,79.3900000000002,0.11391840117745494,0.08577077363765506,0.20270762349894725,0.12661400071636097,0.14564007116450595,0.40535738891180717,0.7529141269175234,0.869362391936828

21.340000000000053,79.4000000000002,0.05934652344387298,0.02,0.13533966455637017,0.26593597748162706,0.13780309666831017,0.7424997653465728,0.3370037334236544,1.9298258436727882

21.340000000000053,79.41000000000021,0.057295348304296737,0.12422270398926441,0.2679909799298759,0.20632128364831506,0.1326694849827521,0.36655599179348236,2.1681115037944094,1.5551525169455727

21.340000000000053,79.42000000000021,0.06434156489339243,0.06476430728977119,0.15140117344399578,0.2096547728784841,0.13292916725307835,0.40078955169002706,1.006570283088734,1.5771916506601735

21.340000000000053,79.43000000000022,0.09697634907824265,0.11612755254067714,0.15985377299942372,0.13282869085893076,0.13237645949397123,0.15843905509667947,1.1974832371471786,1.0034162513965597

21.340000000000053,79.44000000000023,0.03417940597427965,0.0890084347015986,0.20986853458022675,0.18902145528468994,0.1816533033166003,0.4043807728932949,2.6041539314101287,1.0405616178154034

21.340000000000053,79.45000000000023,0.06903106948204037,0.02609527088228041,0.21868110945686117,0.15625742876835422,0.168269222324617,0.786782769763454,0.37802211439397354,0.9286156227313408

21.340000000000053,79.46000000000024,0.09101592889346964,0.09421179061481788,0.21633818980501834,0.23624185103978698,0.15858558056863445,0.3932584345546262,1.0351132121233146,1.4896805248228449

21.340000000000053,79.47000000000024,0.07667282509819205,0.22790160339193913,0.364521895044566,0.1676683446321345,0.03,0.2306125465821784,2.9723908412509243,5.0

21.340000000000053,79.48000000000025,0.06720744849795893,0.10699945834057331,0.26298109389149166,0.30188560556434685,0.15226974370815313,0.42159414749703306,1.5920773749447596,1.9825711793716347

21.340000000000053,79.49000000000025,0.09143138277701081,0.08479928987977634,0.29654854251277774,0.09120936852630479,0.05431803199149072,0.5552653892090388,0.9274637133493251,1.679172919458423

21.350000000000055,79.0,0.01,0.13881373607827527,0.3604232774500968,0.1665436117280396,0.17811600815679063,0.44389645663729943,5.0,0.935028880098935

21.350000000000055,79.01,0.08741625958592673,0.10404673860812369,0.1952677475218611,0.3401040356976255,0.219344868378525,0.3047664350052398,1.1902446865371241,1.5505447565595702

21.350000000000055,79.02000000000001,0.047337729506176734,0.13496777997366421,0.24634541012953198,0.23032834517118742,0.0991280443705716,0.2920896339738897,2.8511671577095092,2.3235437196540842

21.350000000000055,79.03000000000002,0.011921013094305679,0.05159499311363497,0.3102759986092962,0.13005849349168958,0.13217096388286373,0.7148431660480752,4.328071135621291,0.9840171363852045

21.350000000000055,79.04000000000002,0.08205607798574874,0.1357640973410578,0.08044321993798298,0.2845620112531621,0.11511221474734913,-0.2558695888450889,1.6545282264061425,2.4720401013091546

21.350000000000055,79.05000000000003,0.10780975635488799,0.13631773665667668,0.05,0.18822254304498018,0.20667158878783892,-0.4632824451351301,1.264428574363004,0.9107325494416599

21.350000000000055,79.06000000000003,0.062356544561168445,0.07966076809079715,0.3110117328797783,0.19522689852805988,0.14947139426360245,0.5921864583634653,1.2775045269691578,1.306115456802076

21.350000000000055,79.07000000000004,0.09494623641608729,0.1515198328498766,0.32650142805669635,0.1441890432440876,0.23095646902831538,0.36605400110940606,1.5958487498786087,0.6243126412015707

21.350000000000055,79.08000000000004,0.11460834773965843,0.09069175903419358,0.484622013485248,0.4,0.16504771014736797,0.6847224474697763,0.7913189636157647,2.423541649868959

21.350000000000055,79.09000000000005,0.10556743360752043,0.05866921953845689,0.29490948758668845,0.20269136698710796,0.15630250903178947,0.6681405390675939,0.5557511201892313,1.2967889518408489

21.350000000000055,79.10000000000005,0.11519893588114073,0.17407686799985067,0.3619739717258174,0.10225234173203514,0.14741033913014023,0.35052105092694896,1.5110978805251194,0.6936578686817656

21.350000000000055,79.11000000000006,0.08814382473215565,0.08234823057046756,0.261352735641411,0.3242596831303846,0.18471960496286516,0.5208146691927322,0.9342484368845564,1.7554156366890787

21.350000000000055,79.12000000000006,0.06802300916704661,0.12402059549944255,0.31152272215851745,0.262174963357737,0.05675569008773106,0.4305016723118997,1.8232153625041652,4.619359970613337

21.350000000000055,79.13000000000007,0.017581025643083715,0.08178965470965667,0.44942568417496265,0.16544734982861176,0.14772719777602364,0.6920659146778712,4.652154880202726,1.119951858610757

21.350000000000055,79.14000000000007,0.058138125356100245,0.09088695425880192,0.07120071818744617,0.15348166379196684,0.13977767781359982,-0.12145424610091013,1.563293510855112,1.0980413044695005

21.350000000000055,79.15000000000008,0.040102602140512894,0.11284240817336963,0.32586162575717825,0.26564309573107275,0.17937094135788625,0.4855647567831018,2.813842540606323,1.4809706275274357

21.350000000000055,79.16000000000008,0.130408281524933,0.10455588230359812,0.49895867300774727,0.20091571707573463,0.13353491970629602,0.6535099893909448,0.8017579942070786,1.5045930859671783

21.350000000000055,79.17000000000009,0.059883425627028426,0.02,0.3145034219209454,0.08308155270883918,0.09080327829186426,0.8804197581647001,0.3339822289253733,0.9149620385984113

21.350000000000055,79.18000000000009,0.06873614420353302,0.04771025039622202,0.45225729632329636,0.34270679752232297,0.14292753374598263,0.8091466106161296,0.6941071670464607,2.3977661147614886

21.350000000000055,79.1900000000001,0.08146456128121242,0.1684233192091193,0.22517878504706781,0.2243048011738548,0.08823797355658042,0.14419502642340576,2.067442779455774,2.542043882907403

21.350000000000055,79.2000000000001,0.06610807339117195,0.1129888973771163,0.28579525058364114,0.38602802586451884,0.04593688937062322,0.43333305510477965,1.7091542894863638,5.0

21.350000000000055,79.21000000000011,0.11553153121292087,0.07107074788914054,0.2932524702388717,0.30619044705759574,0.17837612407427206,0.6098478253194349,0.6151632119948548,1.7165438955184948

21.350000000000055,79.22000000000011,0.04588051914796466,0.03749703938969835,0.06904089206413633,0.1463293318861985,0.17079307863473084,0.29608095646665106,0.8172758287028712,0.8567638277278877

21.350000000000055,79.23000000000012,0.07027822365711543,0.048470547148963296,0.17488221721499383,0.2884232905054157,0.16501454719967595,0.5659731607505124,0.6896951083521917,1.7478658410741348

21.350000000000055,79.24000000000012,0.042045882429056644,0.02,0.18291249206161572,0.17019902150953753,0.2066264210972877,0.8028706873890209,0.47567083378922065,0.8237040574159238

21.350000000000055,79.25000000000013,0.02459932466337686,0.08724877125193574,0.37570660780326753,0.08483095892371911,0.10804840548480077,0.6230791336255925,3.5467953730921313,0.7851199512346375

21.350000000000055,79.26000000000013,0.045726927272839404,0.06718249677675509,0.38161531056842074,0.1854781283784449,0.06956429286143419,0.700611296613957,1.4692108268936461,2.6662835268270793

21.350000000000055,79.27000000000014,0.06284889608854555,0.052276484360584255,0.32770364427066906,0.2427346251243343,0.13743851115959463,0.7248462198003118,0.8317804692027646,1.766132526463822

21.350000000000055,79.28000000000014,0.05096093326448005,0.08803506299327865,0.37861028968558674,0.18220843464025094,0.12338498501470124,0.6226896399202035,1.727500993037922,1.4767472271513928

21.350000000000055,79.29000000000015,0.042947370603782106,0.1051388252341062,0.2806850587278392,0.19280661613523736,0.09846521416149323,0.4549905818312389,2.448085261360302,1.9581190939492854

21.350000000000055,79.30000000000015,0.02141047608984271,0.17412791728839438,0.4181931669539714,0.2940496231449972,0.13640754232560678,0.41204889732492717,5.0,2.1556698252617843

21.350000000000055,79.31000000000016,0.06098683282113682,0.029744663217467947,0.2997788442632247,0.22115457862030058,0.10963974268976726,0.8194686413370119,0.4877227065706348,2.017102311561981

21.350000000000055,79.32000000000016,0.018218388779067535,0.1364152417320173,0.30558640474269366,0.1543691182100473,0.04823973583215482,0.38273876199708134,5.0,3.2000406973030415

21.350000000000055,79.33000000000017,0.0860416789106856,0.12878406244059917,0.27414073667377736,0.2622421226567067,0.11780116546030828,0.3607538541102332,1.4967637070936906,2.226142003004647

21.350000000000055,79.34000000000017,0.06559319258803258,0.0585162904249282,0.3700450477636617,0.22663728968679084,0.08286124166480334,0.7269175483322587,0.8921091965021007,2.7351423278218205

21.350000000000055,79.35000000000018,0.019273455016049504,0.09762943818343736,0.2603801183387281,0.04,0.15108240358054226,0.4545987031487369,5.0,0.2647561795785193

21.350000000000055,79.36000000000018,0.053603727688501454,0.09231907103443886,0.4010431377198267,0.2906216447567937,0.10651826208796328,0.625755400686926,1.722250948640968,2.728373884320039

21.350000000000055,79.37000000000019,0.0401953078322798,0.0965675432167455,0.19108508592841963,0.23932800954012035,0.1947215737070485,0.3285822311435131,2.4024581023098626,1.229078036197842

21.350000000000055,79.3800000000002,0.07221523531257265,0.14932524053617788,0.1953083745272014,0.21300847907065326,0.21915330336338915,0.13342614291767346,2.067780291555768,0.9719610688243062

21.350000000000055,79.3900000000002,0.1027335133806915,0.11300424930524827,0.3748426755126717,0.2737190406748632,0.17274906865059106,0.5367225103478466,1.0999745406983197,1.5844892401130624

21.350000000000055,79.4000000000002,0.01,0.10894433492933335,0.2981455785417204,0.1639324490971376,0.06104869090082965,0.4647652454777996,5.0,2.6852737775312785

21.350000000000055,79.41000000000021,0.06573078237441957,0.07120762720180987,0.26251085838470933,0.2342549852174557,0.21367979994394753,0.5732473308733682,1.083322372276973,1.0962897998279502

21.350000000000055,79.42000000000021,0.057356016132997775,0.02887773340302207,0.3978057732475686,0.10071284401827775,0.21702602251868375,0.8646409669174207,0.5034822029080931,0.46405883867314346

21.350000000000055,79.43000000000022,0.0821802022935109,0.1036376530518928,0.24897385859141463,0.28631559220549263,0.1389995255653924,0.41217090395313866,1.2611024314059882,2.0598314334879664

21.350000000000055,79.44000000000023,0.06831589884712753,0.1361443261945519,0.2905798745699866,0.3465141786877849,0.2040263080167719,0.3619095145355008,1.9928644472631412,1.6983798897613822

21.350000000000055,79.45000000000023,0.03924092004783223,0.026613285736409302,0.4514227950071399,0.13986005532726412,0.1101162430976613,0.8886557443971713,0.6782023876134691,1.2701128486213606

21.350000000000055,79.46000000000024,0.0521083819299982,0.05891135285480551,0.46631423458108945,0.18721662091301708,0.04420770325751562,0.7756721899967244,1.1305542517303822,4.234932075049516

21.350000000000055,79.47000000000024,0.03767922429589201,0.09239070944935775,0.4705398210270576,0.15919891899758304,0.09932577806891532,0.6717509373501066,2.452033207441252,1.6027955877360087

21.350000000000055,79.48000000000025,0.09372021415795456,0.04777380860610443,0.2859874223066342,0.2176998758061032,0.22362504330223273,0.7137246377529028,0.5097492465671524,0.9735040069484884

21.350000000000055,79.49000000000025,0.06195934946015483,0.055279062115386336,0.4381702904984729,0.1338874609002311,0.06242600381942115,0.7759483851326825,0.8921827376789557,2.1447386104202932

21.360000000000056,79.0,0.12415572057258978,0.07873605673087225,0.17670471722313555,0.2522873165083675,0.14565606409657406,0.383527887648625,0.6341717989661273,1.7320756118185807

21.360000000000056,79.01,0.06518017558556087,0.04087530383239326,0.18180971252779776,0.2817787961828403,0.14720719466700982,0.6328868054784417,0.6271125139272711,1.9141645666763898

21.360000000000056,79.02000000000001,0.04562779699268554,0.056355126151344415,0.05,0.25960430494176345,0.11967128780160854,-0.059753830166358136,1.235105127623585,2.1693115323970207

21.360000000000056,79.03000000000002,0.02134856822161456,0.12327711667149141,0.44158682018985773,0.09811092020533332,0.1229639200081433,0.563515711820255,5.0,0.7978838029809683

21.360000000000056,79.04000000000002,0.01254580971232096,0.0426652087107604,0.18880201509239738,0.29126173656110066,0.14857245671180908,0.6313498901372675,3.400753665886107,1.9604019669004364

21.360000000000056,79.05000000000003,0.018995921709834558,0.030865114620205362,0.26344674202529966,0.2869157189977557,0.1166718829032625,0.7902557171055817,1.6248284726159428,2.4591676384423544

21.360000000000056,79.06000000000003,0.07441379953034369,0.0902187010642359,0.18596756580717771,0.33493355527708707,0.07349707514160221,0.34668220760177115,1.2123920766363805,4.557100458434319

21.360000000000056,79.07000000000004,0.08154175069689715,0.12369822010039251,0.34741652483302066,0.24679895740590554,0.1551715971471715,0.47487009712837847,1.5169924473230654,1.5904905394044608

21.360000000000056,79.08000000000004,0.018724278939035065,0.11227206598415992,0.24123663392827305,0.28297590239322834,0.1979083291222472,0.36481299594487326,5.0,1.4298332137171037

21.360000000000056,79.09000000000005,0.09289114942228247,0.07547675687537377,0.1492183109567126,0.2923672578688452,0.18753862593266954,0.32818501429513824,0.8125290435475623,1.5589708853786437

21.360000000000056,79.10000000000005,0.051428168449495756,0.09565435190062269,0.324766256418614,0.3544459441322391,0.10339322663050782,0.5449587863436147,1.859960301883248,3.4281350465644596

21.360000000000056,79.11000000000006,0.07020379035956535,0.023871702685612232,0.13812699751898558,0.15278716756445768,0.0811386042311145,0.7052852561072712,0.34003438460151814,1.8830391380773093

21.360000000000056,79.12000000000006,0.11404661884766154,0.11330822615099953,0.19865942746845974,0.29466877770563105,0.1293106058922593,0.27358990683762785,0.9935255178673831,2.2787672785577255

21.360000000000056,79.13000000000007,0.0924651794759647,0.1086774012561439,0.07261108853740127,0.21286480313947517,0.22172957548978134,-0.19894430550952913,1.175333263337904,0.9600198916778393

21.360000000000056,79.14000000000007,0.05738408056282372,0.07678766103616919,0.14180418878024914,0.20952288635799465,0.17543990394797532,0.29743344854320936,1.3381352484734685,1.1942715512469677

21.360000000000056,79.15000000000008,0.03858423323754001,0.173182074613411,0.30295291697205806,0.13289142200790463,0.17817823383970963,0.27255052584829265,4.488415594483663,0.7458342080821794

21.360000000000056,79.16000000000008,0.01,0.0477001560418763,0.08954639618971827,0.19806474133391877,0.1872928475892726,0.3048982975305591,4.770015556487475,1.0575136412177215

21.360000000000056,79.17000000000009,0.04350540042272591,0.13773635973014053,0.13878542753783962,0.14789145294220718,0.16365832812592707,0.0037937980138362352,3.1659600434707227,0.9036598048224345

21.360000000000056,79.18000000000009,0.05862609283516762,0.09861974662380772,0.2875631083867309,0.18493018993457988,0.1484704273806766,0.4892588038607803,1.682181801418484,1.2455691889123746

21.360000000000056,79.1900000000001,0.03522461418546287,0.07879789640487064,0.23433931039070685,0.14022695313552547,0.17537534483239597,0.49671968249274484,2.2370123279785745,0.7995819092448851

21.360000000000056,79.2000000000001,0.060782290987229176,0.11867057096084453,0.48880366359594346,0.2224516954657024,0.11477169478909649,0.6092984220873457,1.9523872634307153,1.9382104244487872

21.360000000000056,79.21000000000011,0.06690555648876131,0.08760940936755973,0.4738896546024506,0.1880722750083574,0.07117684943168134,0.6879445932375189,1.3094489282266315,2.6423236803231234

21.360000000000056,79.22000000000011,0.05773432054575585,0.14053131585670597,0.20460775372489814,0.2229728442907115,0.17786984673121345,0.18565396820274108,2.4341035675984295,1.2535730381681711

21.360000000000056,79.23000000000012,0.04485992257529435,0.06301468537150368,0.34801376184036215,0.12344101156752257,0.20342690528745846,0.6933804176639308,1.4046989297689465,0.6068076950411736

21.360000000000056,79.24000000000012,0.0692996401589999,0.06085923043413319,0.3681282556879596,0.11441372965782254,0.08544840303219554,0.7162657073282294,0.8782041321813274,1.3389803140126015

21.360000000000056,79.25000000000013,0.07737821948708028,0.13263211568289623,0.23435211419757457,0.24063399895113188,0.18227607412079205,0.2771781188529311,1.7140755679139668,1.3201622866841565

21.360000000000056,79.26000000000013,0.031288027676712585,0.06717860259264258,0.14544584635019495,0.15917933180508795,0.22503828566940645,0.3681008656807094,2.1471024978647915,0.7073433360943602

21.360000000000056,79.27000000000014,0.106207971392386,0.16489372002123867,0.29467015506921,0.34790050237930786,0.14070768991214078,0.2823904185118781,1.5525550267482497,2.4725052507740672

21.360000000000056,79.28000000000014,0.06080235603146998,0.15861743932034514,0.27951543251860517,0.23016888054104784,0.09973989076290943,0.2759391064706645,2.60873836825294,2.3076913213932686

21.360000000000056,79.29000000000015,0.0642054886883432,0.07438819892233131,0.2541235503029548,0.2565733505144429,0.14661093367633443,0.5471200094053651,1.158595632961474,1.7500287591501469

21.360000000000056,79.30000000000015,0.08476643269769443,0.11753449306300878,0.3428316868164657,0.3125484624294569,0.1127533015899615,0.4893869349036496,1.386568824283539,2.7719672749705677

21.360000000000056,79.31000000000016,0.0703964839379027,0.043952308746402144,0.22442703929945776,0.19182024317353402,0.10926349450217639,0.6724613193969399,0.6243537492971589,1.7555748502456667

21.360000000000056,79.32000000000016,0.09187409901739495,0.12010933192270876,0.18520024524210377,0.17298593062085466,0.1615792033635735,0.2131964345911688,1.3073252753122007,1.0705952679105308

21.360000000000056,79.33000000000017,0.07177372495605225,0.12703204727130707,0.31220829703500175,0.3287030171902929,0.05955352624850151,0.4215829718783796,1.7698962562149367,5.0

21.360000000000056,79.34000000000017,0.044666878760784325,0.10848153128640481,0.3407970092569066,0.24826594947507166,0.06736355387538483,0.517085631639238,2.4286794612293163,3.685463946361708

21.360000000000056,79.35000000000018,0.07376510575618045,0.06355711711858031,0.18543550561001418,0.19918687831250242,0.14034454401869323,0.4894859418197882,0.8616149381320944,1.4192705499406133

21.360000000000056,79.36000000000018,0.02848821378037749,0.022756663377309107,0.39680906109912806,0.3094020576869093,0.13808457305437444,0.8915227717884603,0.7988097629730223,2.2406707036057316

21.360000000000056,79.37000000000019,0.06593679117329297,0.10915008258997612,0.1278518862224126,0.19684289831119806,0.15619772885199268,0.07890990829426343,1.6553744955160756,1.2602161352275336

21.360000000000056,79.3800000000002,0.0615631002806634,0.02,0.24798865412845655,0.21369415462889774,0.23260126942416526,0.8507399493640482,0.32486992819292576,0.9187144810776571

21.360000000000056,79.3900000000002,0.05619649428182097,0.07596598031029435,0.2808991463802604,0.21258558555839097,0.1438857018037868,0.5742594349664264,1.351792156182408,1.4774615041357082

21.360000000000056,79.4000000000002,0.05846387465682917,0.12612727465679444,0.2439776287348288,0.14537842735709974,0.16838860751673537,0.31842418991539173,2.157354010171238,0.8633507302821313

21.360000000000056,79.41000000000021,0.01,0.09597590943491699,0.251993952644903,0.21593097726403995,0.08952335321926394,0.4483665402303167,5.0,2.412007250152628

21.360000000000056,79.42000000000021,0.045618252767768125,0.16605370579158799,0.4965074482308341,0.3079732124178868,0.1765168831758223,0.49875206293514124,3.6400715799643066,1.7447238286926527

21.360000000000056,79.43000000000022,0.06474534703423035,0.12894436610326632,0.2252115910961333,0.2410477820763246,0.11162045674446147,0.27182156055470136,1.9915618930258923,2.1595305098259434

21.360000000000056,79.44000000000023,0.06663569175991886,0.08008528380706388,0.5,0.2541293278175008,0.1413310416290499,0.72388444913595,1.2018376574436815,1.7981140215799154

21.360000000000056,79.45000000000023,0.03088974577221805,0.08867253519405274,0.35581267797312927,0.19797629031839514,0.1321375687465371,0.6010101906775859,2.870613942920262,1.4982589133929223

21.360000000000056,79.46000000000024,0.09957123522593775,0.11115672346768296,0.32220551373122375,0.27859283038612365,0.18904871174569662,0.4870031860158878,1.1163537652598277,1.4736563273359609

21.360000000000056,79.47000000000024,0.035494754553561644,0.02393292946614991,0.3615240353387916,0.2611836639942346,0.07172117228124503,0.8758204848001537,0.6742666543195392,3.6416535776335652

21.360000000000056,79.48000000000025,0.09044371601579872,0.04942404334062078,0.5,0.2510467181622742,0.03,0.8200878029249832,0.5464618821869416,5.0

21.360000000000056,79.49000000000025,0.07405583085614709,0.0644295637208004,0.21634069960688113,0.1848694596724528,0.12618836514559859,0.5410513707239825,0.8700133789458527,1.4650277726686136

21.370000000000058,79.0,0.04765318070468545,0.02,0.16015820810636452,0.24533471158770687,0.1689865628452555,0.7779729244743516,0.41969916094317716,1.451800115416188

21.370000000000058,79.01,0.12017932677828484,0.1264636603490844,0.1976133803428118,0.3070749382564538,0.1529934687903742,0.21954569759051734,1.0522913019571511,2.0071114177853238

21.370000000000058,79.02000000000001,0.030990895047305022,0.0852371262138775,0.2772143146964605,0.15149635087311003,0.20681021187069468,0.5296631955647471,2.7503925204073925,0.73253805713703

21.370000000000058,79.03000000000002,0.09425462520829941,0.028104243947536064,0.1023228875187475,0.23347613788285698,0.16688863370898244,0.5690429796310689,0.2981736318574214,1.3989936435700547

21.370000000000058,79.04000000000002,0.09657746954128865,0.11100851461109222,0.2780339239318661,0.07010872795883287,0.11664758340700593,0.4293243942830118,1.149424550295259,0.6010302644171116

21.370000000000058,79.05000000000003,0.04632139372769989,0.12329490978763724,0.446054713341373,0.25487735968748104,0.03,0.5668921000127045,2.661727111370032,5.0

21.370000000000058,79.06000000000003,0.10809395900192903,0.10356137915459432,0.292740739062484,0.2670240138193857,0.13261438829023783,0.47736146531654094,0.9580681475172851,2.013537271940864

21.370000000000058,79.07000000000004,0.05869860456203052,0.10573845488913183,0.249231454102479,0.3273938745660599,0.19569795011288854,0.4042398962226243,1.8013793598321983,1.67295505246686

21.370000000000058,79.08000000000004,0.07474080887839477,0.11777768607007277,0.2175839551316444,0.1925467203481279,0.12451761086664284,0.29760788584577036,1.5758149755124893,1.546341267338557

21.370000000000058,79.09000000000005,0.0737696551631356,0.15749345874478596,0.37015117045516405,0.28983993414201586,0.1453560131838867,0.4030320786028291,2.134935539321804,1.9940003003243196

21.370000000000058,79.10000000000005,0.06181073775588249,0.1378729856254217,0.1986167226762033,0.3831321230254548,0.16482801271533382,0.18052182736679584,2.2305668951385993,2.3244357344446023

21.370000000000058,79.11000000000006,0.09004424819479233,0.060595509982607855,0.4667395920599333,0.3182638753803853,0.09281538128750749,0.7701821487459842,0.6729525886453802,3.428999273855509

21.370000000000058,79.12000000000006,0.08940466161656518,0.10446403062044543,0.47633597477144474,0.21695791105413775,0.17456179483193907,0.6402753798806428,1.1684405333540901,1.242871678414677

21.370000000000058,79.13000000000007,0.013024040802853321,0.14103922603301727,0.30957507986618826,0.22845237415106603,0.22507608950008337,0.37401354459764563,5.0,1.015000636260305

21.370000000000058,79.14000000000007,0.10449020728634326,0.06917483765552881,0.2836484911923454,0.29616378013140704,0.1343993324053277,0.607878323058685,0.6620222065380826,2.203610498732699

21.370000000000058,79.15000000000008,0.015365240358928391,0.17677757356529517,0.38876598082416636,0.11304385893164429,0.08640677890838282,0.37484010838076204,5.0,1.3082753486352878

21.370000000000058,79.16000000000008,0.09609638613024828,0.07165476264058246,0.3960798502227434,0.19518469801260466,0.13934994864889916,0.6936093215910845,0.7456551224402618,1.4006800846716965

21.370000000000058,79.17000000000009,0.098801154104826,0.0937962805336032,0.20690082689406974,0.31098993188756924,0.03128079456955429,0.37614111851760196,0.9493439756700907,5.0

21.370000000000058,79.18000000000009,0.03215100709354249,0.0654205761597442,0.23574448668634157,0.2854640379179297,0.15916516319882845,0.5655500304731181,2.0347908781185517,1.7935082778257097

21.370000000000058,79.1900000000001,0.05243557136136083,0.10107083343680799,0.15706525653168266,0.24274846443548925,0.1647537188824265,0.2169182274358374,1.9275242096157172,1.4734020326508204

21.370000000000058,79.2000000000001,0.031468859945420244,0.022271132294586462,0.3311064938334184,0.11119173162685232,0.22574181469227558,0.8739527876605478,0.7077197033016658,0.49256152090904987

21.370000000000058,79.21000000000011,0.058072369091336194,0.06993832804732852,0.3577627883457022,0.21280628368711427,0.1320802603716661,0.6729570001088919,1.2043305451667814,1.6111891582222124

21.370000000000058,79.22000000000011,0.05515897147442596,0.0479151519860546,0.1570074362138863,0.17470592226250015,0.1620242669073208,0.5323585122209934,0.8686737736109297,1.078270097988509

21.370000000000058,79.23000000000012,0.08766981596807832,0.09683353391568883,0.24738010951839814,0.23887272319720027,0.09835559488070213,0.43736376645919,1.1045253458783877,2.428664309783987

21.370000000000058,79.24000000000012,0.10346926238358631,0.13101789502035338,0.1590746082418796,0.15874573206435352,0.12341864397374315,0.0967164366412197,1.26624943365318,1.2862378553559728

21.370000000000058,79.25000000000013,0.10591051432369669,0.11690024748457906,0.2048200189756312,0.14329936235177249,0.06480072816688709,0.27328017731390847,1.1037643252011577,2.211385059772513

21.370000000000058,79.26000000000013,0.047054959202648884,0.02,0.35070170602264544,0.07025943056213993,0.13114051893583512,0.8920965308782092,0.42503490166389607,0.5357568437176996

21.370000000000058,79.27000000000014,0.05752334378766205,0.22409762195224567,0.223151793332188,0.36003159353803654,0.1254345423240686,-0.0021147677057211886,3.895768340413038,2.8702746992996806

21.370000000000058,79.28000000000014,0.013176854233369319,0.10233119762483148,0.2673174043967865,0.1862160641989805,0.1554799883044415,0.4463325596932,5.0,1.1976850918883974

21.370000000000058,79.29000000000015,0.0393838980051121,0.059280034380276625,0.13556882720528526,0.22490020485917178,0.10916015598336468,0.39152803955365145,1.5051845356207127,2.060277421071269

21.370000000000058,79.30000000000015,0.09238554899292142,0.09644511675963419,0.31789902097248374,0.21344333184680156,0.14432726754875114,0.5344685347100946,1.0439415872565703,1.4788843114958565

21.370000000000058,79.31000000000016,0.11178748470644459,0.09702759290010415,0.29567266801555286,0.1385796246927591,0.12331099721961315,0.5058440109046138,0.8679647195578595,1.1238221059357

21.370000000000058,79.32000000000016,0.02616953384359992,0.06312605132193382,0.228104074996702,0.12486545619862038,0.12322503058502064,0.5664868044510495,2.41219623773132,1.0133124374526867

21.370000000000058,79.33000000000017,0.045306072225410686,0.09753666669367929,0.2829985702317713,0.1423279411801873,0.14363811629814777,0.48737116958682103,2.152838718684828,0.990878638269463

21.370000000000058,79.34000000000017,0.062167827291229646,0.06514110849518388,0.32082948805036354,0.16177820928193612,0.14146614711584668,0.6624555906003087,1.0478266850994007,1.1435824928143241

21.370000000000058,79.35000000000018,0.0712448347645856,0.07308552029239518,0.22221318510908517,0.2377624372909598,0.177318701952578,0.5050061583014369,1.0258360543793548,1.3408762557965217

21.370000000000058,79.36000000000018,0.03843189440234795,0.061628834569792616,0.15697374559984212,0.15609976355355049,0.13304784829350425,0.43615638439604226,1.603585651132225,1.1732603378287454

21.370000000000058,79.37000000000019,0.07532183133391997,0.0315931484104098,0.48605744326870204,0.33375434421161665,0.12140573254384573,0.8779363958540938,0.4194421167006082,2.749082246311334

21.370000000000058,79.3800000000002,0.048264819587869726,0.09455345880861117,0.2430727295289937,0.2831005725125136,0.1296796277456345,0.4398926262434458,1.959055465659909,2.183076688417901

21.370000000000058,79.3900000000002,0.061926431873648775,0.11195197746064924,0.2976239896813325,0.2674851684765924,0.10280679415794608,0.453327409493698,1.8078221833979966,2.601823842551322

21.370000000000058,79.4000000000002,0.07862852744010808,0.10895534384305053,0.40928397350205326,0.2022238768268722,0.12036444532166204,0.5795172607505144,1.3856973703020559,1.680096444746946

21.370000000000058,79.41000000000021,0.06231266809432516,0.15727011313702638,0.5,0.3795595818005117,0.23973793565365709,0.521444501979626,2.523886678172273,1.5832270375036868

21.370000000000058,79.42000000000021,0.048908423284199906,0.10097360840059016,0.18555135501113623,0.1947396058215137,0.09236606196520208,0.2951845646324796,2.0645443343653183,2.1083458736613148

21.370000000000058,79.43000000000022,0.05859170588222198,0.06651098007131921,0.3558827213726743,0.20751170100919503,0.12388718330602988,0.6850758906764053,1.1351603261304615,1.6750053984930209

21.370000000000058,79.44000000000023,0.05910911122383678,0.12122655457724281,0.2410447714706131,0.22129821778244096,0.11826556683651072,0.33074165203035744,2.050894555208041,1.8711973697402722

21.370000000000058,79.45000000000023,0.05053966910353295,0.043107087928213106,0.2588209695423531,0.30987313540563116,0.1251014193877752,0.7144545735492756,0.852935696009655,2.476975374655215

21.370000000000058,79.46000000000024,0.05375611811998365,0.05125314469949587,0.24157879789934567,0.25338356553020075,0.12071803455607533,0.6499484019596429,0.9534383507706978,2.0989702677987463

21.370000000000058,79.47000000000024,0.10935941511513815,0.04853199714306519,0.2019345032199666,0.17524123050886942,0.15106200506104497,0.612467159453698,0.4437843513298809,1.1600615940589913

21.370000000000058,79.48000000000025,0.07810758343823376,0.1691589150752375,0.31127086382155944,0.20506852756820967,0.051411244930405164,0.2958017070529456,2.1657169177744953,3.988787422808569

21.370000000000058,79.49000000000025,0.05229559045912172,0.12445154056559782,0.16884973129520248,0.25269320700063724,0.18859857362659502,0.15137401359629452,2.379771205086625,1.3398468610211127

21.38000000000006,79.0,0.08786863213532159,0.11493220948179908,0.3674807566511906,0.2724665608723851,0.17706913998210916,0.5235111094576568,1.3080004383589168,1.5387580283387547

21.38000000000006,79.01,0.056825415307319174,0.1381371946084711,0.27920029360334153,0.19456542126239756,0.08311642069684246,0.3380072553881752,2.430905143733958,2.3408782452021684

21.38000000000006,79.02000000000001,0.10191373912759864,0.059908688703519584,0.3168434972901485,0.1106968351225067,0.03162613635237903,0.6819729734036628,0.5878372156449744,3.5001694022660077

21.38000000000006,79.03000000000002,0.07768926576594216,0.10884380479443823,0.22888113880538263,0.20698787327942123,0.09604639269292894,0.35542928128411166,1.4010147165279594,2.155082218711497

21.38000000000006,79.04000000000002,0.06326093567987241,0.11662692972407408,0.23967960657883058,0.31781616710136995,0.1325866769286428,0.3453562151765043,1.843585275594058,2.397044516265476

21.38000000000006,79.05000000000003,0.07979150777430756,0.12841528415539538,0.30605639051673866,0.3472791792493827,0.2735545949345376,0.4088669450189362,1.6093853541116552,1.2695059251537595

21.38000000000006,79.06000000000003,0.019113715437944184,0.08975103069791085,0.16179493675942377,0.13674294263615155,0.17152284824871242,0.2864045357637945,4.695634949664225,0.7972287304729687

21.38000000000006,79.07000000000004,0.03231697593270494,0.07878228446359539,0.2433009565586732,0.1904400123018576,0.05380051754092575,0.5107955059127822,2.437798771267068,3.5397431224154423

21.38000000000006,79.08000000000004,0.030182249808027372,0.1503272429651696,0.19403864861216183,0.23129010083186546,0.10951722475495135,0.1269330288028337,4.980650661340793,2.1119061511848445

21.38000000000006,79.09000000000005,0.07016829284291018,0.12886676668764777,0.19184311894090628,0.3146063737602025,0.14115937818634927,0.19636548499337847,1.8365384318597493,2.2287316477266343

21.38000000000006,79.10000000000005,0.11773544998455168,0.06690619220612631,0.070816175937444,0.21695409496789297,0.1563241777149032,0.028390331804363476,0.5682756736231751,1.3878473439008203

21.38000000000006,79.11000000000006,0.1325790043857778,0.09101697314590323,0.4166326589480086,0.15558714084393852,0.07772255698447712,0.6414181458083412,0.6865112126835055,2.001827354635668

21.38000000000006,79.12000000000006,0.0846615330432215,0.05094237465433207,0.2149461246846322,0.2579086698045243,0.1365304886011451,0.6168140042775629,0.6017180738760437,1.8890188723272414

21.38000000000006,79.13000000000007,0.08042533424833243,0.02,0.4008376055163646,0.19017530359713056,0.10721804311947106,0.9049514597408292,0.24867785955825114,1.773724812416594

21.38000000000006,79.14000000000007,0.011248267975416499,0.10093838525654716,0.39227923213943927,0.13249289086493984,0.08773207186988216,0.5906943234550271,5.0,1.510199039986469

21.38000000000006,79.15000000000008,0.04887978600797796,0.11709621425018318,0.15770002934836108,0.15540586849066595,0.1557197823349456,0.14775971662378656,2.3955958807084716,0.9979841100509449

21.38000000000006,79.16000000000008,0.04140648744275138,0.1339554740725069,0.17835887643272635,0.4067795241714956,0.18125385867213892,0.1421753508097537,3.2351325123677905,2.244253043367609

21.38000000000006,79.17000000000009,0.046294572052465004,0.02,0.5,0.24419464551545855,0.1844320638480787,0.9230769228994082,0.4320160889300946,1.3240357467571593

21.38000000000006,79.18000000000009,0.059755685442454735,0.07816602279693866,0.46409259419272625,0.22454320388167404,0.17091931755669143,0.711702053656757,1.3080934824419994,1.313738007851702

21.38000000000006,79.1900000000001,0.050517282669084534,0.02,0.2867481486672019,0.19920743849315267,0.1171515233429844,0.8695998647073925,0.395904112488005,1.7004255056922368

21.38000000000006,79.2000000000001,0.01,0.14662804430616483,0.3165373106417477,0.23685041894831166,0.17756748807317274,0.3668436433852149,5.0,1.3338614032616332

21.38000000000006,79.21000000000011,0.08687730768352425,0.04821781671527392,0.22861535970529434,0.2357165162201702,0.15711272190521175,0.6516471228534892,0.5550104848485894,1.5003019056111255

21.38000000000006,79.22000000000011,0.032137709227803984,0.14169614437839312,0.3358352714200477,0.23625181797450828,0.14817709414759792,0.4065473402967548,4.409030616746679,1.5943882499122373

21.38000000000006,79.23000000000012,0.0713774059233326,0.12913478574736298,0.221781809927767,0.223539156319438,0.11071534391490724,0.2640143706391502,1.8091829465636515,2.0190440476736415

21.38000000000006,79.24000000000012,0.12630248009249725,0.05509638589855462,0.09116462357017614,0.2760158836813836,0.11627619363292066,0.2466018645568858,0.4362256846784194,2.373795312868387

21.38000000000006,79.25000000000013,0.03637846225240529,0.04562860194928719,0.16314442134890997,0.21651730422004617,0.14463434680622467,0.562887951167342,1.2542751671929941,1.49699783524053

21.38000000000006,79.26000000000013,0.01,0.10477480865545043,0.2983092747850743,0.1461442815113101,0.26275372334927194,0.48013423013306994,5.0,0.5562025138704654

21.38000000000006,79.27000000000014,0.05513987334359454,0.07384915006647616,0.18399327644975721,0.20571647716432065,0.1556421240045663,0.4271761161603439,1.3393057592346547,1.3217275101315917

21.38000000000006,79.28000000000014,0.09662878904995495,0.09449938568632502,0.291272253508663,0.07546869145571464,0.10984057488748239,0.5100760340546228,0.9779630534299113,0.6870748033166721

21.38000000000006,79.29000000000015,0.12223042362661557,0.0709068963677199,0.19143389605673058,0.3555771981229618,0.09860052775152446,0.45942912091255284,0.5801084067769617,3.6062403099748135

21.38000000000006,79.30000000000015,0.02647351216642518,0.026000000000000002,0.221564607749818,0.3285513857240187,0.11545166936718637,0.7899538203314379,0.9821137346015962,2.8457915527795765

21.38000000000006,79.31000000000016,0.07814097669709329,0.02,0.386016530641337,0.15499506534094745,0.24872467237744972,0.9014818435422693,0.25594765793539415,0.6231591896256286

21.38000000000006,79.32000000000016,0.049160686296595965,0.09874736993978023,0.3263480547640288,0.1930708605421969,0.11971716770269823,0.5354108078892905,2.0086654027397346,1.612724925637987

21.38000000000006,79.33000000000017,0.05982154937087343,0.0871489971908026,0.301533557868684,0.2015023761666521,0.1848435267305105,0.5515672309757093,1.456816113284305,1.0901240612629983

21.38000000000006,79.34000000000017,0.14221030041050847,0.06719640732343088,0.3912963973070843,0.3201783047961818,0.12052358772642834,0.7068813002946626,0.4725143472885459,2.656561346790353

21.38000000000006,79.35000000000018,0.017670890148142784,0.11697455356374749,0.3523608593347544,0.1125085985010284,0.15219922706397748,0.5015310996184263,5.0,0.7392192496471292

21.38000000000006,79.36000000000018,0.07025218984483453,0.17666699838488192,0.4498563291251569,0.2635359889407694,0.17854726370043209,0.43604015796569623,2.5147543232973883,1.4760012745719358

21.38000000000006,79.37000000000019,0.07655079515296026,0.07787821114552353,0.2601140737685066,0.20370305102045377,0.11018485750949968,0.5391716636828513,1.0173403279244435,1.84873906850601

21.38000000000006,79.3800000000002,0.0949735897481776,0.07497605172360133,0.26403650214727015,0.268878704149631,0.10654441729235731,0.5576797915274642,0.7894410629676752,2.5236301509769983

21.38000000000006,79.3900000000002,0.06521949460412399,0.10842572132455106,0.17778907336088698,0.2034193540592642,0.22136348472276218,0.24234719273800787,1.6624741086455403,0.9189381628236237

21.38000000000006,79.4000000000002,0.07140151618512014,0.033962577212012596,0.26590192826278003,0.08732537863411219,0.18746964474478545,0.7734805111601206,0.47565624623983366,0.4658107647582775

21.38000000000006,79.41000000000021,0.05029054297734328,0.09698612218990339,0.40617698943026703,0.19252175157502166,0.17759361593453193,0.6144943061969084,1.9285161037284013,1.0840578387546715

21.38000000000006,79.42000000000021,0.06999380823735017,0.10995543887288159,0.4405987372262363,0.1417486447439596,0.1772438146561411,0.6005645087210664,1.5709309363897985,0.7997381738763796

21.38000000000006,79.43000000000022,0.05150423173507457,0.1149092083367005,0.4075305168086902,0.21507056825895143,0.1606787744155486,0.5601053946166613,2.231063433868106,1.338512625002249

21.38000000000006,79.44000000000023,0.08032715669567835,0.02,0.1329808133450802,0.3095923925564149,0.23840879065874848,0.7385293018175778,0.24898179890609567,1.298577923956247

21.38000000000006,79.45000000000023,0.050471689918687744,0.07395152596992878,0.4216145212660977,0.1045682794844789,0.13953541509385298,0.701547245145369,1.4652080392502678,0.74940314857848

21.38000000000006,79.46000000000024,0.0727530118170623,0.052029469887056395,0.13034813767281767,0.1525844085219985,0.166023118360041,0.4294313802592587,0.7151521087040282,0.9190551890441874

21.38000000000006,79.47000000000024,0.06044211558944729,0.09097547817636348,0.4049117324122599,0.1696114932351468,0.06443435357029433,0.6330799574361734,1.505167003812328,2.632314651638098

21.38000000000006,79.48000000000025,0.09498150752316162,0.10602978319071422,0.27922154734292015,0.18128582332106666,0.09555196567043281,0.4495552653052548,1.1163202800632157,1.8972484957202522

21.38000000000006,79.49000000000025,0.059538188292341934,0.14648841629783405,0.3871533313934117,0.25950879648735836,0.07657905000824275,0.45098592096981677,2.4604110446309115,3.3887701155936067

21.39000000000006,79.0,0.013689025953793073,0.07552138078527636,0.14015516521054708,0.21005189077070166,0.20902317917580673,0.29967924466183926,5.0,1.0049215187447587

21.39000000000006,79.01,0.10461764502141921,0.07523710006763062,0.39141676327061875,0.2510061908004298,0.03,0.6775464385388659,0.719162622904678,5.0

21.39000000000006,79.02000000000001,0.03946803097412083,0.14094688075514897,0.12870252538951568,0.17779588693877413,0.12484449886236294,-0.04540842695022829,3.571165749070462,1.42413873591959

21.39000000000006,79.03000000000002,0.04690700984053474,0.10664307754121119,0.20925450891468725,0.23739470417925396,0.03,0.32482499310047386,2.2734997962224717,5.0

21.39000000000006,79.04000000000002,0.048530161178694506,0.14530606044751787,0.17719053722310196,0.2754458341614382,0.10303560522590438,0.09886763766190912,2.9941392449340465,2.6733072833434197

21.39000000000006,79.05000000000003,0.10751314279512372,0.10596912012039227,0.10247151471775605,0.1694390315184018,0.11987255251340548,-0.016779863502498348,0.985638753243056,1.4134931460486249

21.39000000000006,79.06000000000003,0.01,0.04795533525146788,0.28825275675885326,0.2750950683864539,0.21348355468970093,0.7147282505875431,4.795533477191453,1.2886007479941275

21.39000000000006,79.07000000000004,0.15,0.04073486580888637,0.46030891178370303,0.2237660938109275,0.16389139696107147,0.8373999731261851,0.27156577187819864,1.3653315416400087

21.39000000000006,79.08000000000004,0.09760170427198057,0.03181951003764137,0.5,0.29298221683375525,0.10222292383355021,0.8803371840216764,0.3260138769336501,2.866110707459393

21.39000000000006,79.09000000000005,0.07249716742387374,0.12018207339033737,0.29121557870863257,0.20540060699460924,0.19699818598658975,0.4157376796005046,1.6577485368757436,1.0426522755104264

21.39000000000006,79.10000000000005,0.06403317998151031,0.1410638729234787,0.3940681275067605,0.24588712586134415,0.14441161272648623,0.47278849766523173,2.2029809037113735,1.7026824993415384

21.39000000000006,79.11000000000006,0.07412662224572855,0.16731448565545348,0.3065094637928624,0.2160575637825,0.14521834293536087,0.2937694016313441,2.257144334394386,1.4878117961302564

21.39000000000006,79.12000000000006,0.08107367285137893,0.16494947728080608,0.33408831947683043,0.25423816998858767,0.08302642461139856,0.3389299232664647,2.034562778224304,3.062135589630945

21.39000000000006,79.13000000000007,0.08467646757850042,0.1394935431013975,0.25088513488728575,0.23642512997579507,0.09347931430484109,0.285342407355002,1.6473708330752121,2.529170560150697

21.39000000000006,79.14000000000007,0.08186813398010212,0.0695993466938506,0.3055076925422703,0.2555765228457399,0.10154513500272175,0.6289094074745691,0.850139648055892,2.5168760924607763

21.39000000000006,79.15000000000008,0.06776742043765606,0.06027237752931672,0.3406478704606535,0.15627654739837935,0.14494306365770737,0.6993298399546485,0.8894004973352262,1.0781926595647064

21.39000000000006,79.16000000000008,0.05903984739077875,0.12644317329669993,0.2299540271123779,0.31775435261724777,0.14633428634903153,0.2904367757878654,2.1416581964655093,2.1714279020174954

21.39000000000006,79.17000000000009,0.06030180149039312,0.10896723008957374,0.2809505700107127,0.08692358716151025,0.21946463317619994,0.44107588787379665,1.8070310872259854,0.3960710473660485

21.39000000000006,79.18000000000009,0.05887275158941798,0.09637777497363333,0.2837569881002631,0.1688631523182733,0.16133275839688932,0.4929283803515526,1.637052324003341,1.046676161069478

21.39000000000006,79.1900000000001,0.09861310290601029,0.10739485922531712,0.3731403317330649,0.20990116504645281,0.03,0.5530197942890334,1.0890526304478179,5.0

21.39000000000006,79.2000000000001,0.08228670166842414,0.10464741929832566,0.18479678283724482,0.24506491783601206,0.15485209939358197,0.27690782167986855,1.2717415700149255,1.582574073179867

21.39000000000006,79.21000000000011,0.01,0.1428926743941398,0.28714577913924816,0.32623207694189205,0.0690391821916207,0.3354423389962367,5.0,4.725317799447445

21.39000000000006,79.22000000000011,0.08391702329589099,0.14315942339267548,0.48440054690528356,0.08551959582423788,0.0930614537694204,0.5437585881970999,1.705964029697523,0.9189583040926385

21.39000000000006,79.23000000000012,0.06996208584156136,0.11294881409361103,0.41050601525860797,0.1797614110127155,0.10057152641368064,0.5684486691552398,1.614428909223148,1.7873986529205437

21.39000000000006,79.24000000000012,0.06343873730662111,0.16228174937326845,0.42991790488888526,0.0793459870248558,0.10783308382438195,0.45193568342062324,2.558086052896934,0.7358222925396185

21.39000000000006,79.25000000000013,0.052224446407331405,0.11138250209698801,0.29834318401781856,0.21691353817371228,0.0720625303979818,0.4563069590487251,2.132765582902862,3.0100738438513095

21.39000000000006,79.26000000000013,0.09748338159957831,0.07219321071861212,0.3288997563686179,0.23341785091499695,0.15081410017261127,0.6400175686206317,0.7405694125496717,1.5477190162794545

21.39000000000006,79.27000000000014,0.09206579386368359,0.12072258699652239,0.3979236166703087,0.3254557019519823,0.0699198857454488,0.5344703724051707,1.3112642795883866,4.654694412278803

21.39000000000006,79.28000000000014,0.040333669965289524,0.03450019724562623,0.4546255529531096,0.2222444332625363,0.15811338036248904,0.8589311755737452,0.8553696499668776,1.4056016803414164

21.39000000000006,79.29000000000015,0.07561156861373379,0.13225566209183193,0.10433970871172832,0.2865817590609609,0.25194855385307807,-0.11799027712796022,1.7491458561394657,1.1374614164855765

21.39000000000006,79.30000000000015,0.0341302979637591,0.042139082409355114,0.16885586929503288,0.25406859570772833,0.0734520470532933,0.6005678609939259,1.2346532201574898,3.4589722894651396

21.39000000000006,79.31000000000016,0.0217714550563297,0.10117213147178573,0.43224441014028275,0.18243262620963221,0.12551448478303528,0.6206636892172077,4.647008238324922,1.4534786672601008

21.39000000000006,79.32000000000016,0.044238483262298595,0.07247999416183497,0.27451106442313805,0.13676729726946132,0.03,0.5822371072815552,1.6383923826738749,4.558909893785678

21.39000000000006,79.33000000000017,0.08879180417148025,0.11151555932297331,0.23592792107421112,0.23155016088042046,0.12433323535148957,0.35807942510018115,1.2559217625763677,1.862335199752468

21.39000000000006,79.34000000000017,0.09139375136128003,0.08784299096287979,0.17858390130045892,0.10755285879981807,0.17133585763157033,0.34058465169436253,0.9611487608110215,0.6277311721187969

21.39000000000006,79.35000000000018,0.07807256260291615,0.025229761673462754,0.24939832984560883,0.30236449508686847,0.1750519615678594,0.816262338097166,0.3231578521313273,1.7272842429527848

21.39000000000006,79.36000000000018,0.08431287360543721,0.13736838081295566,0.16556307165763773,0.2400667834288987,0.14270818651420078,0.09307284075466458,1.62926934850872,1.6822215257902369

21.39000000000006,79.37000000000019,0.077925348613446,0.06554316892668745,0.5,0.29476241880579224,0.18312317123794464,0.7682116147225729,0.8411020291703616,1.6096402036519069

21.39000000000006,79.3800000000002,0.04307555214330862,0.12372586883253053,0.3053563948019638,0.17718498961072499,0.2657827267971353,0.42330000869442097,2.872299074279429,0.6666535168754593

21.39000000000006,79.3900000000002,0.07515767634021533,0.08835302754937198,0.30270494582374985,0.22931955504806223,0.22391523437187563,0.5481333531461946,1.1755689070517366,1.0241355644645314

21.39000000000006,79.4000000000002,0.08609228575682754,0.10393683941551712,0.3682076675168052,0.22485442001342085,0.11199395352951373,0.5597244575868728,1.207272386615048,2.007737138714291

21.39000000000006,79.41000000000021,0.08458873989440423,0.06452841433920314,0.4065345169266795,0.24809629408707334,0.06538480067665856,0.726030599766795,0.7628487472856538,3.794403150887021

21.39000000000006,79.42000000000021,0.09750740114423623,0.06418671074290092,0.40578881565548697,0.17931383406223086,0.11745242917130522,0.7268508372291972,0.6582752685832151,1.5266932763734586

21.39000000000006,79.43000000000022,0.08296911541602879,0.06923445455595194,0.41946219439078064,0.2367719212929286,0.09023086171912789,0.7166567246122808,0.8344605595147817,2.6240680463359567

21.39000000000006,79.44000000000023,0.0721434462262443,0.12166809920969744,0.24991544492093826,0.14416857155616744,0.15996737739322686,0.3451373121938893,1.6864747306289567,0.9012373261058908

21.39000000000006,79.45000000000023,0.09358450714948958,0.1543150835122147,0.28411331950433827,0.12403952697285775,0.07816032302852022,0.2960534378463105,1.648938355798805,1.5869884105890615

21.39000000000006,79.46000000000024,0.060564362222524884,0.054833129930279986,0.3917031655442524,0.29539788253286964,0.13339887837047792,0.7544068398304358,0.9053695577322481,2.2143955475475994

21.39000000000006,79.47000000000024,0.03478376046316509,0.12993392578630217,0.2629610938360633,0.2590017592224386,0.17876070272681044,0.3385819655941762,3.735476661597599,1.4488741380333936

21.39000000000006,79.48000000000025,0.05622799108168365,0.02,0.3160893367973032,0.21241241260214822,0.13164520635913599,0.8809840250533667,0.3556947274779226,1.6135218160646296

21.39000000000006,79.49000000000025,0.03865292065580304,0.038732423956303184,0.35737637644250764,0.324059966778056,0.08918430886260494,0.804435428056492,1.0020568484591998,3.633598449632375

21.400000000000063,79.0,0.04654465175076806,0.05684886175252826,0.35251850823104136,0.20325641368925962,0.20394070287928384,0.7222599261346945,1.22138332745076,0.9966446654344732

21.400000000000063,79.01,0.06234443987853391,0.040919652422370265,0.09713190376298407,0.3142892253992272,0.051070952762307775,0.4071830325796716,0.6563480630583817,5.0

21.400000000000063,79.02000000000001,0.042787402370000546,0.03149646440849587,0.34727456498889914,0.23369018594480595,0.1284502472061259,0.8336912698931085,0.7361153655115878,1.8193050682718384

21.400000000000063,79.03000000000002,0.057201154110828115,0.11117995648551089,0.2533275942148326,0.14936744749465097,0.14257699883093222,0.3899717232666659,1.9436663126714433,1.0476265359394203

21.400000000000063,79.04000000000002,0.01,0.11169247971814976,0.3483457710864437,0.42019537610874913,0.14527543291998044,0.5144209006597867,5.0,2.892404912336125

21.400000000000063,79.05000000000003,0.07259881122118736,0.10947621590420317,0.35619316923548894,0.28984975926368395,0.15332480280390284,0.529811409449419,1.5079615480185342,1.8904296876569204

21.400000000000063,79.06000000000003,0.06611616426086586,0.12173890744485923,0.44019150611192226,0.2117285278293283,0.17464199099047334,0.5667118043935757,1.841288111941903,1.2123575006634129

21.400000000000063,79.07000000000004,0.04144734106795336,0.10456467972689995,0.4156453647621273,0.2708019881673741,0.14216962804773106,0.597990539150364,2.522832026864687,1.9047808712419139

21.400000000000063,79.08000000000004,0.08561737005297117,0.12007052704601345,0.4158571662610371,0.19134075962014405,0.12535708589281447,0.5519151983630864,1.4024084929434926,1.5263657263946913

21.400000000000063,79.09000000000005,0.09384710412879571,0.09079870855030765,0.4264670319166317,0.27734043245416534,0.12320053276701363,0.6489281950094377,0.9675174241811854,2.2511301371848362

21.400000000000063,79.10000000000005,0.017373204068929664,0.04592026446776855,0.31213789848160295,0.05162450043012003,0.11282420989808059,0.7435038814549426,2.643166109213901,0.4575658046353552

21.400000000000063,79.11000000000006,0.0425982566430124,0.13553256723283008,0.28711850870369277,0.1473139066413755,0.1825971662163415,0.35865504683528493,3.1816458605448013,0.8067699494643892

21.400000000000063,79.12000000000006,0.04228572950637982,0.06947551468875307,0.3720817083178427,0.2869481821000843,0.1107135760261724,0.6853159178330049,1.6430014412775087,2.5918066432347002

21.400000000000063,79.13000000000007,0.037042906966732764,0.05543614804950102,0.35890809514331196,0.2006241123246724,0.18519855545041025,0.7324150196515468,1.4965388097006762,1.0832919929014422

21.400000000000063,79.14000000000007,0.09000424525795109,0.08556328496782205,0.25569337632618416,0.23232796064220854,0.1436299541129915,0.49853998648229825,0.9506583231439014,1.6175453227373804

21.400000000000063,79.15000000000008,0.05918521583681447,0.07278383219657857,0.32798234088083744,0.14787000438229922,0.11643725965719139,0.6367765688929152,1.2297637348198887,1.2699543487252714

21.400000000000063,79.16000000000008,0.0569445547606802,0.09830962013654664,0.28489035332155166,0.41586082763897225,0.17324036078720453,0.48690173815139065,1.7264094938852304,2.400484653283169

21.400000000000063,79.17000000000009,0.01,0.10590215686253635,0.20390670915400597,0.30023707506023356,0.10576730376384177,0.31633875918387294,5.0,2.8386567879875244

21.400000000000063,79.18000000000009,0.08370254090627519,0.10589366956984267,0.4192460741376471,0.2025520347137229,0.17386920203640824,0.5967028933972209,1.265118935420417,1.1649678736939948

21.400000000000063,79.1900000000001,0.027342248154394164,0.05586679734297233,0.2966199242530214,0.18797129001956298,0.15241630605958673,0.6830133224640711,2.043240805334799,1.2332754595348123

21.400000000000063,79.2000000000001,0.06619797890798812,0.09371932060666194,0.49687082576989805,0.34568676635924905,0.11178376554540137,0.6826248415562363,1.4157429276708406,3.092459485179905

21.400000000000063,79.21000000000011,0.07260130813874396,0.13439332019080708,0.13035077298003014,0.35447293151182047,0.16785174076672527,-0.015269640809856874,1.8511143042886324,2.1118215973301875

21.400000000000063,79.22000000000011,0.10497975787515768,0.11109600470935486,0.23812212271567726,0.2821632179067901,0.16856948628442917,0.3637443419864197,1.0582612005606313,1.6738688831459454

21.400000000000063,79.23000000000012,0.024775388026424733,0.17406260157393882,0.2979638836691015,0.36712618671775743,0.19893598029049503,0.2624879873109635,5.0,1.84544890269281

21.400000000000063,79.24000000000012,0.01,0.13808512694965816,0.4093381097629062,0.1502354069656608,0.18918735062046182,0.49550871167371374,5.0,0.794109153669817

21.400000000000063,79.25000000000013,0.06931548634260881,0.13647172274239452,0.3364469372602338,0.15714292186507955,0.16526370103631108,0.4228532967475687,1.968848950593301,0.9508616882267847

21.400000000000063,79.26000000000013,0.11769533544532351,0.03500525798176478,0.3284472754180909,0.13097412173626033,0.08414045243955867,0.8073737018989375,0.297422644827624,1.5566129939066204

21.400000000000063,79.27000000000014,0.10072839058818096,0.12089441406533367,0.18557362074460143,0.24482324547545814,0.2627693494086996,0.21104715439010038,1.2002019811830362,0.9317039675030769

21.400000000000063,79.28000000000014,0.06972978245823655,0.08803572793212025,0.18350586027706953,0.22589224848630035,0.06997918944640615,0.3515856740008554,1.262526924683797,3.2279917779913943

21.400000000000063,79.29000000000015,0.048570914431036304,0.06794072785846661,0.33235046602900753,0.20266342135695528,0.18744315871411202,0.6605434797019661,1.3987944949040068,1.0811993493874974

21.400000000000063,79.30000000000015,0.08741367789911697,0.09652061362129763,0.16458940061818172,0.26964810396862504,0.16136419084431142,0.2606900664805035,1.1041820437102836,1.6710529293434353

21.400000000000063,79.31000000000016,0.03387361400886354,0.12742846138445574,0.24871222497108517,0.2989630023650205,0.08091288137594066,0.3224425539537184,3.7618797030315156,3.6948752400310547

21.400000000000063,79.32000000000016,0.07725073308068411,0.10947326364016478,0.35289173290860426,0.10560363134991488,0.13322495305607135,0.5264638781757734,1.4171161765431328,0.7926715592551311

21.400000000000063,79.33000000000017,0.0780041047749963,0.05412104794631382,0.20546757277234134,0.1703119580469156,0.13532235568776418,0.5830244960227128,0.6938230755040941,1.2585648325102181

21.400000000000063,79.34000000000017,0.0945262972249638,0.11877835654370095,0.46513559623620004,0.2692100515886077,0.2043591357905223,0.593164862706642,1.2565641509829066,1.3173379815660742

21.400000000000063,79.35000000000018,0.1453898011673297,0.06339649831695748,0.4278936344238089,0.17875829212989264,0.10323445498598545,0.7419182917418571,0.436045016667914,1.7315758772689052

21.400000000000063,79.36000000000018,0.0742524790153603,0.09738732475856739,0.14925800016619029,0.15532557465492244,0.12562274967877823,0.21030471752268665,1.311570009767139,1.2364446322696399

21.400000000000063,79.37000000000019,0.04709109122877227,0.07640599730091048,0.21406287568182206,0.2821976199355207,0.03,0.47391266719895164,1.6225148992082723,5.0

21.400000000000063,79.3800000000002,0.06147277063423734,0.07960534993057072,0.07962227555052624,0.12033499511931431,0.22509813965617462,0.00010629826258947746,1.2949692844450627,0.5345890252565422

21.400000000000063,79.3900000000002,0.01,0.11882971900161605,0.23084086374520835,0.18918941345461543,0.08465658784899209,0.3203333372560526,5.0,2.2347866602963875

21.400000000000063,79.4000000000002,0.0411586060673253,0.04639225120735965,0.3866388476572621,0.2330050818063292,0.15434554321195432,0.7857324734030251,1.1271579756310892,1.50963271634862

21.400000000000063,79.41000000000021,0.049601526856603864,0.1656278029710728,0.26951050577253693,0.16953260602628412,0.13274960851390227,0.23873490494903762,3.3391674235347586,1.2770855432000854

21.400000000000063,79.42000000000021,0.04603734806195915,0.02,0.35787972436161986,0.2642208959209145,0.1327399516608284,0.894146212377524,0.4344298878736478,1.9905152323468465

21.400000000000063,79.43000000000022,0.06621064616100852,0.063553292669801,0.16046656817184912,0.1692786117361763,0.17795309924353903,0.432610194001017,0.9598651615522377,0.951254079645915

21.400000000000063,79.44000000000023,0.03684740202853079,0.1327150182769643,0.39339752545821455,0.36888403744944764,0.22084312301517692,0.4954881046571609,3.601746951224103,1.6703442346133754

21.400000000000063,79.45000000000023,0.09503092001973087,0.11047256665740751,0.2589890772071895,0.19969775917528776,0.14967468349709467,0.4019808631718569,1.1624907610935629,1.3342120014955159

21.400000000000063,79.46000000000024,0.06128621194754259,0.10777126253026485,0.3166169682283155,0.30622669148323967,0.16967390088152132,0.4921100315989786,1.758491166767847,1.80479549130299

21.400000000000063,79.47000000000024,0.06088099036583819,0.08444437187993324,0.30701254986072013,0.26012167670878866,0.15318457683634695,0.5685636542949816,1.387040047045835,1.6980931234146206

21.400000000000063,79.48000000000025,0.05120315850460902,0.1029820034130995,0.19004514791079746,0.1636721998079063,0.18743657119652615,0.297116305006669,2.0112431775611133,0.8732137953429353

21.400000000000063,79.49000000000025,0.06557572051576586,0.07713722090168754,0.20279156682604807,0.063555941594079,0.11323418102567837,0.44887968436346215,1.1763076360786806,0.5612787672614368

21.410000000000064,79.0,0.09147294794002853,0.19604942541261408,0.37137944690034647,0.2964634833917606,0.19884952772081993,0.3089903070003311,2.1432503227820203,1.4908935748587695

21.410000000000064,79.01,0.04058609352867242,0.12847396456926324,0.3153992157501739,0.22656018429873942,0.20042499328236835,0.4211231032347482,3.1654676043644074,1.1303988613162166

21.410000000000064,79.02000000000001,0.046736505327741665,0.12963297404022445,0.38140490415534745,0.26010782193025733,0.19884685043414455,0.4926678448079816,2.7736984794604997,1.3080811751936372

21.410000000000064,79.03000000000002,0.05724821913669937,0.07266185038473696,0.30976582355025706,0.2460516923198395,0.11153260663317514,0.619996902064739,1.269242106628822,2.2060964907641845

21.410000000000064,79.04000000000002,0.025863872295802795,0.09118446302377076,0.2924990634809273,0.19047006108394798,0.13594311828813932,0.5246891943436686,3.5255533907818157,1.4011011615911702

21.410000000000064,79.05000000000003,0.041542264208354246,0.08216136205117062,0.10649893813332947,0.36089311076871694,0.1561533494390205,0.12900210614240376,1.9777776541334984,2.311145497897468

21.410000000000064,79.06000000000003,0.051713373793659353,0.05377594497242005,0.2529633303238896,0.11693521569424334,0.07545789775854839,0.6493703328147914,1.0398846743784704,1.5496749712461826

21.410000000000064,79.07000000000004,0.09211167542138089,0.10822656735782926,0.27816156795963265,0.2710765334854943,0.22356601040429933,0.43980387860047,1.1749495028207124,1.2125122816032061

21.410000000000064,79.08000000000004,0.07363683987005674,0.07213416968880584,0.477110719827265,0.17917786992716012,0.1430261733248897,0.7373333057710247,0.9795934985550449,1.2527628030351765

21.410000000000064,79.09000000000005,0.07144769734102527,0.11967615319400789,0.35139566320987575,0.1955954967581678,0.15765639438023446,0.49189847895295924,1.6750176350020463,1.2406442339558246

21.410000000000064,79.10000000000005,0.09104693886503804,0.05047233748422505,0.4372061181709613,0.1966028017198196,0.11442977801363816,0.7930097713417873,0.5543551277831141,1.7181087384839362

21.410000000000064,79.11000000000006,0.06127884634801691,0.21042011186777237,0.34425377058948176,0.19471152096961084,0.07675612203164707,0.2412835053719965,3.433813200877934,2.5367555780847604

21.410000000000064,79.12000000000006,0.07699394549786544,0.057066693656315656,0.2142696773050614,0.25818569471653363,0.11271850572625956,0.5793656892875079,0.7411841699134557,2.290535106227297

21.410000000000064,79.13000000000007,0.0620633474120238,0.10151209348801549,0.29801242161499497,0.31524505171649375,0.15370020938167744,0.4918354710401982,1.6356206611051571,2.051038530003266

21.410000000000064,79.14000000000007,0.07300087048198749,0.16150468414017685,0.3108223646264336,0.30060114754471545,0.17623144063768262,0.3161319700926665,2.2123665492288955,1.7057180392240845

21.410000000000064,79.15000000000008,0.0474372402716511,0.06955438279199334,0.1941844430229426,0.22453673973484306,0.15046957703013386,0.47255105424313354,1.4662400731379734,1.492240119347528

21.410000000000064,79.16000000000008,0.01,0.12629874573731578,0.25056126234071907,0.147949165063049,0.15953620081209527,0.329731236816987,5.0,0.9273704915699306

21.410000000000064,79.17000000000009,0.060651625134409325,0.042852656087981014,0.2693233006322945,0.25287776860770766,0.1251686812659288,0.7254583179661594,0.7065376388903348,2.020295858741399

21.410000000000064,79.18000000000009,0.10724244408299657,0.1499247079673,0.451361983256524,0.3673444742210468,0.16665242831226898,0.5013203845000528,1.397997864646494,2.204255153800104

21.410000000000064,79.1900000000001,0.09222646206724609,0.0922259705986278,0.08362594746091476,0.1894513763343393,0.21580164331929283,-0.048904915156573,0.9999946699829232,0.8778958924156284

21.410000000000064,79.2000000000001,0.09328192453773339,0.08791060678561488,0.4131818420716174,0.227377379334438,0.17671947212194672,0.6491242004601911,0.9424184495230091,1.2866571887950675

21.410000000000064,79.21000000000011,0.10128392165418475,0.07933272910289993,0.19982047650407522,0.17622376083132568,0.1817770944126443,0.4316187130863555,0.7832707080146425,0.9694497610042263

21.410000000000064,79.22000000000011,0.06673972772884126,0.12347677077570599,0.15719208127305256,0.1809410035853859,0.15582081996532873,0.12012487399021025,1.850123978515029,1.1612119837998887

21.410000000000064,79.23000000000012,0.06987947122216595,0.06756178832597959,0.4132942130038608,0.04,0.065782246520017,0.7189936772127935,0.9668331349345629,0.6080667969741904

21.410000000000064,79.24000000000012,0.04531044313696751,0.060785692423085916,0.369389806923453,0.24295247700989492,0.08852667346843485,0.7173911924259173,1.3415382432960308,2.7443985774760016

21.410000000000064,79.25000000000013,0.054237814319186464,0.0817185360966474,0.42255187023813434,0.1551113476551719,0.1633237900331891,0.6758939842438831,1.5066708895213101,0.9497168019960839

21.410000000000064,79.26000000000013,0.08207313449313214,0.04332151548919812,0.3780701947545735,0.1012815816845687,0.13985304740199256,0.7943883827052203,0.5278403914260057,0.7242000334896219

21.410000000000064,79.27000000000014,0.09959653311506231,0.2119542832129702,0.5,0.3197079557775276,0.16221214432363815,0.4045845688948639,2.1281291262948865,1.9709249077095523

21.410000000000064,79.28000000000014,0.059176611729567785,0.06738421635140773,0.35567238369446524,0.13765875504705888,0.22386117089220034,0.6814411292570631,1.138696763266514,0.6149291296785682

21.410000000000064,79.29000000000015,0.04973432205445536,0.12312467144721272,0.2850522623877013,0.18939316622813124,0.17616179996146325,0.39670931274697846,2.47564792508553,1.0751091676064364

21.410000000000064,79.30000000000015,0.06313583876569556,0.09805880334590737,0.33589263773215194,0.3154509673831947,0.20262431028713757,0.5480655479345589,1.553140104061989,1.556826852515814

21.410000000000064,79.31000000000016,0.08103620246787104,0.05011863798071767,0.4268469128346145,0.11385489413827801,0.14423406947353287,0.7898437824931536,0.6184721938166009,0.7893758698962101

21.410000000000064,79.32000000000016,0.019564355515991273,0.08908181163148711,0.22546246747400686,0.10491812357815045,0.0989592161257743,0.4335817398650614,4.553270926984915,1.060215789692402

21.410000000000064,79.33000000000017,0.01,0.15665014452415396,0.23911114174688097,0.27690171992322876,0.13624669203927914,0.20836044368780934,5.0,2.0323555425489817

21.410000000000064,79.34000000000017,0.0461238945152499,0.08142954659654383,0.27430399854022874,0.2920641154807193,0.0987224093140392,0.5421879789697923,1.765452533351788,2.9584378786361474

21.410000000000064,79.35000000000018,0.025898627222572586,0.1365045178340371,0.09564172012348673,0.10109607975875592,0.2166947478386184,-0.1760217957976339,5.0,0.4665368252828753

21.410000000000064,79.36000000000018,0.04715579407057795,0.1294606157112705,0.3208078408417751,0.23953828157859558,0.1781195538267694,0.42496253580105264,2.7453808803000763,1.3448174346825357

21.410000000000064,79.37000000000019,0.05784659043547307,0.125176594186329,0.11928712960491825,0.25136996779731147,0.16444562483140981,-0.02409136409961081,2.163940744434495,1.5285901823302246

21.410000000000064,79.3800000000002,0.04856254772930675,0.06985372910907586,0.31410593129328324,0.06625876614153044,0.2000371601114009,0.6361402702165028,1.438428011532793,0.3312322873985395

21.410000000000064,79.3900000000002,0.10561402603411946,0.04486630208873617,0.3962289756135468,0.26599509365349816,0.037057179273834354,0.7965686580809551,0.42481385977805985,5.0

21.410000000000064,79.4000000000002,0.07172234293806663,0.06333649578548378,0.26291235393563867,0.2711624115889451,0.16728689756712853,0.6117289248976033,0.8830790114018995,1.6209423174820932

21.410000000000064,79.41000000000021,0.07081423078832182,0.09554963762666428,0.4792115870187098,0.18767500987207067,0.07216771078477682,0.6675153661627266,1.3492999419474265,2.600539875398198

21.410000000000064,79.42000000000021,0.08034621432129896,0.10935146854128959,0.1663499100581744,0.2968642453608529,0.1371572150767123,0.20673977687655148,1.3610033693423351,2.1644085218438947

21.410000000000064,79.43000000000022,0.02739500646657378,0.02,0.4324260681632069,0.28845189020273126,0.12175462037663455,0.9115877644859108,0.730060054973783,2.369124794389934

21.410000000000064,79.44000000000023,0.09261335362260485,0.08683547193552517,0.38171370564071616,0.21581825480019629,0.17024683060484258,0.6293431890492962,0.9376128651556496,1.2676785459481534

21.410000000000064,79.45000000000023,0.05904707140393293,0.09330356901292247,0.14349667516895565,0.17669882267724643,0.14838936444804285,0.21196391206541657,1.580155740775524,1.1907782152408777

21.410000000000064,79.46000000000024,0.08131441851723303,0.07569822974737295,0.5,0.13990204751918464,0.2040558586805844,0.7370211479808031,0.9309324352880531,0.6856066194581427

21.410000000000064,79.47000000000024,0.02892428300879194,0.13827095356063007,0.3105254714496289,0.2050705543443581,0.10652514195336422,0.3838143716200053,4.780445310971274,1.9250906442502294

21.410000000000064,79.48000000000025,0.014347237019514618,0.10331120297002966,0.23005159778446277,0.24728312437928388,0.17189571948165902,0.3801875748870771,5.0,1.4385647588031538

21.410000000000064,79.49000000000025,0.08537668974074734,0.1386676763232306,0.17799128052162472,0.1844076197271463,0.1443711608449363,0.12418282614769724,1.6241866085682948,1.2773161794929393

21.420000000000066,79.0,0.07793228578292498,0.08632157918598993,0.2531981972340365,0.06777492963165657,0.06319548649642157,0.4915077989225863,1.1076484952034886,1.0724647167365007

21.420000000000066,79.01,0.0394584533692741,0.13227909970027613,0.26335931276100844,0.31010997262035844,0.09884917707384748,0.3313131609545823,3.3523640201276645,3.1372033787895224

21.420000000000066,79.02000000000001,0.040310107561758526,0.20800345251542976,0.2872645528539713,0.2811787506349691,0.13710609832389062,0.16003678707939167,5.0,2.0508114071312087

21.420000000000066,79.03000000000002,0.10004304353244238,0.1468877379709054,0.2481203843776093,0.19412628523261985,0.2000346224945853,0.2562799108514498,1.4682453935584987,0.9704634263542465

21.420000000000066,79.04000000000002,0.0304776432139794,0.050554336262849525,0.34212253101151513,0.2804010871896283,0.16742615287785456,0.7425143138638071,1.658735084666517,1.6747747123277503

21.420000000000066,79.05000000000003,0.11532018859767806,0.08391295689830353,0.24093701673368162,0.32682470175379086,0.08568495880596302,0.48337408814115995,0.7276519215407171,3.8142598879281993

21.420000000000066,79.06000000000003,0.03890137796056305,0.0800734117820068,0.0871035882759596,0.04,0.13686418859764066,0.04205229479719067,2.0583695430363846,0.2922605276122865

21.420000000000066,79.07000000000004,0.08495175776825055,0.11327018140305169,0.26656385043504305,0.24989845549454262,0.24459032243965007,0.40358065929430764,1.3333471165919772,1.0217021380886075

21.420000000000066,79.08000000000004,0.05582144572752945,0.15726638486075373,0.05,0.14320146629192776,0.1490811667420414,-0.5175290961004835,2.817311205923561,0.9605604069604348

21.420000000000066,79.09000000000005,0.08365562293246921,0.059784293038968934,0.31867706308914706,0.2538377354759232,0.1269737212463786,0.6840665917133468,0.7146476336177054,1.999135984866233

21.420000000000066,79.10000000000005,0.04911657993657309,0.09587354055667581,0.18626997697174502,0.2275549041662177,0.1677469820378093,0.3203916828389447,1.9519587985418905,1.3565365007835095

21.420000000000066,79.11000000000006,0.06043621281782997,0.026000000000000002,0.30143603549158904,0.3153610282210026,0.1811496539790967,0.8411903564430531,0.43020564566727587,1.7408867260839715

21.420000000000066,79.12000000000006,0.06642757526187038,0.1504778002320737,0.4174074981524699,0.18305266698537095,0.11999158262599516,0.47004157112840167,2.2652911748220816,1.525545899360107

21.420000000000066,79.13000000000007,0.0350143763265545,0.07212503037293028,0.1920251304732099,0.08657319217265604,0.16774873871856985,0.45390886634639255,2.0598690519083895,0.5160884831825177

21.420000000000066,79.14000000000007,0.0871847303626024,0.09467455759377781,0.39392562585122215,0.18587422661202976,0.12599552516645746,0.6124661396691502,1.0859075561905667,1.4752446661811187

21.420000000000066,79.15000000000008,0.049443593005851,0.07987401144047539,0.24536104333139552,0.2455793344597812,0.17822638009146974,0.5088228633783499,1.6154572599422057,1.3779067621524588

21.420000000000066,79.16000000000008,0.05786200253979794,0.13792110300053434,0.4649194802065698,0.28787746300726186,0.1505646578985619,0.5424292694631894,2.383621318106109,1.9119856335077747

21.420000000000066,79.17000000000009,0.03476951876174307,0.02,0.25398473868019045,0.13447180896691932,0.16599839135264224,0.8540064666445134,0.575216472782602,0.8100789880562357

21.420000000000066,79.18000000000009,0.01,0.0910555863069612,0.2073507014493431,0.2880942298811071,0.10376082269162232,0.3897207259867898,5.0,2.7765222184067717

21.420000000000066,79.1900000000001,0.058629167121993245,0.11349942461011643,0.3610238450395415,0.20465872766968712,0.1004756807963545,0.5216275706774305,1.9358866923755313,2.036898141360221

21.420000000000066,79.2000000000001,0.13661846264838573,0.09517890784522909,0.24962102703764955,0.28916579005393495,0.18863486523296713,0.4479180635578989,0.6966767589862499,1.532939255654126

21.420000000000066,79.21000000000011,0.0876581286369389,0.1602290618254226,0.20995504858711275,0.1796074232994012,0.1372101809307226,0.13432771788298112,1.8278859489034758,1.3089948715918205

21.420000000000066,79.22000000000011,0.06342218860796628,0.07215886813949625,0.24721601492963496,0.2733023327278109,0.15525173710496526,0.5481243391874175,1.137754303493985,1.7603818008618723

21.420000000000066,79.23000000000012,0.05599327512375003,0.12169184708942354,0.2914393467817144,0.2771314344199144,0.12550022864567112,0.41088037448982784,2.17332968295105,2.2082145760987184

21.420000000000066,79.24000000000012,0.06443397678435939,0.10489011154824035,0.43101801312450044,0.12850901458979747,0.1855763387006792,0.6085518888420642,1.6278695902394509,0.6924859894332991

21.420000000000066,79.25000000000013,0.08005357345525425,0.14092077010141757,0.10429122545405772,0.16650658722771663,0.11006950099851402,-0.14937908950761378,1.7603307865344926,1.5127404554935748

21.420000000000066,79.26000000000013,0.02809561554073254,0.0635924366088966,0.300908065895058,0.22674738111394074,0.1334999380049527,0.6510707875319858,2.2634291920160448,1.6984830430084572

21.420000000000066,79.27000000000014,0.09682965084006398,0.06078124403504638,0.3619903594654207,0.3816108562721192,0.17939964063515332,0.712462977326705,0.627713137917527,2.1271550751625483

21.420000000000066,79.28000000000014,0.08474143946323508,0.13376279629909257,0.31974485749919646,0.15277672014831642,0.19856838495820991,0.4100968519526138,1.578481519649866,0.769390958704379

21.420000000000066,79.29000000000015,0.08470557177123572,0.10675285233320096,0.43228651694337067,0.35570937201977854,0.11355203544866237,0.6039144506024988,1.2602813483802482,3.1325671116423135

21.420000000000066,79.30000000000015,0.07619427216428945,0.027762506132926107,0.29476546702416534,0.35290963125725605,0.2375441990977906,0.8278443515918151,0.36436473907944616,1.4856588055994022

21.420000000000066,79.31000000000016,0.06350849973081726,0.08815013924790521,0.28464485578142373,0.24658586334105903,0.15504208468467714,0.5270851784513662,1.3880053769610645,1.5904447085029727

21.420000000000066,79.32000000000016,0.0829858370790021,0.1046553061539187,0.363232954701353,0.19112932316600076,0.08705358690955937,0.552648292606241,1.2611224964589456,2.195536447510346

21.420000000000066,79.33000000000017,0.08043442401223878,0.12253056886185976,0.3148313814951541,0.16325543609346518,0.15747260242949457,0.43968345310412327,1.5233598078713129,1.0367227915909212

21.420000000000066,79.34000000000017,0.051938778671766675,0.06167077387227789,0.2667591261719725,0.2066258228767066,0.1196900392758232,0.6244509169524983,1.1873743536265318,1.7263410051015826

21.420000000000066,79.35000000000018,0.0452319468130903,0.02,0.35831440395865805,0.11262963972082424,0.16036342435915482,0.8942678373573162,0.4421653580030163,0.7023399512743096

21.420000000000066,79.36000000000018,0.06537568885785687,0.10940892742947722,0.24234717067835598,0.20546326878755133,0.136337187616979,0.3779273306879044,1.673541482675701,1.507022935034207

21.420000000000066,79.37000000000019,0.10867060454485282,0.03948717240223678,0.24738228479808827,0.31528161916955294,0.14201368450950302,0.7247028469057446,0.36336571910393883,2.2200791426297197

21.420000000000066,79.3800000000002,0.024906787730380117,0.02,0.25660059782346006,0.1674240456266226,0.0925403311706884,0.855387152449075,0.8029939523395686,1.809200846027803

21.420000000000066,79.3900000000002,0.017934242027423882,0.026000000000000002,0.44560691601666264,0.23165915846491097,0.18744306153581364,0.8897386821037699,1.4497406589733994,1.2358908163536377

21.420000000000066,79.4000000000002,0.06678282523709253,0.12031923440790518,0.05,0.0905201668012856,0.07995363164244391,-0.41286725255121653,1.8016493582082316,1.132158287604494

21.420000000000066,79.41000000000021,0.0632466310556775,0.0927246980161941,0.35165988347631705,0.23548434616916541,0.08214175522974568,0.5826826496369301,1.4660812176376359,2.8668044068920744

21.420000000000066,79.42000000000021,0.06680024993110914,0.10188586820295688,0.3164271814200455,0.2730164615359061,0.15576801745736965,0.5128726281887528,1.525231839035157,1.7527119226214303

21.420000000000066,79.43000000000022,0.06879859593725185,0.14278097451850574,0.1458129540762117,0.21315916518359604,0.21736221235889375,0.010506040689834698,2.0753472126261885,0.9806633948571324

21.420000000000066,79.44000000000023,0.05466393236095263,0.11253298732091806,0.3457726779136244,0.19322210648444188,0.11941034514677479,0.5089173192359556,2.0586332203835185,1.6181353976083637

21.420000000000066,79.45000000000023,0.10593590315805917,0.15151200170887175,0.36327519918317785,0.18760694568591996,0.17190861613519334,0.4113606497329692,1.430223343069908,1.0913178745459113

21.420000000000066,79.46000000000024,0.013092880645701185,0.030970581113315125,0.37556392313576514,0.24293301635903866,0.19034700884317224,0.8476361497880557,2.3654520128035053,1.2762639019537516

21.420000000000066,79.47000000000024,0.03614508925658921,0.08511797504183635,0.052317193695530645,0.20548283788878785,0.17723422186469834,-0.23866366683130644,2.354897347246962,1.1593857868471704

21.420000000000066,79.48000000000025,0.0577823571955251,0.02165146500207423,0.4550389411854699,0.22924803100886457,0.12075958554131072,0.9091592162691278,0.3747071946431477,1.8983837166334312

21.420000000000066,79.49000000000025,0.01146433566537145,0.07696470672577602,0.2455263295315424,0.2219487972218095,0.08158766414029096,0.522686226289406,5.0,2.7203719984938983

21.430000000000067,79.0,0.06128436786703732,0.0848953658493321,0.34445677467532165,0.300039910096702,0.03446262171643144,0.6045420163699664,1.3852695012697902,5.0

21.430000000000067,79.01,0.11628410497183994,0.11972454549052194,0.3508073780682331,0.2684895868162523,0.13151797502687942,0.4911097865174816,1.0295865063978995,2.04146685316005

21.430000000000067,79.02000000000001,0.0669465946488782,0.09630255524567494,0.18993029143807566,0.23430032902051168,0.20338436842810773,0.3271033958696454,1.4384981880992334,1.1520075545438555

21.430000000000067,79.03000000000002,0.07312102717155979,0.11923628553119554,0.34454599523516044,0.3267895421456508,0.08809170076190222,0.485809223420699,1.6306702733862188,3.7096518621878527

21.430000000000067,79.04000000000002,0.028275057044821816,0.1222576053255546,0.24085067590877007,0.24961879703395734,0.1791304923759371,0.32660524884593106,4.323867665390178,1.3935025443392284

21.430000000000067,79.05000000000003,0.047469157758814835,0.1801371470953244,0.07316228206619059,0.3112473882153272,0.09643237349740513,-0.4223257247006637,3.7948250026069013,3.2276234277375755

21.430000000000067,79.06000000000003,0.05458410859028098,0.08114813378855368,0.39797419255278466,0.2620859825870624,0.14906362881934054,0.6612634003458859,1.4866622490622912,1.7582154982210925

21.430000000000067,79.07000000000004,0.05618854709731202,0.05593909197334339,0.20459550369838328,0.09036566447478955,0.17896958070774943,0.5705822341355719,0.9955603902145282,0.5049219206243829

21.430000000000067,79.08000000000004,0.10404931385011204,0.1032433446126548,0.19755065372620229,0.3103384334323505,0.11042522815807705,0.3135278948483325,0.9922539677883541,2.8103943123128734

21.430000000000067,79.09000000000005,0.08221073182175265,0.061128798914416624,0.24359341319633596,0.2281623368939841,0.15174423403484405,0.5987900027311525,0.7435622756965405,1.5035980654871726

21.430000000000067,79.10000000000005,0.03201626129188789,0.1523184307374597,0.3120236725327475,0.21476316603694268,0.12228543316373183,0.3439387482550967,4.757533331985268,1.7562448797459385

21.430000000000067,79.11000000000006,0.07263514335295894,0.08153127844218888,0.2799729589177989,0.23779438432426736,0.17811743294690702,0.5489332071731913,1.1224770072215993,1.3350427313964517

21.430000000000067,79.12000000000006,0.08006665245490228,0.07005694528503847,0.34140669247072664,0.19365117866300208,0.15444585842422995,0.6594744279221275,0.8749828180589906,1.2538450723987622

21.430000000000067,79.13000000000007,0.09920447115563667,0.07364737115395328,0.15355106334714413,0.23339202022722283,0.14532538372146137,0.3516912091999286,0.7423795542861557,1.6059962416060445

21.430000000000067,79.14000000000007,0.11229622059704981,0.12105669693886353,0.214161362956937,0.17576867535598004,0.2202374980070968,0.2777435858295935,1.078012209025694,0.7980869600621211

21.430000000000067,79.15000000000008,0.03430717424516248,0.0858301206707384,0.27770029276785757,0.30609905811140226,0.1752553071184129,0.5277967535905996,2.501812589028946,1.746589378488405

21.430000000000067,79.16000000000008,0.04031427466368834,0.06629332719478243,0.47998872926588193,0.20864883204652268,0.10744240669368325,0.757292678942602,1.6444132403069744,1.941959774292673

21.430000000000067,79.17000000000009,0.026792664232559934,0.15839407670493888,0.27971874615863607,0.1895191310094257,0.13748680496010954,0.27692562987087965,5.0,1.3784532335780695

21.430000000000067,79.18000000000009,0.05737940422678892,0.05735320637352753,0.40052222636617546,0.1512551928996467,0.13780506074601448,0.7494811806441415,0.9995434258412271,1.0976025987076163

21.430000000000067,79.1900000000001,0.07827075123338834,0.12069543584971236,0.29675551687844454,0.28141716628848074,0.145435978631258,0.421750339377491,1.5420247511822047,1.9349900123991588

21.430000000000067,79.2000000000001,0.09378003549767129,0.11733224606440656,0.2454341362562564,0.228497497008752,0.2674654638303721,0.3531250314239516,1.2511431171531793,0.8543065472865519

21.430000000000067,79.21000000000011,0.061761469290722494,0.025806595583314343,0.27002755758856967,0.24228972295742088,0.1596025946355471,0.8255333581474821,0.4178429664626937,1.5180813529935517

21.430000000000067,79.22000000000011,0.054324574302352796,0.11009042005623416,0.2787580287971261,0.14289236787463624,0.03908487149475835,0.43376181439037315,2.0265307417017913,3.655950807672589

21.430000000000067,79.23000000000012,0.06835273976746026,0.048495692980779104,0.3568645738960885,0.102417316083185,0.11356005141414882,0.7607279401483787,0.709491573780582,0.9018780347279474

21.430000000000067,79.24000000000012,0.038625712951097305,0.1234313112333571,0.4348611267576705,0.25799139117545417,0.04390139562520655,0.5578256022760886,3.195573660221415,5.0

21.430000000000067,79.25000000000013,0.12624616165084113,0.05183395952323784,0.33426808476864767,0.31782493033135034,0.12385008714770489,0.7315012426060741,0.41057849842228955,2.5662067536189004

21.430000000000067,79.26000000000013,0.015210169186456114,0.11787076127395121,0.41790776787419154,0.14175524643270193,0.04079448851367536,0.560001922849133,5.0,3.474862689789471

21.430000000000067,79.27000000000014,0.06886221736686954,0.1342133226517852,0.20362102623704792,0.3245608898493134,0.0964004764465753,0.20544892428199163,1.9490125004521806,3.3667975665297027

21.430000000000067,79.28000000000014,0.12390818657688693,0.12425746102530881,0.25953694911861386,0.23287377411154103,0.0637639235182906,0.35247904732986446,1.0028188157521236,3.652124287482546

21.430000000000067,79.29000000000015,0.06328399533679761,0.09967266592952062,0.22946974657925068,0.21220559668143613,0.1588280088983704,0.39434930193578793,1.5750058959072009,1.336071628799511

21.430000000000067,79.30000000000015,0.05725882894995279,0.08018796228280846,0.3342444590875031,0.18457159124178957,0.13946696813144036,0.6130227357776697,1.4004471207899174,1.32340720947988

21.430000000000067,79.31000000000016,0.05211663731568475,0.06620321694660258,0.2678041614820769,0.11518373864024412,0.15440811537493287,0.6035823083416222,1.2702894935174465,0.7459694607758063

21.430000000000067,79.32000000000016,0.05730824954712527,0.1479213876326804,0.3775772937034383,0.2809409961147157,0.13385243057156992,0.4370247046921955,2.581153473426675,2.098886024745064

21.430000000000067,79.33000000000017,0.10378545424029334,0.06092019119329044,0.21239982883677508,0.15720755469936137,0.06918511248977526,0.5542207906007018,0.5869819772002384,2.2722743205103177

21.430000000000067,79.34000000000017,0.01,0.04723735705719623,0.31070309733214785,0.15661353269836142,0.16439606846273283,0.7360602496044353,4.7237356584822665,0.9526598419754689

21.430000000000067,79.35000000000018,0.10836301103888708,0.11515475740130918,0.3759857911012458,0.2803348416920801,0.23465122801346863,0.5310720819978735,1.0626758724313892,1.1946872980205352

21.430000000000067,79.36000000000018,0.019521285426492903,0.05651452787253607,0.10166972249595956,0.07879115873297227,0.15882062893032323,0.28545948468123067,2.895020811812755,0.4961015405494261

21.430000000000067,79.37000000000019,0.05412043012296475,0.0501774601013507,0.5,0.1036481532532213,0.11688377003411748,0.817595362292788,0.9271445163061371,0.8867625773389319

21.430000000000067,79.3800000000002,0.04912266739103728,0.0302558295132051,0.28168481151203395,0.20873060295442708,0.06659664119472344,0.8060154684938415,0.6159239931081808,3.134251200908013

21.430000000000067,79.3900000000002,0.07953659809311867,0.06850360642157491,0.10839600863240467,0.23022991003033233,0.09241665146199733,0.22550869981320212,0.861284087801252,2.49121674653927

21.430000000000067,79.4000000000002,0.013816269443484587,0.08433139904413578,0.32760938985770105,0.24333142535781718,0.16029198282859847,0.5905654339378383,5.0,1.5180511271496862

21.430000000000067,79.41000000000021,0.07550517998245523,0.09718366910642338,0.316044346797338,0.18797410546225468,0.19111590133996417,0.5296365909733536,1.2871126060529121,0.9835607819441626

21.430000000000067,79.42000000000021,0.12224928869860245,0.12533224977197466,0.30541056204277406,0.3859258768049105,0.15032330873609412,0.41806457888481247,1.0252186413816378,2.567305628069343

21.430000000000067,79.43000000000022,0.02050477986221251,0.1406286920306151,0.41361911129269047,0.23105702506366038,0.1770943644852944,0.4925421762178451,5.0,1.304711336268274

21.430000000000067,79.44000000000023,0.06697118502830864,0.07928511121786795,0.3901444971427299,0.19204496935280135,0.17230391220135727,0.662206602059602,1.1838690186826968,1.1145711480823328

21.430000000000067,79.45000000000023,0.04130053466609843,0.07881217294480626,0.34608761910240926,0.15211093318302032,0.16206671956929092,0.6290317178244225,1.9082603504083262,0.9385698278672752

21.430000000000067,79.46000000000024,0.0738166161857877,0.1069662987566023,0.36221556339468997,0.21627347715646658,0.10363632023693216,0.544030545881113,1.4490815772762138,2.0868502128726654

21.430000000000067,79.47000000000024,0.06149443332246914,0.17846764847227894,0.307664155056217,0.30041674349191877,0.1450761755987525,0.26576435777213747,2.90217566923821,2.070751741593517

21.430000000000067,79.48000000000025,0.041555392728667234,0.11862833837311962,0.49654908492403094,0.3495005565808002,0.09378110980588786,0.6143280494006859,2.854703813346776,3.7267692494952818

21.430000000000067,79.49000000000025,0.07531616854612867,0.06725476583157833,0.17198039816424993,0.10245010148917585,0.13689144764789976,0.4377518360583589,0.8929658404103552,0.7484039593024735

21.44000000000007,79.0,0.12061044329360175,0.07150696794355058,0.2903651674215938,0.24477639157811945,0.16126317655334477,0.6047942851325829,0.5928754254736779,1.5178690923613436

21.44000000000007,79.01,0.06063288624818043,0.03673178942351006,0.28380246311888263,0.2521692527566386,0.22847919036934183,0.7708089592877908,0.6058063805932005,1.103685864076429

21.44000000000007,79.02000000000001,0.08783273826444478,0.12101078688173991,0.35952804060646437,0.2616940274216158,0.07887340128161738,0.496353759636507,1.3777412515550786,3.317899606680428

21.44000000000007,79.03000000000002,0.027321811263864362,0.11729914094558119,0.19471461225751557,0.2207584060463159,0.16825538154956415,0.24811557340785342,4.293241739481454,1.3120436557928532

21.44000000000007,79.04000000000002,0.03730690869545894,0.15222290330554486,0.10563273976035234,0.3095636134406941,0.21806182958117853,-0.1806831255394232,4.080287223477322,1.4196139411161388

21.44000000000007,79.05000000000003,0.08005218833641047,0.0886736221459165,0.29658230160982574,0.1630725274951918,0.18176238829193853,0.5396638094051992,1.107697664210073,0.8971742115511524

21.44000000000007,79.06000000000003,0.11028348085607803,0.14991738983566866,0.3099230492218673,0.3284533802622827,0.18528727214125068,0.34795908702449413,1.359382099077698,1.7726710328738857

21.44000000000007,79.07000000000004,0.07630840046356882,0.07409526021660583,0.4316599409447723,0.2885839672085576,0.17284474509338915,0.7069916035196133,0.9709974219008911,1.6696137732487755

21.44000000000007,79.08000000000004,0.056128259084304334,0.13149076948828667,0.1565637953674992,0.12465505490543533,0.20819672448876927,0.08704262639636018,2.342683906452895,0.5987368684673321

21.44000000000007,79.09000000000005,0.06537874216269952,0.09155028420041662,0.3999693766716803,0.14324278663182433,0.08872609159437994,0.6274806827895585,1.4003065986273757,1.6144381421107674

21.44000000000007,79.10000000000005,0.027767767980907312,0.08916176023667219,0.5,0.17389857299101638,0.07362366670148593,0.6973267231881398,3.2109804423920707,2.3619928284732845

21.44000000000007,79.11000000000006,0.08329545979065978,0.11644121229270862,0.24852351124776148,0.26535789796275394,0.14242329297673537,0.3619042893722744,1.3979298805188014,1.8631636176238628

21.44000000000007,79.12000000000006,0.09150999186970098,0.10894544474735783,0.15810577805068723,0.12766905635077405,0.03450189482141257,0.184085782382273,1.1905305901833076,3.7003491153623584

21.44000000000007,79.13000000000007,0.051357290015006246,0.10665891037067504,0.247402563362673,0.194128296605431,0.20391229020889853,0.39751191076565445,2.076801757488175,0.9520186169816142

21.44000000000007,79.14000000000007,0.05069873556721355,0.09545113688224585,0.29040049673714863,0.24882930774917067,0.20323575977476996,0.5052443551312709,1.8827123719373797,1.224338216377347

21.44000000000007,79.15000000000008,0.07265634688955999,0.09050427673132456,0.3462787875007025,0.21206838458174587,0.12035247224577147,0.5855870606167716,1.2456485975592628,1.7620608903859947

21.44000000000007,79.16000000000008,0.05145840791878061,0.18737487971481526,0.23166052701620676,0.2345221260998856,0.12330147016697221,0.10568473828095844,3.6412879241508915,1.9020221380337035

21.44000000000007,79.17000000000009,0.062456021561223735,0.13903026580784453,0.4472198534147461,0.14149381020558294,0.13804262624246402,0.5256964177048071,2.2260506210590494,1.0250008562902666

21.44000000000007,79.18000000000009,0.1273116536749938,0.120393075799418,0.18114676849920625,0.257439806137803,0.1440810325219785,0.20147815895094168,0.9456563655374122,1.7867709680651775

21.44000000000007,79.1900000000001,0.056789228977618386,0.09577196632813295,0.11957948478273285,0.17257516752667593,0.1476586959597117,0.11055192951213631,1.6864459666679703,1.168743678034975

21.44000000000007,79.2000000000001,0.05332979543936156,0.13140628802386412,0.40507104242874503,0.19247662279213967,0.16903160534391248,0.510114293409168,2.4640313486084153,1.138701974028204

21.44000000000007,79.21000000000011,0.04453374583094339,0.11165979105565532,0.06783789687939382,0.23154122095341442,0.13230868234957333,-0.24413625966984454,2.507307407483787,1.7500077596318102

21.44000000000007,79.22000000000011,0.0861657591449962,0.09180819011095857,0.27578702311274267,0.2218154755071546,0.18791966517388684,0.5004930051680893,1.0654834462714962,1.180373938958787

21.44000000000007,79.23000000000012,0.05828327480345495,0.07843742698936046,0.5,0.2159786013310866,0.1628773888562622,0.7287954638964157,1.3457964934072502,1.3260195458381503

21.44000000000007,79.24000000000012,0.0441188088503552,0.11331229844153627,0.29679564470402203,0.19374734695394644,0.11005182770636518,0.44740256628636504,2.5683444575541743,1.760510032553412

21.44000000000007,79.25000000000013,0.10311912096818827,0.02,0.18682323493039066,0.19273154121605132,0.20697563339020175,0.8065981315197861,0.19395045063247635,0.9311798590300014

21.44000000000007,79.26000000000013,0.10594809013540697,0.09846403357190246,0.2940602536213367,0.21355285135858715,0.07212715069387243,0.49830348434799426,0.9293610989412304,2.9607831310138146

21.44000000000007,79.27000000000014,0.04522729302783664,0.07032095679558231,0.29561992113806324,0.11684403367829853,0.13525170945892284,0.6156703934064627,1.5548345242952633,0.8639006047268855

21.44000000000007,79.28000000000014,0.01,0.19940283991070556,0.31766499403532866,0.21650723082966936,0.18802587005376997,0.2287169039296579,5.0,1.1514757551852144

21.44000000000007,79.29000000000015,0.09322541069510533,0.09027376283246669,0.36872629821597946,0.23963759153229341,0.10334634475438927,0.6066503230670766,0.9683385899030695,2.318781490239765

21.44000000000007,79.30000000000015,0.042341105227197494,0.041761463218597944,0.199488883163244,0.12277943773082002,0.15479778233835398,0.6537914753068246,0.9863101800456017,0.7931601848347872

21.44000000000007,79.31000000000016,0.0864787679748806,0.08714479383487161,0.4730548055236978,0.29286071561159066,0.16630697984994872,0.6888794852081412,1.007701610173428,1.7609646672660955

21.44000000000007,79.32000000000016,0.01,0.04711515659749606,0.32971142843728063,0.3004729283819827,0.09593380660093427,0.7499371938917487,4.71151561263445,3.132085952960068

21.44000000000007,79.33000000000017,0.0892979201489767,0.1077162966284948,0.3787794046401997,0.12413945968278756,0.13515611402029437,0.5571747237418603,1.2062576186339478,0.9184894112322469

21.44000000000007,79.34000000000017,0.02606484212157393,0.10023789457357546,0.24418506002445553,0.3060333743135032,0.13077480848953554,0.41793720043161514,3.845712693039374,2.340155398537449

21.44000000000007,79.35000000000018,0.08420292357199304,0.12673358524432665,0.4365382136995736,0.20064928879014385,0.1108331074083813,0.5500091234482367,1.5050972070519668,1.810373211587256

21.44000000000007,79.36000000000018,0.06258819203509026,0.05660472833221325,0.28309475911871423,0.23969601914098693,0.2533237426025346,0.6667364511480041,0.9043994785795648,0.9462043177786535

21.44000000000007,79.37000000000019,0.03342181741809784,0.08942032384912166,0.3374552513493744,0.17533442635101568,0.09990468232772198,0.5810473633372262,2.6755075124415586,1.7550171032059967

21.44000000000007,79.3800000000002,0.04970891061219371,0.03327912818293027,0.2172893922813107,0.27441313790586613,0.18812651470338984,0.7343710362499576,0.6694801335641988,1.4586627418928908

21.44000000000007,79.3900000000002,0.08238955370869808,0.15048772866007942,0.2118068373598094,0.2855118975832792,0.11805994915593848,0.16925207947899099,1.8265389446033395,2.418363715914589

21.44000000000007,79.4000000000002,0.06485683359345402,0.10827484721760039,0.3812205306453108,0.15220927203816023,0.0831881905557314,0.5576062527160193,1.669443928289218,1.8296980717860283

21.44000000000007,79.41000000000021,0.07909238941417146,0.10717220084109824,0.2689393169792844,0.12733586000242214,0.14248071215774882,0.430104127181848,1.355025451872276,0.893705947876443

21.44000000000007,79.42000000000021,0.12073321753546143,0.11339218963055485,0.22881769124958573,0.12765459544241586,0.16961466921937035,0.3372944734629955,0.9391962862526213,0.7526153012275892

21.44000000000007,79.43000000000022,0.014392751648665275,0.10357091563154686,0.25078166579732086,0.22145592435028497,0.18300547875327916,0.41543580557711085,5.0,1.2101054336620853

21.44000000000007,79.44000000000023,0.10971637724905547,0.15097356433233897,0.3858953071717665,0.24807299882457337,0.2149132555327486,0.43757750777672594,1.3760348999860472,1.1542936153202634

21.44000000000007,79.45000000000023,0.06421067812569307,0.07521622971831447,0.25399621387966376,0.25326759751455263,0.28388231449675,0.5430535436423638,1.1713975275878286,0.8921570118741456

21.44000000000007,79.46000000000024,0.033996478550302786,0.1195815495529178,0.3060345068398089,0.23896958805297014,0.1489657101877748,0.4380778272872263,3.517468699713485,1.6041919149804618

21.44000000000007,79.47000000000024,0.020930591227826877,0.042814948032738456,0.3202027750287355,0.12611024810348592,0.10310539130872544,0.7641164860499446,2.0455680091472948,1.2231198231289937

21.44000000000007,79.48000000000025,0.0550463882766855,0.05134956153606146,0.1278651113989963,0.15905476413832642,0.1587237163397393,0.42694913629068176,0.9328416096015882,1.0020856851516124

21.44000000000007,79.49000000000025,0.08824950335773023,0.11675629124084506,0.17338735946267486,0.3445972856727911,0.12258935247967007,0.19518286223047265,1.323024908539786,2.810988706778914

21.45000000000007,79.0,0.06257352638867342,0.1803845444284981,0.3106277889247605,0.22449120057359145,0.19089830649261064,0.2652545274785053,2.882761361726192,1.1759727185672224

21.45000000000007,79.01,0.1116146479074198,0.08416876702993617,0.20419706388473494,0.23073923414770175,0.07956178518171297,0.41623619702950215,0.754101442172186,2.9001264027786524

21.45000000000007,79.02000000000001,0.02262472929845255,0.11024434047576823,0.384472491128047,0.17412535937970738,0.26265672712002086,0.5543133628743361,4.872736311414559,0.6629388907059935

21.45000000000007,79.03000000000002,0.06567733156461762,0.10111996728577106,0.37638071042506005,0.29239297581855667,0.18686240473877452,0.5764614710103879,1.5396479230024425,1.5647501490245415

21.45000000000007,79.04000000000002,0.028348196667605623,0.07248973316622587,0.3525168666355498,0.1877620806824625,0.05967979911019056,0.6588771410468489,2.5571197265380268,3.1461580495800563

21.45000000000007,79.05000000000003,0.07670895647874817,0.10549885822835156,0.46347717873126626,0.29276988996430126,0.10824855488425009,0.6291623850327556,1.3753134305776686,2.7046078352445315

21.45000000000007,79.06000000000003,0.09228662170291808,0.04371860245070867,0.27409106722568866,0.3280188473213695,0.18432405220569553,0.7248755676221686,0.4737263277885668,1.7795770178563606

21.45000000000007,79.07000000000004,0.05293714618956741,0.14457758306666763,0.34818819259039135,0.18420058373975454,0.20215720280857122,0.4131995758246548,2.7311178104657343,0.9111749721975633

21.45000000000007,79.08000000000004,0.01,0.06654310807482,0.22575990234040477,0.2097335180856609,0.07954811863840025,0.5446977572517744,5.0,2.636561636050562

21.45000000000007,79.09000000000005,0.07128844440389373,0.12185613941752399,0.5,0.1797218631971532,0.17863129252164578,0.6080889719539705,1.709339294264841,1.006105148540896

21.45000000000007,79.10000000000005,0.07830215655200412,0.042000056104243205,0.4843633652436108,0.11863967624184636,0.04543300636690206,0.8404142292459656,0.5363844100859543,2.6113102668711865

21.45000000000007,79.11000000000006,0.0772088426488497,0.15518568678840094,0.28808804345178846,0.18921483591803007,0.13815320672644582,0.29982006053323285,2.009947063877123,1.36960147552514

21.45000000000007,79.12000000000006,0.10203346575466332,0.15511311960635132,0.32645862299052897,0.277530255528545,0.19804234210515836,0.35580472895817117,1.5202180804805236,1.4013682752804577

21.45000000000007,79.13000000000007,0.032708389610527175,0.10762808288023383,0.4246297599364908,0.23986816487606732,0.11468421349484893,0.5955791563711238,3.2905344418589277,2.0915534698041567

21.45000000000007,79.14000000000007,0.08512648316351207,0.05230285912800618,0.27488604951859996,0.22719835325148116,0.06673388504309717,0.6802895343954796,0.6144134835935935,3.404542576298394

21.45000000000007,79.15000000000008,0.10037522537433777,0.13244650585909712,0.22483759292004063,0.23445442346747014,0.14921073981887575,0.2585927763110376,1.31951390627719,1.5712972376850383

21.45000000000007,79.16000000000008,0.011122372479802954,0.04439775261062212,0.3787989751006999,0.2815146624004651,0.11148405666822378,0.7901791306835604,3.9917519658749536,2.5251562471012

21.45000000000007,79.17000000000009,0.0739495547775677,0.08142946979615018,0.3001439246083791,0.2203479333192616,0.17301791830328936,0.5731910504300969,1.1011488835999943,1.2735555678438473

21.45000000000007,79.18000000000009,0.04911460506976819,0.13253652403821053,0.3114994449645386,0.26482776796671215,0.09709367838909447,0.4030369910977107,2.6985155144806403,2.727549023662313

21.45000000000007,79.1900000000001,0.0616743198069489,0.1230480770828271,0.21067286569321642,0.09113574074581936,0.10254815551734238,0.2625690430310706,1.9951266145857112,0.8887116515863206

21.45000000000007,79.2000000000001,0.0744302945061483,0.09160731770161465,0.12323278516367378,0.04,0.03994988395618512,0.14720467466527343,1.2307799960534813,1.0012544703194732

21.45000000000007,79.21000000000011,0.049263143076591576,0.05182773696308354,0.31951424098792397,0.23456516194866098,0.14931723555257137,0.7208624929230892,1.052059077458756,1.5709181925550975

21.45000000000007,79.22000000000011,0.04348875762514974,0.11646350848696488,0.38729620414943433,0.11466640423949095,0.1325947530861672,0.5376227769213996,2.678014148461489,0.864788398365173

21.45000000000007,79.23000000000012,0.06466457252463877,0.09123524950791805,0.27511932509241066,0.19922838081008115,0.08104076646299349,0.501929246372606,1.4109000617311003,2.45837236318859

21.45000000000007,79.24000000000012,0.030902621834113887,0.02,0.44224295195590196,0.19265320712827252,0.14996993568835154,0.9134654191651956,0.6471942750566964,1.2846121865395654

21.45000000000007,79.25000000000013,0.030825246133442345,0.12140519305265758,0.22910836745846128,0.32461804216908235,0.19145351503220379,0.30727248959504927,3.9384987270902947,1.6955449574531178

21.45000000000007,79.26000000000013,0.08366119848869294,0.08895068664520908,0.19492955450342417,0.24119975870604704,0.12914160282904927,0.37332245242596757,1.0632251048962504,1.867715385556758

21.45000000000007,79.27000000000014,0.028696178945238102,0.13783804991931958,0.2945769692804035,0.22451013187590155,0.15314834749109535,0.36247334705190315,4.8033590012811365,1.4659650946763165

21.45000000000007,79.28000000000014,0.08302937502727407,0.0457491792462844,0.29394074246488805,0.27118938082435146,0.15322556247925478,0.7306415271176896,0.5509999223305775,1.769870354916013

21.45000000000007,79.29000000000015,0.07679773878561619,0.02,0.38009687313353985,0.23809483107872684,0.07916350864104846,0.9000242121946009,0.2604243339740553,3.0076336289938617

21.45000000000007,79.30000000000015,0.011025798136279697,0.1003633543338038,0.22650371759361954,0.17996261049080364,0.24202929103537618,0.3859072205634493,5.0,0.7435571523041139

21.45000000000007,79.31000000000016,0.04235306042992788,0.10068254706727522,0.44170942368150834,0.286703315117813,0.11547750849388211,0.6287461742484199,2.3772201065878122,2.48276325501711

21.45000000000007,79.32000000000016,0.09838328209141865,0.021213134895738135,0.5,0.13371749104781447,0.17164581009300975,0.918600919580004,0.2156172717887676,0.7790314887235161

21.45000000000007,79.33000000000017,0.03300503406580697,0.049520018165331865,0.3027855973031852,0.23372730312734288,0.1771207638614486,0.7188803355551333,1.500377727729618,1.3195929031686824

21.45000000000007,79.34000000000017,0.04838787213071573,0.1986887097487921,0.4325710420184517,0.10247011441045158,0.13150024364420843,0.3705009412968972,4.106167528950946,0.7792389693951772

21.45000000000007,79.35000000000018,0.07606182679755419,0.0760755754338438,0.20285029293749432,0.22477607002611288,0.16863975125297767,0.4545104338957275,1.0001807547471628,1.3328771432758875

21.45000000000007,79.36000000000018,0.08558171527847509,0.11735835905504449,0.4169221541182124,0.22370927492409812,0.15041096109081528,0.560686357860775,1.371301784920306,1.487320293368079

21.45000000000007,79.37000000000019,0.0544138334186623,0.061913606905260404,0.41502764085596755,0.32725184733401935,0.06705801213862544,0.7403721853251203,1.1378284326177075,4.88013044838693

21.45000000000007,79.3800000000002,0.043914694159247855,0.02,0.3975437280190096,0.10005182745906818,0.12114636493749124,0.9042016502554215,0.45542842406988326,0.825875604506211

21.45000000000007,79.3900000000002,0.10439109585095227,0.08076967012815936,0.31054369111299274,0.16723789769022573,0.10695245488229246,0.5871867502743239,0.773721833192638,1.563665815038228

21.45000000000007,79.4000000000002,0.11376698991392435,0.07677581758855127,0.05,0.2665877698601825,0.11431274793268911,-0.21120603342769295,0.6748514448624721,2.3320913410632778

21.45000000000007,79.41000000000021,0.09084574152345079,0.07122487045326052,0.24972728563481017,0.23217220794780385,0.07201984110816348,0.5561651845608766,0.7840199131015145,3.2237256296739383

21.45000000000007,79.42000000000021,0.06391954427694758,0.08245436657973959,0.2522083982315633,0.22102135359361735,0.1933616858372968,0.5072390760197489,1.28997112516147,1.1430462685626872

21.45000000000007,79.43000000000022,0.036992028350769014,0.09743073086582067,0.21787450619397628,0.14117050079289425,0.21695963273066587,0.3819910395814789,2.633830447970344,0.6506763444934291

21.45000000000007,79.44000000000023,0.036206667803299786,0.10487791853479571,0.3288243004547311,0.19973125876031017,0.18558014879991555,0.516359778813369,2.8966465186717,1.0762533597708577

21.45000000000007,79.45000000000023,0.07667542315796941,0.035939753282100466,0.2756036554479015,0.2946528705756197,0.20002646120735218,0.769279321510464,0.46872585445252174,1.4730694561599456

21.45000000000007,79.46000000000024,0.07343194662665713,0.10576739166247248,0.23593879902352322,0.20359435643721657,0.11908825814958711,0.38094541706027996,1.4403457402018869,1.709608986055705

21.45000000000007,79.47000000000024,0.10280795778838944,0.02,0.21341998517524385,0.23317517873010452,0.104327158250693,0.8286350671608824,0.1945374697716731,2.2350381474619705

21.45000000000007,79.48000000000025,0.08015350277608066,0.02,0.24864870145150342,0.19853681698563772,0.09703064765940915,0.8511066687871875,0.2495212221843942,2.046124823137496

21.45000000000007,79.49000000000025,0.015427590947201893,0.11534721978805737,0.4332499211850196,0.1234840139325075,0.16798324614785576,0.5794829713751922,5.0,0.7350971998142566

21.460000000000072,79.0,0.09787842853168699,0.11476081088541343,0.2114974945372549,0.2861667298252483,0.15583315265720663,0.29650335949875223,1.1724831762190855,1.8363661695987492

21.460000000000072,79.01,0.03625818118056698,0.09200418539703761,0.22700612935667752,0.2557262669172731,0.14043891442007775,0.4231899022498573,2.537473809982532,1.8209074585286216

21.460000000000072,79.02000000000001,0.05456086184142876,0.03830205980979608,0.2337302384976806,0.38159457861570145,0.2088774272097661,0.7184006451879219,0.7020061349271469,1.826882796913211

21.460000000000072,79.03000000000002,0.07346600618755007,0.06562356237303586,0.3141993513809477,0.14880930342445992,0.164187067690766,0.654451798301649,0.8932507113042399,0.9063399780919229

21.460000000000072,79.04000000000002,0.1257100246935181,0.08325013009253862,0.32682494885285945,0.2771801044840316,0.10182711812396952,0.5939761551161109,0.6622393896531248,2.7220656866118103

21.460000000000072,79.05000000000003,0.15,0.029744241257034152,0.05,0.1274919223774077,0.10953455854321394,0.2540090469012797,0.19829494158136438,1.1639424484530598

21.460000000000072,79.06000000000003,0.08380169177408454,0.06383885367906927,0.3851635213827679,0.2300142597371131,0.17749966496270586,0.715641353985892,0.7617847832355193,1.2958574296794039

21.460000000000072,79.07000000000004,0.05998410143838736,0.1551071775851854,0.42753680342438294,0.34446655348130284,0.19530664263272834,0.4675747706522108,2.5858047983918406,1.7637216464403396

21.460000000000072,79.08000000000004,0.08139516945441544,0.15013221457156706,0.17978134626384104,0.07335054187324323,0.17062401161279686,0.08986939369272794,1.844485556003401,0.42989577572886195

21.460000000000072,79.09000000000005,0.09186966277621395,0.0760826098936563,0.18847017552652495,0.20375472680308462,0.23770443739360236,0.4248209498602888,0.828158148312471,0.8571767904356793

21.460000000000072,79.10000000000005,0.05549997123328306,0.12293953417264215,0.24157466122218174,0.17837531861701358,0.22443035828656915,0.3254609244737197,2.2151278860015537,0.7947913994316746

21.460000000000072,79.11000000000006,0.11885634067736842,0.02,0.2118995980543489,0.16836298911933834,0.16455179174253626,0.827511559233593,0.16827036630264683,1.0231610803755276

21.460000000000072,79.12000000000006,0.07178212277574075,0.1186980496445425,0.3107926873946705,0.24416488565815153,0.1003909670259229,0.4472614218170283,1.6535878975050111,2.432139988769004

21.460000000000072,79.13000000000007,0.07969229267274047,0.059982063410898706,0.09464747136412385,0.2953479994495782,0.07664062441340955,0.2241836139599271,0.7526708207774914,3.853674227274886

21.460000000000072,79.14000000000007,0.08461772756163241,0.10425382466831665,0.17840723919633678,0.20727048993395553,0.1225909127492621,0.262340392723113,1.2320565388520555,1.69074921718558

21.460000000000072,79.15000000000008,0.07716759831843217,0.08186990327040938,0.445019720017502,0.23068404992919767,0.1794406723208056,0.6892331915971919,1.0609362601448282,1.285572812546207

21.460000000000072,79.16000000000008,0.08956821501408681,0.14441656039135103,0.1991780032652099,0.22400161271414343,0.23293235396559456,0.15937808292175926,1.6123639419117775,0.9616595067384405

21.460000000000072,79.17000000000009,0.04576240440359068,0.05644257406640085,0.41724282781030464,0.21582624544494494,0.16229235172053758,0.7616875087099411,1.2333830505338101,1.329860853107884

21.460000000000072,79.18000000000009,0.047410947381617406,0.11634425190247073,0.3293338195590263,0.13914601536014834,0.19967613971155931,0.4779000387214836,2.4539533184309543,0.6968585004270657

21.460000000000072,79.1900000000001,0.031035373010847415,0.07987970146813606,0.11377322854118724,0.2926911221205981,0.12879462569060726,0.17502202034287423,2.5738276508819116,2.272541422624666

21.460000000000072,79.2000000000001,0.077105036918605,0.08454778087961075,0.3591329195216342,0.23546367577111402,0.1720184562613748,0.6188800602140525,1.0965273365890462,1.3688279778331116

21.460000000000072,79.21000000000011,0.08716809510536155,0.08334584427362883,0.28473326978072866,0.24214170430017576,0.18186784147385582,0.5471308144440004,0.9561508035396692,1.331415725862909

21.460000000000072,79.22000000000011,0.07741318598455464,0.0566930758202326,0.2518532943750404,0.15774432596820442,0.041540286207370686,0.6325150361290693,0.7323439156516505,3.797381770578098

21.460000000000072,79.23000000000012,0.11379477300042413,0.1167088537728492,0.3227957093172153,0.21810548656889783,0.11966805988117149,0.46890720325750856,1.025608211985742,1.8225873019351566

21.460000000000072,79.24000000000012,0.06327211943512656,0.08765407111512408,0.34666334855669456,0.2012706061602404,0.1876450192138904,0.596359403630756,1.3853506372022433,1.072613634490118

21.460000000000072,79.25000000000013,0.08338224966777327,0.09962960993626602,0.3708591821974778,0.1059112714585751,0.1537034167818251,0.5764846617780048,1.1948539433001992,0.6890625700273468

21.460000000000072,79.26000000000013,0.03044897371581841,0.09318020582771125,0.4188252847548165,0.09483759723615709,0.07997424759245009,0.6360187241215027,3.06020841264948,1.1858516956716578

21.460000000000072,79.27000000000014,0.05146700892576574,0.1215397819844861,0.3427135912778524,0.17064764485529468,0.03,0.47640754377619887,2.3615085524717414,5.0

21.460000000000072,79.28000000000014,0.08382613272697104,0.12638034464189132,0.165236591121381,0.24897645365096155,0.12115096273489623,0.13324413537390656,1.5076485146077083,2.055092653207099

21.460000000000072,79.29000000000015,0.08831306332229197,0.047235067126884425,0.25633545423489856,0.16638038270489824,0.13568071535530252,0.6888033334104153,0.5348593435267626,1.2262640430998402

21.460000000000072,79.30000000000015,0.05390099157007212,0.12383090002362723,0.5,0.140483636168644,0.0948838525085791,0.6029985047259212,2.297377027524762,1.4805852872371872

21.460000000000072,79.31000000000016,0.06045202244425552,0.053880505790282744,0.3779491060381914,0.18536640512802827,0.146054246851396,0.7504547888707215,0.8912936825370578,1.269161349273976

21.460000000000072,79.32000000000016,0.016943787599573178,0.14590450618315728,0.5,0.2151912364557861,0.16403933736164092,0.5482164783993799,5.0,1.3118270275025135

21.460000000000072,79.33000000000017,0.05164912397579912,0.11332955138811086,0.446843408219938,0.18612987260258623,0.17207435853630773,0.5953765726315101,2.1942202005554035,1.0816827915423814

21.460000000000072,79.34000000000017,0.08895149490559093,0.02,0.3323802071555948,0.3621865016544523,0.03,0.8864862461727695,0.22484163980316382,5.0

21.460000000000072,79.35000000000018,0.07937615048319427,0.119468920819524,0.33924070697813213,0.3409481327929265,0.07246574510958989,0.47910872759714995,1.5050984450840614,4.7049558630331525

21.460000000000072,79.36000000000018,0.07701997164143351,0.09003820210525816,0.3063419960123363,0.3380810254316568,0.12276886758225904,0.5456977792526794,1.1690240864736827,2.7538009579647844

21.460000000000072,79.37000000000019,0.06337321061542596,0.05746938968258074,0.1371195384153714,0.2915006254991296,0.1664286565518689,0.40932518345423974,0.9068404304248365,1.7515050073911427

21.460000000000072,79.3800000000002,0.06197189475884239,0.14167409322795585,0.31360472524684424,0.13948253914660927,0.1621017006774974,0.3776381087903412,2.286102329945802,0.8604631442952257

21.460000000000072,79.3900000000002,0.04183036581579362,0.06131283437449879,0.433767455254242,0.12353447695088582,0.16105349739382932,0.7523115514936266,1.465749415100127,0.7670400138663177

21.460000000000072,79.4000000000002,0.08248485260607301,0.055024922835273465,0.25363600051790236,0.13131907959260844,0.11810910290154886,0.6434603883790893,0.6670912419683841,1.1118455415827377

21.460000000000072,79.41000000000021,0.07402918833167861,0.0901277976001991,0.3556952999062042,0.3019154293336409,0.12071832813449732,0.595679101715054,1.217462996820205,2.5009908085138925

21.460000000000072,79.42000000000021,0.07604056543978083,0.11434358985193194,0.4005591045893434,0.16989657477821773,0.10050353657890823,0.5558633073233374,1.503718298782415,1.6904536933959697

21.460000000000072,79.43000000000022,0.045378954719969375,0.0810740565595901,0.22533195606877654,0.12030506724324186,0.17514970640528757,0.4708063599165502,1.7866003499030085,0.6868699334052837

21.460000000000072,79.44000000000023,0.01,0.13321482182676517,0.2720697135656581,0.17743026598460487,0.09053556061301615,0.34261088094610714,5.0,1.9597853549174078

21.460000000000072,79.45000000000023,0.09383458135260753,0.10761902647855863,0.21630885095230912,0.19059761277996773,0.17888181975947348,0.3355371118479706,1.1469015453850895,1.06549459821964

21.460000000000072,79.46000000000024,0.04643487631974448,0.02,0.2367834393310848,0.22578892915861085,0.14659266190687723,0.8442267141969054,0.43071074033257983,1.5402471451675952

21.460000000000072,79.47000000000024,0.034796727078702926,0.0648413214597145,0.19113947163471984,0.22426657144983436,0.13376777607723714,0.49338916642497294,1.8634316131719462,1.6765365909401813

21.460000000000072,79.48000000000025,0.08136436735741628,0.06336631602592677,0.23075515386222373,0.14842736052884561,0.10300448001117138,0.5691146513141006,0.7787968862302141,1.4409796580561343

21.460000000000072,79.49000000000025,0.04867962080242253,0.10483443813717153,0.4636455680798108,0.25409594747595077,0.06788290694178829,0.6311763403382871,2.15355904983957,3.7431506479168744

21.470000000000073,79.0,0.09803809152139809,0.02,0.18665229709097517,0.17585645263748745,0.11197736218109683,0.8064381541181975,0.2040023389810124,1.5704643247090864

21.470000000000073,79.01,0.08463017848730028,0.19614038834870795,0.29174592190607385,0.2093606564306454,0.1276796565687547,0.1959586311980005,2.317617564121991,1.639733861235228

21.470000000000073,79.02000000000001,0.08650707969601362,0.11524104379576736,0.22971312463290974,0.26807418493523305,0.03,0.33184721705320097,1.3321573687091197,5.0

21.470000000000073,79.03000000000002,0.024901328663983202,0.09977507215670649,0.39878659370369973,0.17477250172389416,0.13395224223326563,0.5997483199415086,4.0068171904552825,1.304737409987285

21.470000000000073,79.04000000000002,0.10211831956159118,0.183173521253794,0.4129162296603679,0.21545448041918192,0.189857868401299,0.38541630352761375,1.7937381055701935,1.1348198635112547

21.470000000000073,79.05000000000003,0.07347751593701479,0.18720616211250365,0.3691069982139014,0.26051676347851693,0.17182089527169228,0.32697561201315767,2.5478019972558315,1.516211185577592

21.470000000000073,79.06000000000003,0.05444168582261295,0.12810986578353473,0.3142134553102827,0.15875867763764623,0.11846970621292319,0.42074107470630295,2.3531575779199536,1.34007825779786

21.470000000000073,79.07000000000004,0.06970165402026651,0.1310525238588633,0.2613940463159178,0.1915645583477125,0.14544681492075986,0.33212552314011223,1.8801924504221823,1.3170763369439897

21.470000000000073,79.08000000000004,0.011992943013049326,0.09814760097857367,0.16621252958088312,0.25710195246299977,0.1151117715288984,0.25747047572006715,5.0,2.2334983540332836

21.470000000000073,79.09000000000005,0.07741958434441898,0.08707896986532036,0.4806528881122283,0.3616864709005154,0.1501780366667831,0.6932390927992421,1.1247666916610235,2.4083845992885857

21.470000000000073,79.10000000000005,0.03415885475453666,0.07352818223980215,0.21123269822475366,0.2599783153333892,0.21956539118719975,0.4835794710001735,2.152536510750062,1.1840587162178389

21.470000000000073,79.11000000000006,0.02433989142469271,0.059335520331416425,0.3544646347032936,0.25038478340929765,0.19080494013124188,0.7132165387318421,2.437789021007789,1.3122552440510673

21.470000000000073,79.12000000000006,0.019129224413461945,0.08413526681562357,0.39495655726234963,0.30498733302850534,0.16823971528463566,0.6487718528280751,4.398258107975807,1.812814128526266

21.470000000000073,79.13000000000007,0.09806065124969637,0.0379977614262786,0.23437195030947747,0.14157668081530306,0.11737575438081199,0.720983943330733,0.38749244374049585,1.2061833505696213

21.470000000000073,79.14000000000007,0.04568209818921489,0.0888051419725969,0.39460125273160707,0.22449177170758994,0.17933691964723977,0.6325859857167755,1.9439812376911536,1.2517878193959844

21.470000000000073,79.15000000000008,0.11045183129749347,0.024273296910942266,0.3681213203338969,0.21401634581644813,0.05731615243134508,0.8762811930235489,0.21976364360666553,3.7339621793246986

21.470000000000073,79.16000000000008,0.0482459561084295,0.09911666096574608,0.4653963835381883,0.238310917826089,0.1288623259004531,0.6488419108710344,2.0544034931663036,1.8493451517028419

21.470000000000073,79.17000000000009,0.012979261272209972,0.11680080838179506,0.24656535335734114,0.26838667640796826,0.17048557099119505,0.3571178568713104,5.0,1.5742486281399413

21.470000000000073,79.18000000000009,0.030584266801538536,0.12609663551610448,0.16581359827204117,0.29013477290303236,0.17814106070238506,0.13605882269669062,4.122924898675966,1.62867994383891

21.470000000000073,79.1900000000001,0.10103434860020641,0.07005473719919768,0.24475102445556204,0.19309729635705147,0.1744342245107844,0.5549335764459624,0.6933754520164939,1.1069920297344744

21.470000000000073,79.2000000000001,0.05916305466189817,0.2,0.3170853542534468,0.21870262421602096,0.155501534460482,0.2264333214384847,3.3804880563537565,1.4064338646829044

21.470000000000073,79.21000000000011,0.0472713811052801,0.1449846360072097,0.3029212727085197,0.12835200037600586,0.13079375104580304,0.35261119264735097,3.0670700180644452,0.9813312887778924

21.470000000000073,79.22000000000011,0.06840054677558169,0.04061829999660819,0.2586562103725595,0.19160649053979117,0.16729879849132154,0.7285548977563672,0.5938300474481808,1.1452950777479796

21.470000000000073,79.23000000000012,0.07853348208502436,0.09953472349707294,0.10798025410229067,0.31105834837236007,0.09257694797068197,0.04069841463421091,1.2674176762284626,3.359997870472775

21.470000000000073,79.24000000000012,0.09688196447707177,0.06571975428250397,0.3468482996129261,0.23571658377397275,0.09780613683533441,0.6814113274352941,0.678348695439825,2.4100387885661956

21.470000000000073,79.25000000000013,0.10669497689678566,0.04928081093170027,0.4979344479082359,0.2116355273831793,0.14294673382301165,0.8198850994134669,0.4618850138857514,1.4805202020016919

21.470000000000073,79.26000000000013,0.052326940626325244,0.036077117155039334,0.34802512381231676,0.3455286293377988,0.1483398821354341,0.8121483639106761,0.6894558836092866,2.329303651390267

21.470000000000073,79.27000000000014,0.02321856941753661,0.10678866763036679,0.36341355190536817,0.11724155151891882,0.0482192410717643,0.5457755696555587,4.599278502050311,2.4314267224008463

21.470000000000073,79.28000000000014,0.050476045166299416,0.06206479059721359,0.3606445306155275,0.13453811111875885,0.16207731904747247,0.706347660115614,1.229589011377075,0.8300859850497898

21.470000000000073,79.29000000000015,0.07056841519748422,0.1278530409610046,0.34400466698825777,0.3317897987893332,0.1777764188959661,0.4580864577180685,1.811760125575083,1.8663318828402196

21.470000000000073,79.30000000000015,0.03372723221367925,0.12871128858121395,0.3983665966868277,0.2148172655234193,0.13509573812668157,0.5116042914935087,3.8162422396281417,1.5901113413583063

21.470000000000073,79.31000000000016,0.033805472553146226,0.14373657540845425,0.34563736811858525,0.19431918745970822,0.25750331416419586,0.4125695602298008,4.2518729698955084,0.7546279084405828

21.470000000000073,79.32000000000016,0.07271363644649402,0.05450452935703204,0.27573228303469155,0.12705569724329857,0.10445324468423686,0.6699063984067612,0.749577822616273,1.2163882271512994

21.470000000000073,79.33000000000017,0.06082042945288385,0.1074346244276765,0.2283011089991442,0.2420387386476443,0.1203656418306526,0.36000482671830975,1.7664233090340349,2.010862358770889

21.470000000000073,79.34000000000017,0.06314390986234492,0.14759961926539444,0.2839026344719525,0.2982146290402988,0.11848665469363551,0.3158801929640371,2.3375115565921347,2.516862591485006

21.470000000000073,79.35000000000018,0.039285139958995186,0.06909287299583732,0.3411129496450871,0.1334853947415504,0.134250619435445,0.6631307055362077,1.7587533833932965,0.9943000278394055

21.470000000000073,79.36000000000018,0.05500797857382419,0.05700912170428081,0.27899170388772365,0.199980709011463,0.12144375935168124,0.660660823455605,1.0363791413300718,1.6466939916416967

21.470000000000073,79.37000000000019,0.034073005671948015,0.15208082663103464,0.34293386831316447,0.18601389175767824,0.06735947276975213,0.38555025455373365,4.463381588607641,2.761510502277224

21.470000000000073,79.3800000000002,0.08838595233374069,0.12560578553806112,0.35631501337006366,0.272542080299168,0.11019258518817185,0.4787285137035826,1.421105753566695,2.47332503894364

21.470000000000073,79.3900000000002,0.0926174800417096,0.11277871002846505,0.3966179431270406,0.13055248304454747,0.13245896521129172,0.5572067097115497,1.2176827727973998,0.9856069971385943

21.470000000000073,79.4000000000002,0.01,0.054276959526878346,0.44247949688392085,0.2962363218159134,0.19858860410309528,0.7814745682094687,5.0,1.4917085650743305

21.470000000000073,79.41000000000021,0.0334346741942246,0.0382086213391076,0.32290074184790907,0.27240766471182454,0.247092163668641,0.7883819957405055,1.1427843143579728,1.1024536778385539

21.470000000000073,79.42000000000021,0.016304122347294468,0.0832286117264041,0.18522234348525765,0.21909325306643393,0.203573694892528,0.379934322231942,5.0,1.0762355768729135

21.470000000000073,79.43000000000022,0.04157928196778983,0.10615688785571388,0.2823895903181052,0.23106082822236712,0.09785104851636484,0.4535691669252383,2.5531197889044432,2.36135260162888

21.470000000000073,79.44000000000023,0.058456860906285886,0.04387119972730112,0.3222062567406846,0.19785044948055863,0.10164951946868678,0.7603173919060835,0.7504884622967292,1.9463982743850237

21.470000000000073,79.45000000000023,0.01735064340904075,0.08586620765397966,0.1351231243823161,0.15261840128953638,0.12829357112452744,0.22289273537401844,4.948877406722009,1.1896028759105777

21.470000000000073,79.46000000000024,0.0330642056062372,0.026000000000000002,0.4584664520102738,0.21091192886824675,0.22530794444267419,0.8926654263190058,0.7863488459695672,0.9361051573052686

21.470000000000073,79.47000000000024,0.030481278837551577,0.041098103101199907,0.33473779125107267,0.18758107426276865,0.1276287973909001,0.7812976154867028,1.3483063878454546,1.4697394157940187

21.470000000000073,79.48000000000025,0.06669801988196479,0.14632338491039062,0.359535283458055,0.3829209431393882,0.06934462547312316,0.4214851140006986,2.193819021163696,5.0

21.470000000000073,79.49000000000025,0.06244033011108392,0.10969162081111038,0.45885264625265354,0.2721632815831216,0.11048114315234284,0.6141316439322578,1.7567431248407903,2.4634365066397894

21.480000000000075,79.0,0.044507873399881805,0.07856492938452445,0.21578571698576982,0.28582582951356217,0.18209280009096995,0.4661813698958314,1.7651917111864057,1.5696712292512505

21.480000000000075,79.01,0.07134462616418127,0.06935425592799717,0.33710419308840794,0.2951937514923668,0.17855701384480335,0.6587387658996117,0.9721020286964014,1.6532184593074508

21.480000000000075,79.02000000000001,0.049519597462381326,0.052783857938958484,0.26961358768981186,0.14158710937481178,0.1338691666754161,0.672554117979179,1.065918556233521,1.057652876949205

21.480000000000075,79.03000000000002,0.057650346690217624,0.07876927016234626,0.26309131329841395,0.2165956226795815,0.17787073367800035,0.5391731366517937,1.3663277768124753,1.2177136624955598

21.480000000000075,79.04000000000002,0.11588356270895527,0.1193007396658104,0.2051807612195684,0.2871341921729345,0.03,0.2646684673639616,1.0294880203371781,5.0

21.480000000000075,79.05000000000003,0.10577383155370952,0.16961077594990312,0.44986032136865955,0.15698577113314507,0.1485314617516335,0.45240132523793625,1.60352303871517,1.0569193164607542

21.480000000000075,79.06000000000003,0.026452562892171107,0.09528834975493572,0.2466499959924502,0.3157904693773513,0.18619427106843003,0.4426577132272561,3.6022350568879555,1.696026775666419

21.480000000000075,79.07000000000004,0.09021197253637421,0.04684030296060711,0.355046424689578,0.3808826457683911,0.10133683624227169,0.7668979850475516,0.5192249054281374,3.758580389089072

21.480000000000075,79.08000000000004,0.08954189663474668,0.1035137455146517,0.09849926125281455,0.2923271652192785,0.10098307317518396,-0.024822581177295074,1.1560369982031355,2.8948135141685802

21.480000000000075,79.09000000000005,0.030632101337420302,0.05967860117496429,0.4048988529689873,0.31668203948933626,0.04929759236182449,0.7430843848327311,1.948237253551944,5.0

21.480000000000075,79.10000000000005,0.0895233293126446,0.0717098944455501,0.39302111559571495,0.23268371253094822,0.22193477974053288,0.6913918248160271,0.8010190742014732,1.0484328445417108

21.480000000000075,79.11000000000006,0.11097795755237531,0.1452710436174796,0.29844341102973987,0.2848552364135461,0.10625230114891974,0.34520481758819715,1.309008083141367,2.6809323945484165

21.480000000000075,79.12000000000006,0.03104365581266625,0.16271400228541735,0.2669057533862176,0.199860329994257,0.15413216389310358,0.24252085641095034,5.0,1.2966815284783744

21.480000000000075,79.13000000000007,0.03707491536957069,0.09821897249005598,0.33050000056136714,0.27221046686388234,0.1720958520741666,0.5418025387676736,2.649202870622035,1.5817375225778043

21.480000000000075,79.14000000000007,0.09500984400530361,0.0408432399554889,0.5,0.2620071693842498,0.21732339745707047,0.848964590918069,0.4298842960969448,1.205609576923005

21.480000000000075,79.15000000000008,0.07250485932476791,0.09999586269882407,0.11597633010966288,0.2361937821826326,0.13384511130071594,0.07399317104498794,1.3791608382136267,1.76467993272834

21.480000000000075,79.16000000000008,0.08078428825718412,0.13386629163149869,0.3714027387574247,0.30772051938029094,0.11438851031107669,0.4701187541537505,1.6570832565809688,2.6901348594753025

21.480000000000075,79.17000000000009,0.07433767649201325,0.07615465336937612,0.20293826978462207,0.17758506135067867,0.1498333824285252,0.4542702657489531,1.0244422056305977,1.185216927989129

21.480000000000075,79.18000000000009,0.07572087762784262,0.18855793267930587,0.2930081603700397,0.2422871686162072,0.2052040138271118,0.2168969725581182,2.4901709850356504,1.180713593167175

21.480000000000075,79.1900000000001,0.02408583615066575,0.14252981158072564,0.2711119880921469,0.22138234289507636,0.13231137342995816,0.3108539238104677,5.0,1.6731920846166002

21.480000000000075,79.2000000000001,0.09517953119864163,0.1571893132857362,0.25396817422023815,0.14232723202373737,0.09289654592079342,0.23538148726905414,1.6515033341835712,1.532104670413469

21.480000000000075,79.21000000000011,0.09872769977283131,0.1026697250612513,0.2966534870947412,0.22998523606601262,0.06342210958422903,0.48578133221349906,1.0399282591764785,3.626262784557013

21.480000000000075,79.22000000000011,0.05663827767795722,0.11377566799223757,0.18518288547223558,0.09347487109322582,0.0792151307697358,0.2388532344320377,2.008812281303465,1.1800128342518206

21.480000000000075,79.23000000000012,0.06209569150558211,0.14666749153324057,0.4024180436128118,0.28678681740996964,0.1833195748703302,0.4657754314452411,2.361959223593797,1.5644091333747927

21.480000000000075,79.24000000000012,0.017346774923326265,0.10781575748275592,0.1209856488801555,0.21646461565961242,0.1238887761846563,0.057560360318564825,5.0,1.7472496068751766

21.480000000000075,79.25000000000013,0.07858764268053292,0.06969063568838829,0.35527645128285024,0.1764374967267312,0.10936395450396127,0.6720186675223353,0.8867887268614129,1.6133057492814955

21.480000000000075,79.26000000000013,0.08020172325142214,0.09310377250054694,0.2695464147465593,0.1850326165672032,0.10376163884079957,0.48653674643529804,1.160869973985366,1.7832468574708251

21.480000000000075,79.27000000000014,0.06105426949001841,0.09892219815094618,0.18600751061927157,0.19587946792665123,0.1436322930100057,0.3056378810536453,1.620233913454575,1.363756462320282

21.480000000000075,79.28000000000014,0.09653060079611275,0.048850806058792114,0.32423833705988697,0.3122138157048758,0.12722724531171734,0.7381279675556833,0.5060654922408063,2.453985502040285

21.480000000000075,79.29000000000015,0.05265768307059941,0.08328964338542873,0.14920489132937004,0.2500417285116233,0.1253633928140338,0.28351310707775684,1.5817187230890588,1.9945354277630785

21.480000000000075,79.30000000000015,0.07949817777680557,0.1327018847292065,0.3097713821719818,0.16201234369050163,0.2063061963905333,0.40018123273942285,1.6692443559504988,0.7853004245460743

21.480000000000075,79.31000000000016,0.03185006983923404,0.02,0.16441230921886335,0.15187722291605932,0.21556081409307792,0.7830947389155197,0.627942106191839,0.7045678663099816

21.480000000000075,79.32000000000016,0.061613435473770295,0.19481706929330983,0.3537272084318024,0.3081394913308427,0.057978916354546314,0.2896942791355788,3.161925113882891,5.0

21.480000000000075,79.33000000000017,0.0569693722629123,0.13319496874812245,0.21606426663698214,0.15993568167694133,0.15467963655714395,0.23727160077458836,2.3380101135682136,1.033980200195632

21.480000000000075,79.34000000000017,0.06883923766122556,0.06972941536677693,0.2643005982970892,0.21439368418555854,0.09927689506892635,0.5824961078732863,1.0129312530832928,2.1595526715531665

21.480000000000075,79.35000000000018,0.0508741921349965,0.10967563311486826,0.3396949387943368,0.21856282497669252,0.12552744430694118,0.511869979938866,2.15582062921526,1.7411556971409738

21.480000000000075,79.36000000000018,0.05789582212984716,0.11425168179912351,0.23394578881579747,0.27773321906503756,0.1532239192563305,0.3437535223070901,1.9734011436186685,1.8125970163911154

21.480000000000075,79.37000000000019,0.0865014151432423,0.13677961473754302,0.3063036000331913,0.26937893011272385,0.12694400415344972,0.382600783794316,1.5812413514035375,2.1220295649008833

21.480000000000075,79.3800000000002,0.048497072882850545,0.12670732571079324,0.1616169498755366,0.12059259441928007,0.14892299403137726,0.1210776445432635,2.6126798571039385,0.8097647722076778

21.480000000000075,79.3900000000002,0.013282686977836633,0.04058232239447769,0.376987560359638,0.08990261667811002,0.1708685103015914,0.8056262000166534,3.05527956479476,0.5261508774601731

21.480000000000075,79.4000000000002,0.11384751712615956,0.11053049653856249,0.49129138055510013,0.16867869031400773,0.1517688400270114,0.632680363485708,0.9708643563916483,1.1114184583136097

21.480000000000075,79.41000000000021,0.10268362236071149,0.07863488585426542,0.5,0.3342069885482452,0.10451818479161415,0.7282055133105797,0.7657977384305125,3.197596560778581

21.480000000000075,79.42000000000021,0.02235211914682826,0.08999330282071923,0.3257168146666678,0.3493521870061086,0.10522001965147904,0.5670381880864297,4.026164223040693,3.320206438197308

21.480000000000075,79.43000000000022,0.08169123415735259,0.057373123961202525,0.39632041407974294,0.33568239948960404,0.06451473516909337,0.7470842355555928,0.7023167722066664,5.0

21.480000000000075,79.44000000000023,0.04579075688345641,0.15624548276482844,0.14033743270927584,0.19369130425674347,0.09362398512395913,-0.053637782961162526,3.412162040065812,2.068821400770455

21.480000000000075,79.45000000000023,0.06866461645992843,0.12774247279609802,0.46957343263058404,0.08215194426105356,0.23424341809492136,0.5722783483106435,1.8603828171764158,0.3507118573239583

21.480000000000075,79.46000000000024,0.0694667238704014,0.07327989947339904,0.3978228504724363,0.051104715461235094,0.09635982129523263,0.6889005656779997,1.0548921164703604,0.5303529491988399

21.480000000000075,79.47000000000024,0.053487765990506864,0.03239557572358547,0.2727066555049028,0.16331732869153248,0.07611105937780377,0.7876411743530857,0.6056632776319129,2.1457765771761546

21.480000000000075,79.48000000000025,0.03688703003240456,0.09122502318914498,0.44571808002892754,0.23056181506744308,0.15159639309223333,0.6602059969653604,2.4730921101996097,1.520892484394908

21.480000000000075,79.49000000000025,0.039563768430508614,0.10280010584364682,0.2974523923354929,0.29674377807390806,0.12990176203540157,0.48632372646951927,2.598339583459424,2.2843706905576897

21.490000000000077,79.0,0.03859424253556212,0.10372823375784801,0.23359748169854894,0.2809463821679697,0.1343403381575378,0.3849965832770561,2.6876608186701163,2.091303221444776

21.490000000000077,79.01,0.04100533375308599,0.14406531299072872,0.3278334925427542,0.23581835552941177,0.2143922983206035,0.3894228537097752,3.513331058512687,1.0999385578057181

21.490000000000077,79.02000000000001,0.06382465129851861,0.125356788887233,0.17486455001697368,0.15731086603411823,0.17121633377791715,0.16490420465764086,1.9640810586572603,0.9187842215234325

21.490000000000077,79.03000000000002,0.04424720032667666,0.13236276103011507,0.3842624764400008,0.1520454309228557,0.11708035341482503,0.48758693360522887,2.9914380967324092,1.298641713646716

21.490000000000077,79.04000000000002,0.08606156197137774,0.10647421602441622,0.1774010188073221,0.23678893809499835,0.1221762041204097,0.249852026718573,1.2371866540849983,1.938093752428449

21.490000000000077,79.05000000000003,0.1100973846600769,0.037648050791559015,0.17889452101768827,0.2674935685187786,0.11809067430471436,0.6522803760053494,0.34195227137866413,2.2651540425795034

21.490000000000077,79.06000000000003,0.047958402758897734,0.08521205875412247,0.19383102115917392,0.24583168835718847,0.1867769810790114,0.3892551730717557,1.7767910037544765,1.3161776510435066

21.490000000000077,79.07000000000004,0.07242213501606028,0.13526358959634507,0.36165000375162004,0.14567814282753155,0.12745261852734155,0.45558506979942637,1.8677106022844823,1.1429984287218105

21.490000000000077,79.08000000000004,0.08011055330908691,0.0906190828590125,0.2249224638480375,0.2633467340154433,0.053022324877290805,0.4256282012560139,1.1311753446048922,4.966714193091936

21.490000000000077,79.09000000000005,0.07916006812757707,0.11262361474494811,0.15270042156329186,0.2473137676970959,0.14008401606328102,0.15104853431627918,1.422732663912906,1.765467427838652

21.490000000000077,79.10000000000005,0.0671586580374814,0.07957006739015285,0.2278320000064294,0.14225335156668445,0.0654686999436017,0.48230623113139903,1.1848072846730184,2.1728452141549277

21.490000000000077,79.11000000000006,0.0870404725507904,0.05094752605832427,0.286095762931961,0.16199753207897888,0.25135153008774314,0.6976796289530824,0.5853314499190237,0.6445058518560731

21.490000000000077,79.12000000000006,0.07910746858041837,0.08702623743815358,0.17210275163357155,0.2647947182193063,0.09367660430763641,0.3283172387132559,1.1001014049599511,2.8266899712445226

21.490000000000077,79.13000000000007,0.02739012733017966,0.10414189772130406,0.1759318890965762,0.1998844725397841,0.13368676173211136,0.2563252782964709,3.802169156999097,1.4951702756538168

21.490000000000077,79.14000000000007,0.09047468193167672,0.06537249122154005,0.5,0.3272403111145483,0.15451013673505462,0.7687454120071036,0.722550107428419,2.11792130806207

21.490000000000077,79.15000000000008,0.09089872511800073,0.08199155020573097,0.2068434596186228,0.2507790493245165,0.1269870919660362,0.4322603047518051,0.902009901779064,1.9748389009026652

21.490000000000077,79.16000000000008,0.04126141687464096,0.06975991141672581,0.2614957631227113,0.21760298019209662,0.12673847992668796,0.5788152970199975,1.6906814290842187,1.7169448469499937

21.490000000000077,79.17000000000009,0.0651781350634264,0.13582979670256137,0.2579762999200838,0.21438560797263057,0.1621513643080414,0.3101691523672609,2.0839779530663827,1.322132618219269

21.490000000000077,79.18000000000009,0.08441986978433037,0.07910176969647606,0.2534643192229687,0.21923683748463596,0.21719079793981136,0.5242944343501537,0.937004165072263,1.0094204702192289

21.490000000000077,79.1900000000001,0.05752058541261737,0.14881022180504466,0.3586346739969236,0.16351267807307585,0.1790754540908622,0.41349209320338554,2.587077660612522,0.9130937504075838

21.490000000000077,79.2000000000001,0.09586934143297852,0.15166991402163357,0.3922142950472188,0.15031882612756153,0.21444569392867438,0.44227130880151483,1.5820481459076254,0.7009645346735748

21.490000000000077,79.21000000000011,0.1344761748385789,0.08709816141112739,0.26770455684685507,0.2629972925666602,0.08800904459532205,0.5090332911528109,0.6476847028918609,2.9882984581542598

21.490000000000077,79.22000000000011,0.03986041902094857,0.04982205069810307,0.17555217134077983,0.2727691307929418,0.1560281316627651,0.5578726770499856,1.24991286586646,1.7482048122429419

21.490000000000077,79.23000000000012,0.021888661905384733,0.02,0.4275440227849055,0.25556470286870203,0.14774230260291094,0.9106233173618167,0.9137150546287337,1.7298004579135795

21.490000000000077,79.24000000000012,0.07231455786814418,0.030918517078925213,0.2914658908803474,0.31907226660266097,0.15735456458383362,0.8081885081536533,0.42755591609293053,2.02772806269561

21.490000000000077,79.25000000000013,0.08472687515378216,0.03466660700405038,0.47493218148573296,0.1747758734791825,0.20843159853177542,0.863945488763882,0.4091571523228444,0.838528680998841

21.490000000000077,79.26000000000013,0.056034008784654726,0.14457878509845687,0.07824141024350026,0.3295989536249736,0.12840054251039398,-0.2977170661006666,2.580197062039063,2.5669591959986984

21.490000000000077,79.27000000000014,0.10643781989962876,0.09389298348907443,0.323240322128349,0.1490355217012036,0.11898483167229221,0.5498178531796265,0.8821392949367238,1.252558998330317

21.490000000000077,79.28000000000014,0.022561826008300215,0.13606343525277884,0.4964606333876383,0.1690944126770396,0.16577903987092968,0.5697762598228711,5.0,1.019998744755014

21.490000000000077,79.29000000000015,0.08338755869094594,0.02,0.27017358645620215,0.08830287824954648,0.04998986362170403,0.862151477759494,0.23984393223622663,1.7664156626057803

21.490000000000077,79.30000000000015,0.04430417537723075,0.04080134283130586,0.2838506576665548,0.17999432803211668,0.1268773975438874,0.7486456710190084,0.9209367377184324,1.4186476974986117

21.490000000000077,79.31000000000016,0.11394133718621638,0.1240231910578477,0.3368511691590528,0.17563943642193194,0.13183011553572357,0.46179175156297053,1.0884828457498799,1.332316486069567

21.490000000000077,79.32000000000016,0.12201546059504097,0.09983096449529959,0.2523204181115236,0.24741560961781908,0.09234206918464985,0.4330224474602621,0.8181829083513593,2.679337939191572

21.490000000000077,79.33000000000017,0.039120302366496926,0.08229178885257216,0.2778928067947465,0.22737236591342497,0.19103295056782488,0.5430576994453002,2.1035570704763282,1.1902259014403667

21.490000000000077,79.34000000000017,0.04551328592273989,0.11059369434400086,0.27621849058087994,0.12649186402865364,0.08488798413283173,0.42817884919066257,2.4299211067455055,1.4901032834247816

21.490000000000077,79.35000000000018,0.0876676366093913,0.15325191224542847,0.2481579265573834,0.18220916331018586,0.13102634758180604,0.2364317092260742,1.7481013290393803,1.3906299498836363

21.490000000000077,79.36000000000018,0.05014608050631174,0.07879830145851376,0.4346856550200771,0.18339765852385498,0.1522978612661442,0.6930836864561187,1.5713750806796982,1.2042037680551714

21.490000000000077,79.37000000000019,0.060277663462029965,0.09023479210631846,0.35880780322966516,0.08478124271266028,0.2051325780738016,0.5981014136589521,1.4969855627111441,0.41329974725335006

21.490000000000077,79.3800000000002,0.06228165261626936,0.09498387674924778,0.3386628232103523,0.14013372910905675,0.1367521782559529,0.5619296686164416,1.5250699460715478,1.0247275823592512

21.490000000000077,79.3900000000002,0.01,0.18278438541095518,0.39535710068903424,0.1545430458570062,0.183907679706406,0.3676828602549833,5.0,0.8403294849877337

21.490000000000077,79.4000000000002,0.06086486761716982,0.02,0.2889644166796763,0.3085537513874586,0.17194976986385174,0.8705352528394097,0.32859678744291515,1.7944411990334417

21.490000000000077,79.41000000000021,0.04046816677807166,0.11406892059154762,0.2388796181647334,0.22130155011700686,0.14291287780845244,0.35362293318349197,2.818732089724522,1.5485067081132384

21.490000000000077,79.42000000000021,0.046246315328003655,0.08196791004963266,0.25693756953856817,0.25395181277631695,0.08208432958632245,0.5162786380731015,1.7724203385941188,3.093791637779951

21.490000000000077,79.43000000000022,0.10422896010406117,0.1090508690473623,0.3182783041104853,0.10239551519954702,0.06465095695477767,0.48961654891948264,1.0462626589947814,1.5838205629777302

21.490000000000077,79.44000000000023,0.023104793171619002,0.05990509784020606,0.21307882916273468,0.29059501381097114,0.14152527007095433,0.5611089742465594,2.5927562794422867,2.053308313490228

21.490000000000077,79.45000000000023,0.08507615560243593,0.08406139876565694,0.2698738983413578,0.2977771444116781,0.10888515630486426,0.5249900223063092,0.988072369650455,2.7347818035404448

21.490000000000077,79.46000000000024,0.05219111209004231,0.11429642317861466,0.2691883358128823,0.06651585229986756,0.18180305458405943,0.4039063064754327,2.1899595234228713,0.3658676275569736

21.490000000000077,79.47000000000024,0.05204719494512147,0.2,0.5,0.15672782932588186,0.17295282590492364,0.4285714285102041,3.8426662537071063,0.9061883112648307

21.490000000000077,79.48000000000025,0.08403115688154779,0.11780144757607752,0.05,0.24050359011107683,0.12624945027814216,-0.4040575842167992,1.4018782057462957,1.9049872248213424

21.490000000000077,79.49000000000025,0.0704015388370631,0.051377376078774226,0.3055380278594638,0.25060719174766366,0.0774143538029311,0.7121033413101445,0.7297763210077565,3.2372186695751144

